observed_date,generated_at_utc,market,code,ticker,name,target_source,data_status,confidence,free_float_ratio,free_float_shares,shares_outstanding,float_market_cap,current_price,avg_volume_30d,current_volume,avg_turnover_30d,current_turnover,one_day_capacity_at_participation_rate,current_volume_ratio_30d,avg_daily_float_turnover_ratio,current_float_turnover_ratio,short_percent_float,shares_short,shares_short_prior_month,short_interest_change_ratio,days_to_cover,held_percent_insiders,held_percent_institutions,daily_change_pct,free_float_source,free_float_source_tier,liquidity_source,short_source,source_url,source_retrieved_at,short_interest_as_of,price_as_of,context_flags,data_quality_flags
2026-09-09,2026-09-09T07:31:23+00:00,JP,2121,2121.T,"MIXI,Inc.",screening,ok,0.7,0.4159138264835786,27163060.0,65309346.0,93984181900.31691,3460.0,362478.0,276700.0,1539146400.0,957382000.0,153914640.0,0.7633566726808247,0.013344520094569611,0.010186628457913063,,,,,,0.55367,0.124180004,-0.018439716,Yahoo Finance via yfinance,secondary,Yahoo Finance via yfinance,,https://finance.yahoo.com/quote/2121.T,2026-09-09T07:31:16+00:00,,2026-09-09T06:30:00+00:00,NO_EXCEPTION,
2026-09-09,2026-09-09T07:31:23+00:00,JP,215A,215A.T,タイミー,watchlist,ok,0.7,0.6426599969918524,64096207.0,99735797.0,98579969012.47386,1538.0,1822396.0,1195200.0,2802845048.0,1838217600.0,280284504.8,0.6558398942930077,0.02843219724374642,0.018646969234856595,,,,,,0.29632,0.3511,-0.0339196,Yahoo Finance via yfinance,secondary,Yahoo Finance via yfinance,,https://finance.yahoo.com/quote/215A.T,2026-09-09T07:31:16+00:00,,2026-09-09T06:30:00+00:00,HIGH_FLOAT_TURNOVER,
2026-09-09,2026-09-09T07:31:23+00:00,JP,2726,2726.T,パルグループホールディングス,watchlist,ok,0.7,0.5722495922334446,99020070.0,173036506.0,149718355279.82925,1512.0,839758.0,928700.0,1269714096.0,1404194400.0,126971409.60000001,1.1059138466081895,0.008480684774308885,0.009378906720627444,,,,,,0.41304,0.2867,-0.020725389,Yahoo Finance via yfinance,secondary,Yahoo Finance via yfinance,,https://finance.yahoo.com/quote/2726.T,2026-09-09T07:31:16+00:00,,2026-09-09T06:30:00+00:00,NO_EXCEPTION,
2026-09-09,2026-09-09T07:31:23+00:00,JP,3635,3635.T,"KOEI TECMO HOLDINGS CO.,LTD.",screening,ok,0.7,0.37631020327800013,125776962.0,334237448.0,205833996131.90607,1636.5,1166673.0,680800.0,1815423999.9999998,1114129200.0,181542400.0,0.5835396893559721,0.009275728889047265,0.005412755954464857,,,,,,0.6098,0.17809,-0.007881176,Yahoo Finance via yfinance,secondary,Yahoo Finance via yfinance,,https://finance.yahoo.com/quote/3635.T,2026-09-09T07:31:16+00:00,,2026-09-09T06:30:00+00:00,NO_EXCEPTION,
2026-09-09,2026-09-09T07:31:23+00:00,JP,3932,3932.T,Akatsuki Inc.,screening,ok,0.7,0.5529050941984233,7974146.0,14422269.0,26952613990.884308,3380.0,85866.0,87000.0,359575666.6666666,294060000.0,35957566.666666664,1.0132066242750333,0.010768049644438414,0.010910259230267417,,,,,,0.29354,0.15767999,-0.028735632999999997,Yahoo Finance via yfinance,secondary,Yahoo Finance via yfinance,,https://finance.yahoo.com/quote/3932.T,2026-09-09T07:31:16+00:00,,2026-09-09T06:30:00+00:00,NO_EXCEPTION,
2026-09-09,2026-09-09T07:31:23+00:00,JP,4063,4063.T,信越化学工業,watchlist,partial,0.35,,1858411572.0,1815064711.0,,5719.0,7305034.0,7915400.0,41777489446.0,45268172600.0,4177748944.6000004,1.083554162786922,0.003930794507558092,0.00425922875172454,,,,,,0.00942,0.56126,0.00298141,,missing,Yahoo Finance via yfinance,,https://finance.yahoo.com/quote/4063.T,2026-09-09T07:31:16+00:00,,2026-09-09T06:30:00+00:00,NO_EXCEPTION,INVALID_FREE_FLOAT_RATIO
2026-09-09,2026-09-09T07:31:23+00:00,JP,4763,4763.T,"CREEK & RIVER Co.,Ltd.",screening,ok,0.7,0.4166399884846593,8822448.0,21175231.0,12801372519.219828,1451.0,49155.0,46100.0,67152280.0,66891100.0,6715228.0,0.9378496592411759,0.0055715828531944876,0.005225307080302428,,,,,,0.51054,0.13721,-0.0013764626,Yahoo Finance via yfinance,secondary,Yahoo Finance via yfinance,,https://finance.yahoo.com/quote/4763.T,2026-09-09T07:31:16+00:00,,2026-09-09T06:30:00+00:00,NO_EXCEPTION,
2026-09-09,2026-09-09T07:31:23+00:00,JP,5076,5076.T,INFRONEER Holdings Inc.,screening,ok,0.7,0.7245099994376915,183308693.0,253010577.0,513264337073.05005,2800.0,1662068.0,1534700.0,4688413333.333333,4297160000.0,468841333.3333333,0.9233677563132194,0.009067044081755578,0.008372216150163703,,,,,,0.26417,0.3475,0.018737493,Yahoo Finance via yfinance,secondary,Yahoo Finance via yfinance,,https://finance.yahoo.com/quote/5076.T,2026-09-09T07:31:16+00:00,,2026-09-09T06:30:00+00:00,NO_EXCEPTION,
2026-09-09,2026-09-09T07:31:23+00:00,JP,5351,5351.T,"SHINAGAWA REFRA CO.,LTD.",screening,ok,0.7,0.557309997650829,25431794.0,45633120.0,51194200055.79168,2013.0,116384.0,86000.0,233212760.0,173118000.0,23321276.0,0.7389331866923289,0.004576318917965441,0.0033815939213725937,,,,,,0.40639,0.20502001,-0.0039584363,Yahoo Finance via yfinance,secondary,Yahoo Finance via yfinance,,https://finance.yahoo.com/quote/5351.T,2026-09-09T07:31:16+00:00,,2026-09-09T06:30:00+00:00,NO_EXCEPTION,
2026-09-09,2026-09-09T07:31:23+00:00,JP,6701,6701.T,NEC,watchlist,ok,0.7,0.9506786767523828,1260926975.0,1326344017.0,5677954460040.931,4503.0,7130552.0,6846000.0,32108875656.0,30827538000.0,3210887565.6000004,0.9600939730893204,0.005655007896075821,0.0054293389987949145,,,,,,0.049629997,0.55305,-0.016597512000000002,Yahoo Finance via yfinance,secondary,Yahoo Finance via yfinance,,https://finance.yahoo.com/quote/6701.T,2026-09-09T07:31:16+00:00,,2026-09-09T06:30:00+00:00,NO_EXCEPTION,
2026-09-09,2026-09-09T07:31:23+00:00,JP,6750,6750.T,"ELECOM CO.,LTD.",screening,ok,0.7,0.5780000013409716,46551319.0,80538614.0,91240591833.824,1960.0,199676.0,151300.0,411299466.6666666,296548000.0,41129946.666666664,0.7577275185800998,0.004289373626556102,0.003250176434313279,,,,,,0.35237998,0.18563,-0.0085988873,Yahoo Finance via yfinance,secondary,Yahoo Finance via yfinance,,https://finance.yahoo.com/quote/6750.T,2026-09-09T07:31:16+00:00,,2026-09-09T06:30:00+00:00,NO_EXCEPTION,
2026-09-09,2026-09-09T07:31:23+00:00,JP,6927,6927.T,"Helios Techno Holding Co.,Ltd.",screening,ok,0.7,0.6827199948081903,12392506.0,18151667.0,11971161329.887035,966.0,59076.0,104100.0,56401520.0,100560600.0,5640152.0,1.7621369083891936,0.004767074552959668,0.008400238014813146,,,,,,0.10182,0.36661,-0.01629328,Yahoo Finance via yfinance,secondary,Yahoo Finance via yfinance,,https://finance.yahoo.com/quote/6927.T,2026-09-09T07:31:16+00:00,,2026-09-09T06:30:00+00:00,VOLUME_EXPANSION,
2026-09-09,2026-09-09T07:31:23+00:00,JP,6965,6965.T,浜松ホトニクス,watchlist,ok,0.7,0.9695962600852256,279958167.0,288736847.0,628226107763.3052,2244.0,3295700.0,3296200.0,7395550800.0,7396672800.0,739555080.0,1.0001517128379402,0.011772115939021704,0.011773901920139376,,,,,,0.028299998,0.43845,0.0085393256,Yahoo Finance via yfinance,secondary,Yahoo Finance via yfinance,,https://finance.yahoo.com/quote/6965.T,2026-09-09T07:31:16+00:00,,2026-09-09T06:30:00+00:00,NO_EXCEPTION,
2026-09-09,2026-09-09T07:31:23+00:00,JP,8473,8473.T,"SBI Holdings,Inc.",screening,ok,0.7,0.8994958972956602,581426675.0,646391692.0,1870449615709.3477,3217.0,4149768.0,5034700.0,13763044463.333332,16196629900.0,1376304446.3333333,1.2132485478706279,0.007137216399643171,0.008659217432705509,,,,,,0.17643999,0.46049,-0.039414752000000004,Yahoo Finance via yfinance,secondary,Yahoo Finance via yfinance,,https://finance.yahoo.com/quote/8473.T,2026-09-09T07:31:16+00:00,,2026-09-09T06:30:00+00:00,NO_EXCEPTION,
2026-09-09,2026-09-09T07:31:23+00:00,JP,8622,8622.T,"Mito Securities Co.,Ltd.",screening,ok,0.7,0.7781399936125979,46870633.0,60234191.0,43964653662.17948,938.0,345314.0,460800.0,418835760.0,432230400.0,41883576.0,1.3344376422618254,0.007367385031902599,0.009831315911607168,,,,,,0.19357,0.20848,-0.019853709,Yahoo Finance via yfinance,secondary,Yahoo Finance via yfinance,,https://finance.yahoo.com/quote/8622.T,2026-09-09T07:31:16+00:00,,2026-09-09T06:30:00+00:00,NO_EXCEPTION,
2026-09-09,2026-09-09T07:31:23+00:00,JP,8624,8624.T,"Ichiyoshi Securities Co.,Ltd.",screening,ok,0.7,0.717407194113338,23072126.0,32160433.0,39061108482.22062,1693.0,139803.0,111700.0,256449996.66666666,189108100.0,25644999.666666668,0.7989814238607182,0.006059389585511106,0.00484133971875847,,,,,,0.05889,0.28066,-0.017981437,Yahoo Finance via yfinance,secondary,Yahoo Finance via yfinance,,https://finance.yahoo.com/quote/8624.T,2026-09-09T07:31:16+00:00,,2026-09-09T06:30:00+00:00,NO_EXCEPTION,
2026-09-09,2026-09-09T07:31:23+00:00,JP,8707,8707.T,"IwaiCosmo Holdings,Inc.",screening,ok,0.7,0.8149799957213514,19142841.0,23488725.0,87961352896.25179,4595.0,109228.0,101900.0,564985883.3333334,468230500.0,56498588.33333334,0.9329109752078222,0.005705945110237295,0.005323138817273779,,,,,,0.17061001,0.16724001,-0.013948498,Yahoo Finance via yfinance,secondary,Yahoo Finance via yfinance,,https://finance.yahoo.com/quote/8707.T,2026-09-09T07:31:16+00:00,,2026-09-09T06:30:00+00:00,NO_EXCEPTION,
2026-09-09,2026-09-09T07:31:23+00:00,JP,8789,8789.T,FinTech Global Incorporated,screening,ok,0.7,0.8353899981648155,160838511.0,192531047.0,25734161679.802563,160.0,1093574.0,962300.0,261658133.3333333,153968000.0,26165813.333333332,0.879958740789375,0.006799204949118187,0.005983019825394927,,,,,,0.14125,0.03212,-0.018404908,Yahoo Finance via yfinance,secondary,Yahoo Finance via yfinance,,https://finance.yahoo.com/quote/8789.T,2026-09-09T07:31:16+00:00,,2026-09-09T06:30:00+00:00,NO_EXCEPTION,
2026-09-09,2026-09-09T07:31:23+00:00,JP,9433,9433.T,KDDI,watchlist,ok,0.7,0.8086762421485112,2988837250.0,3695962728.0,8896273495337.861,2976.5,8867321.0,7741600.0,26393580956.5,23042872400.0,2639358095.65,0.8730483536121,0.0029668129303460737,0.0025901711443137294,,,,,,0.21152,0.38226002,-0.0046814913,Yahoo Finance via yfinance,secondary,Yahoo Finance via yfinance,,https://finance.yahoo.com/quote/9433.T,2026-09-09T07:31:16+00:00,,2026-09-09T06:30:00+00:00,NO_EXCEPTION,
2026-09-09,2026-09-09T07:31:23+00:00,US,ACNB,ACNB,ACNB Corporation - Common Stock,screening,ok,0.7,0.9558119804419174,9760794.0,10212044.0,637672669.6113538,65.33,76601.0,52564.0,4705340.986,3434006.12,470534.09859999997,0.6862051409250532,0.007847824674918864,0.005385217637007809,0.0343,335284.0,265533.0,0.2626829810230744,4.86,0.03907,0.41342,-0.00940099,Yahoo Finance via yfinance,secondary,Yahoo Finance via yfinance,Yahoo Finance via yfinance,https://finance.yahoo.com/quote/ACNB,2026-09-09T07:31:16+00:00,2026-08-14T00:00:00+00:00,2026-09-08T20:00:01+00:00,SHORT_INTEREST_RISING,
2026-09-09,2026-09-09T07:31:23+00:00,US,ADAM,ADAM,"Adamas Trust, Inc. - Common Stock",screening,ok,0.7,0.9381800041223952,84323418.0,89879786.0,818780401.8582293,9.71,878419.0,558646.0,8193277.285333334,5424452.66,819327.7285333334,0.6359675735611365,0.010417260362951606,0.006625039796180937,0.0388,2887073.0,2989006.0,-0.03410264148014419,3.22,0.0673,0.57699,-0.00410256,Yahoo Finance via yfinance,secondary,Yahoo Finance via yfinance,Yahoo Finance via yfinance,https://finance.yahoo.com/quote/ADAM,2026-09-09T07:31:16+00:00,2026-08-14T00:00:00+00:00,2026-09-08T20:00:01+00:00,NO_EXCEPTION,
2026-09-09,2026-09-09T07:31:23+00:00,US,BUSE,BUSE,First Busey Corporation - Common Stock,screening,ok,0.7,0.9634499968732196,79558768.0,82576956.0,2420177759.633556,30.42,810340.0,568152.0,21573435.078,17283183.84,2157343.5078000003,0.7011279216131501,0.010185426702434608,0.007141287054621057,0.0448,3582081.0,3660435.0,-0.021405652606862335,4.25,0.04281,0.68827003,-0.00782778,Yahoo Finance via yfinance,secondary,Yahoo Finance via yfinance,Yahoo Finance via yfinance,https://finance.yahoo.com/quote/BUSE,2026-09-09T07:31:16+00:00,2026-08-14T00:00:00+00:00,2026-09-08T20:00:02+00:00,NO_EXCEPTION,
2026-09-09,2026-09-09T07:31:23+00:00,US,CARE,CARE,"Carter Bankshares, Inc. - Common Stock",screening,ok,0.7,0.9167191440865542,21234819.0,23163931.0,665923971.3627204,31.36,396656.0,175160.0,11182379.114666667,5493017.6,1118237.9114666667,0.44159170666774233,0.018679509347360106,0.008248716412416795,0.0916,2072878.0,1863874.0,0.11213418932824859,4.94,0.02283,0.67193,-0.0193871,Yahoo Finance via yfinance,secondary,Yahoo Finance via yfinance,Yahoo Finance via yfinance,https://finance.yahoo.com/quote/CARE,2026-09-09T07:31:16+00:00,2026-08-14T00:00:00+00:00,2026-09-08T20:00:01+00:00,NO_EXCEPTION,
2026-09-09,2026-09-09T07:31:23+00:00,US,CMBT,CMBT,CMB.TECH NV Ordinary Shares,screening,ok,0.7,0.3831399989845255,111175645.0,290169769.0,2137907560.6799283,19.23,1052666.0,1448344.0,20093667.375,27851655.12,2009366.7375,1.3758818086648568,0.009468494650964247,0.013027529545702209,0.0095999995,1065148.0,1339920.0,-0.2050659740880053,1.3,0.56571,0.17502001,-0.0133402,Yahoo Finance via yfinance,secondary,Yahoo Finance via yfinance,Yahoo Finance via yfinance,https://finance.yahoo.com/quote/CMBT,2026-09-09T07:31:16+00:00,2026-08-14T00:00:00+00:00,2026-09-08T20:00:03+00:00,SHORT_INTEREST_FALLING,
2026-09-09,2026-09-09T07:31:23+00:00,US,DBRG,DBRG,"DigitalBridge Group, Inc.",screening,ok,0.7,0.908229999665965,170288839.0,187495281.0,2710998366.3603706,15.92,3364773.0,3972945.0,60649588.2,63249284.4,6064958.82,1.180746814123865,0.01975921040838149,0.02333062473929956,0.0722,13494379.0,18132131.0,-0.25577534157457826,4.37,0.0369,0.0101246,-0.000627761,Yahoo Finance via yfinance,secondary,Yahoo Finance via yfinance,Yahoo Finance via yfinance,https://finance.yahoo.com/quote/DBRG,2026-09-09T07:31:16+00:00,2026-08-14T00:00:00+00:00,2026-09-08T20:00:03+00:00,SHORT_INTEREST_FALLING,
2026-09-09,2026-09-09T07:31:23+00:00,US,EXE,EXE,Expand Energy Corporation - Common Stock,screening,ok,0.7,0.9628022120358903,230330065.0,239228849.0,22616110457.895893,98.19,3460647.0,2161423.0,269421475.737,212230124.37,26942147.5737,0.6245719369817262,0.01502472983715782,0.009384024617020795,0.0364,8406229.0,8471551.0,-0.0077107485984562185,2.48,0.0036000002,0.96385,0.0028597600000000003,Yahoo Finance via yfinance,secondary,Yahoo Finance via yfinance,Yahoo Finance via yfinance,https://finance.yahoo.com/quote/EXE,2026-09-09T07:31:16+00:00,2026-08-14T00:00:00+00:00,2026-09-08T20:00:01+00:00,NO_EXCEPTION,
2026-09-09,2026-09-09T07:31:23+00:00,US,FRO,FRO,Frontline Plc Ordinary Shares,screening,ok,0.7,0.9974900020275992,222064106.0,222622889.0,10352628832.010841,46.62,2604465.0,2326606.0,103523220.48599999,108466371.72,10352322.0486,0.8933143659062418,0.011728437553073075,0.010477181755794427,0.0653,9344857.0,7121398.0,0.31222226310058776,5.05,0.35786998,0.39585,0.0108413,Yahoo Finance via yfinance,secondary,Yahoo Finance via yfinance,Yahoo Finance via yfinance,https://finance.yahoo.com/quote/FRO,2026-09-09T07:31:16+00:00,2026-08-14T00:00:00+00:00,2026-09-08T20:00:03+00:00,SHORT_CROWDING|SHORT_INTEREST_RISING,
2026-09-09,2026-09-09T07:31:23+00:00,US,HTGC,HTGC,"Hercules Capital, Inc. Common Stock",screening,ok,0.7,0.9162066209313757,171480896.0,187164000.0,3038641447.8013883,17.72,1504824.0,2192157.0,30174818.59733333,38845022.04,3017481.8597333333,1.456753082088005,0.008775461495139377,0.0127836805797889,0.0585,10731157.0,11552442.0,-0.0710918955490103,6.71,0.01966,0.36435002,0.00510494,Yahoo Finance via yfinance,secondary,Yahoo Finance via yfinance,Yahoo Finance via yfinance,https://finance.yahoo.com/quote/HTGC,2026-09-09T07:31:16+00:00,2026-08-14T00:00:00+00:00,2026-09-08T20:00:02+00:00,SHORT_CROWDING,
2026-09-09,2026-09-09T07:31:23+00:00,US,INSW,INSW,"International Seaways, Inc. Common Stock",screening,ok,0.7,0.8375000007570969,41482473.0,49531311.0,4306295613.492875,103.81,563793.0,827718.0,56186466.973000005,85925405.58,5618646.697300001,1.46812393910531,0.013591113528839035,0.019953439130786635,0.0775,2700802.0,2158671.0,0.2511410956092892,5.28,0.16228001,0.84879,-0.00660289,Yahoo Finance via yfinance,secondary,Yahoo Finance via yfinance,Yahoo Finance via yfinance,https://finance.yahoo.com/quote/INSW,2026-09-09T07:31:16+00:00,2026-08-14T00:00:00+00:00,2026-09-08T20:00:02+00:00,SHORT_CROWDING|SHORT_INTEREST_RISING,
2026-09-09,2026-09-09T07:31:23+00:00,US,LPG,LPG,Dorian LPG Ltd. Common Stock,screening,ok,0.7,0.8576499915935609,36692566.0,42782681.0,1962685431.9367206,53.49,658503.0,671965.0,30721435.902000003,35943407.85,3072143.5902000004,1.0204433389065806,0.017946496301185368,0.018313382607256196,0.0634,1997231.0,2283744.0,-0.1254575819356285,3.29,0.1426,0.74881,-0.0309782,Yahoo Finance via yfinance,secondary,Yahoo Finance via yfinance,Yahoo Finance via yfinance,https://finance.yahoo.com/quote/LPG,2026-09-09T07:31:16+00:00,2026-08-14T00:00:00+00:00,2026-09-08T20:00:03+00:00,NO_EXCEPTION,
2026-09-09,2026-09-09T07:31:23+00:00,US,LTC,LTC,"LTC Properties, Inc. Common Stock",screening,ok,0.7,0.7124968345103825,38407543.0,53905563.0,1613500860.3187187,42.01,560937.0,494447.0,20968165.632,20771718.47,2096816.5632,0.8814661896077456,0.01460486550779882,0.012873695148893019,0.051799998,2328976.0,2647099.0,-0.12017797596538704,3.92,0.02094,0.83848,0.0194127,Yahoo Finance via yfinance,secondary,Yahoo Finance via yfinance,Yahoo Finance via yfinance,https://finance.yahoo.com/quote/LTC,2026-09-09T07:31:16+00:00,2026-08-14T00:00:00+00:00,2026-09-08T20:00:02+00:00,NO_EXCEPTION,
2026-09-09,2026-09-09T07:31:23+00:00,US,MRP,MRP,"Millrose Properties, Inc. Class A Common Stock",screening,ok,0.7,0.9927145255408554,153104491.0,154228116.0,5073719275.827378,30.78,1366860.0,1460686.0,32440815.954,44959915.08,3244081.5954,1.068643460193436,0.008927628386811985,0.009540451690603902,0.050300002,6685006.0,7916362.0,-0.15554569131628893,5.88,0.01128,0.93871003,-0.038725800000000005,Yahoo Finance via yfinance,secondary,Yahoo Finance via yfinance,Yahoo Finance via yfinance,https://finance.yahoo.com/quote/MRP,2026-09-09T07:31:16+00:00,2026-08-14T00:00:00+00:00,2026-09-08T20:00:02+00:00,SHORT_CROWDING,
2026-09-09,2026-09-09T07:31:23+00:00,US,NWFL,NWFL,Norwood Financial Corp. - Common Stock,screening,ok,0.7,0.903001575663493,9844590.0,10902074.0,338653909.0032227,34.4,42142.0,27416.0,1174535.2533333334,943110.3999999999,117453.52533333335,0.650562384319681,0.00428072677480728,0.0027848798172397226,0.0145000005,145110.0,146196.0,-0.007428383813510631,3.81,0.08087,0.41406,-0.00893107,Yahoo Finance via yfinance,secondary,Yahoo Finance via yfinance,Yahoo Finance via yfinance,https://finance.yahoo.com/quote/NWFL,2026-09-09T07:31:16+00:00,2026-08-14T00:00:00+00:00,2026-09-08T20:00:01+00:00,NO_EXCEPTION,
2026-09-09,2026-09-09T07:31:23+00:00,US,STNG,STNG,Scorpio Tankers Inc. Common Shares,screening,ok,0.7,0.77035645922658,38580493.0,50081352.0,3168230145.0629187,82.12,797111.0,668861.0,63947476.324,54926865.32,6394747.6324000005,0.8391064732515295,0.020660985332665395,0.017336766536394443,0.056399997,2653677.0,2233877.0,0.18792440228356355,3.77,0.14608,0.74707,-0.0027928999999999996,Yahoo Finance via yfinance,secondary,Yahoo Finance via yfinance,Yahoo Finance via yfinance,https://finance.yahoo.com/quote/STNG,2026-09-09T07:31:16+00:00,2026-08-14T00:00:00+00:00,2026-09-08T20:00:03+00:00,HIGH_FLOAT_TURNOVER,
2026-09-09,2026-09-09T07:31:23+00:00,US,TRMD,TRMD,TORM plc - Class A Common Stock,screening,ok,0.7,0.6628261272628527,67866624.0,102389784.0,2371259727.917593,34.94,723509.0,1288631.0,22994124.64333333,45024767.14,2299412.464333333,1.7810849623156035,0.010660748352533346,0.018987698577727984,0.0165,1009197.0,655620.0,0.5393017296604741,2.25,0.13854,0.51011,-0.00682211,Yahoo Finance via yfinance,secondary,Yahoo Finance via yfinance,Yahoo Finance via yfinance,https://finance.yahoo.com/quote/TRMD,2026-09-09T07:31:16+00:00,2026-08-14T00:00:00+00:00,2026-09-08T20:00:00+00:00,SHORT_INTEREST_RISING|VOLUME_EXPANSION,
2026-09-09,2026-09-09T07:31:23+00:00,US,WSBC,WSBC,"WesBanco, Inc. - Common Stock",screening,ok,0.7,0.9637600043517661,92430260.0,95905889.0,3745274136.857667,40.52,1331834.0,875263.0,32700924.484,35465656.760000005,3270092.4484,0.65718625594481,0.014409069064611525,0.009469442150222232,0.0669,6322165.0,6938724.0,-0.0888576919906311,6.6,0.02121,0.86534,-0.019598400000000002,Yahoo Finance via yfinance,secondary,Yahoo Finance via yfinance,Yahoo Finance via yfinance,https://finance.yahoo.com/quote/WSBC,2026-09-09T07:31:16+00:00,2026-08-14T00:00:00+00:00,2026-09-08T20:00:00+00:00,SHORT_CROWDING,
2026-09-10,2026-09-10T07:31:27+00:00,JP,2121,2121.T,"MIXI,Inc.",screening,ok,0.7,0.4159138264835786,27163060.0,65309346.0,97922824987.25993,3605.0,367473.0,363600.0,1582018200.0,1310778000.0,158201820.0,0.9894604501555216,0.013528409538542417,0.013385826191894433,,,,,,0.55367,0.12405,0.041907516,Yahoo Finance via yfinance,secondary,Yahoo Finance via yfinance,,https://finance.yahoo.com/quote/2121.T,2026-09-10T07:31:20+00:00,,2026-09-10T06:30:00+00:00,NO_EXCEPTION,
2026-09-10,2026-09-10T07:31:27+00:00,JP,215A,215A.T,タイミー,watchlist,ok,0.7,0.6426599969918524,64096207.0,99735797.0,99925987369.15585,1559.0,1828812.0,2347100.0,2851117908.0,3659128900.0,285111790.8,1.2834014649947616,0.02853229677069659,0.03661839147517731,,,,,,0.29632,0.35102,0.013654096,Yahoo Finance via yfinance,secondary,Yahoo Finance via yfinance,,https://finance.yahoo.com/quote/215A.T,2026-09-10T07:31:20+00:00,,2026-09-10T06:30:00+00:00,HIGH_FLOAT_TURNOVER,
2026-09-10,2026-09-10T07:31:27+00:00,JP,2726,2726.T,パルグループホールディングス,watchlist,ok,0.7,0.5721834578123286,99020070.0,173056506.0,147044809927.02838,1485.0,841033.0,953700.0,1248934005.0,1416244500.0,124893400.5,1.1339626388025201,0.00849356095183532,0.009631380789773224,,,,,,0.41304,0.2867,-0.017857144000000002,Yahoo Finance via yfinance,secondary,Yahoo Finance via yfinance,,https://finance.yahoo.com/quote/2726.T,2026-09-10T07:31:20+00:00,,2026-09-10T06:30:00+00:00,NO_EXCEPTION,
2026-09-10,2026-09-10T07:31:27+00:00,JP,3635,3635.T,"KOEI TECMO HOLDINGS CO.,LTD.",screening,ok,0.7,0.37631020327800013,125776962.0,334237448.0,205456657259.0983,1633.5,1159517.0,692300.0,1640992320.0,1130872050.0,164099232.0,0.5970589478205149,0.00921883452710521,0.005504187642884871,,,,,,0.6098,0.17805,-0.0018331805000000002,Yahoo Finance via yfinance,secondary,Yahoo Finance via yfinance,,https://finance.yahoo.com/quote/3635.T,2026-09-10T07:31:20+00:00,,2026-09-10T06:30:00+00:00,NO_EXCEPTION,
2026-09-10,2026-09-10T07:31:27+00:00,JP,3932,3932.T,Akatsuki Inc.,screening,ok,0.7,0.6627300303874523,7974146.0,12032269.0,26952613540.97116,3380.0,86341.0,80500.0,360758666.6666666,272090000.0,36075866.666666664,0.9323496369048309,0.010827617151730104,0.01009512491996008,,,,,,0.29354,0.15234,0.0,Yahoo Finance via yfinance,secondary,Yahoo Finance via yfinance,,https://finance.yahoo.com/quote/3932.T,2026-09-10T07:31:20+00:00,,2026-09-10T06:30:00+00:00,NO_EXCEPTION,
2026-09-10,2026-09-10T07:31:27+00:00,JP,3989,3989.T,SHARINGTECHNOLOGY.INC,screening,ok,0.7,0.37518996589775494,8978772.0,23931269.0,13872202386.946241,1545.0,223003.0,3736300.0,494842900.00000006,5772583500.0,49484290.00000001,16.754483123545423,0.02483669259003347,0.41612594684440146,,,,,,0.11089,0.58956003,0.054607506,Yahoo Finance via yfinance,secondary,Yahoo Finance via yfinance,,https://finance.yahoo.com/quote/3989.T,2026-09-10T07:31:20+00:00,,2026-09-10T06:30:00+00:00,HIGH_FLOAT_TURNOVER|VOLUME_EXPANSION|PRICE_UP_ON_VOLUME_EXPANSION,
2026-09-10,2026-09-10T07:31:27+00:00,JP,4063,4063.T,信越化学工業,watchlist,partial,0.35,,1858411572.0,1815064711.0,,5762.0,7309628.0,6121800.0,42118076536.0,35273811600.0,4211807653.6000004,0.8374981599610815,0.003933266511106292,0.0032941034656880624,,,,,,0.00942,0.56129,0.007518797000000001,,missing,Yahoo Finance via yfinance,,https://finance.yahoo.com/quote/4063.T,2026-09-10T07:31:20+00:00,,2026-09-10T06:30:00+00:00,NO_EXCEPTION,INVALID_FREE_FLOAT_RATIO
2026-09-10,2026-09-10T07:31:27+00:00,JP,4763,4763.T,"CREEK & RIVER Co.,Ltd.",screening,ok,0.7,0.4166399884846593,8822448.0,21175231.0,12960177070.688614,1469.0,49493.0,25500.0,67103920.0,37459500.0,6710392.0,0.5152243751641646,0.005609894215301694,0.002890354241815877,,,,,,0.51054,0.13721,0.012405238,Yahoo Finance via yfinance,secondary,Yahoo Finance via yfinance,,https://finance.yahoo.com/quote/4763.T,2026-09-10T07:31:20+00:00,,2026-09-10T06:30:00+00:00,NO_EXCEPTION,
2026-09-10,2026-09-09T22:28:31+00:00,JP,5076,5076.T,INFRONEER Holdings Inc.,screening,ok,0.7,0.7245099994376915,183308693.0,253010577.0,513264337073.05005,2800.0,1645144.0,1534700.0,4688413333.333333,4297160000.0,468841333.3333333,0.9328666669908531,0.008974718945816716,0.008372216150163703,,,,,,0.26417,0.34743,0.018737493,Yahoo Finance via yfinance,secondary,Yahoo Finance via yfinance,,https://finance.yahoo.com/quote/5076.T,2026-09-09T22:28:23+00:00,,2026-09-09T06:30:00+00:00,NO_EXCEPTION,
2026-09-10,2026-09-10T07:31:27+00:00,JP,5351,5351.T,"SHINAGAWA REFRA CO.,LTD.",screening,ok,0.7,0.557309997650829,25431794.0,45633120.0,51041612466.22943,2007.0,116457.0,95800.0,232189830.0,192270600.0,23218983.0,0.8226212250015027,0.0045791893407126525,0.003766938344970866,,,,,,0.40639,0.20502001,-0.002980626,Yahoo Finance via yfinance,secondary,Yahoo Finance via yfinance,,https://finance.yahoo.com/quote/5351.T,2026-09-10T07:31:20+00:00,,2026-09-10T06:30:00+00:00,NO_EXCEPTION,
2026-09-10,2026-09-10T07:31:27+00:00,JP,6701,6701.T,NEC,watchlist,ok,0.7,0.9506786767523828,1260926975.0,1326344017.0,5783872207520.592,4587.0,7143787.0,5198400.0,32768550969.0,23845060800.0,3276855096.9,0.7276812704522125,0.005665504142299755,0.004122681252020958,,,,,,0.049629997,0.5532,0.018654231,Yahoo Finance via yfinance,secondary,Yahoo Finance via yfinance,,https://finance.yahoo.com/quote/6701.T,2026-09-10T07:31:20+00:00,,2026-09-10T06:30:00+00:00,NO_EXCEPTION,
2026-09-10,2026-09-10T07:31:27+00:00,JP,6750,6750.T,"ELECOM CO.,LTD.",screening,ok,0.7,0.5780000013409716,46551319.0,80538614.0,91007829883.07599,1955.0,197733.0,162700.0,406222933.3333333,318078500.0,40622293.333333336,0.8228267411104874,0.004247634744785642,0.0034950674544796463,,,,,,0.35237998,0.18554,-0.0025510204,Yahoo Finance via yfinance,secondary,Yahoo Finance via yfinance,,https://finance.yahoo.com/quote/6750.T,2026-09-10T07:31:20+00:00,,2026-09-10T06:30:00+00:00,NO_EXCEPTION,
2026-09-10,2026-09-10T07:31:27+00:00,JP,6927,6927.T,"Helios Techno Holding Co.,Ltd.",screening,ok,0.7,0.6827199948081903,12392506.0,18151667.0,12020732088.49375,970.0,58444.0,23100.0,55147733.333333336,22407000.0,5514773.333333334,0.3952501539935665,0.004716075989795769,0.001864029761212139,,,,,,0.10182,0.36661,0.0041407868,Yahoo Finance via yfinance,secondary,Yahoo Finance via yfinance,,https://finance.yahoo.com/quote/6927.T,2026-09-10T07:31:20+00:00,,2026-09-10T06:30:00+00:00,NO_EXCEPTION,
2026-09-10,2026-09-10T07:31:27+00:00,JP,6965,6965.T,浜松ホトニクス,watchlist,ok,0.7,0.9695962600852256,279958167.0,288736847.0,625146537493.5874,2233.0,3189217.0,2611900.0,7121521561.0,5832372700.0,712152156.1,0.8189784514506225,0.011391762684315618,0.00932960816249379,,,,,,0.028299998,0.43302,-0.004901961,Yahoo Finance via yfinance,secondary,Yahoo Finance via yfinance,,https://finance.yahoo.com/quote/6965.T,2026-09-10T07:31:20+00:00,,2026-09-10T06:30:00+00:00,NO_EXCEPTION,
2026-09-10,2026-09-10T07:31:27+00:00,JP,8473,8473.T,"SBI Holdings,Inc.",screening,ok,0.7,0.8994958972956602,581426675.0,646391692.0,1912893746653.1003,3290.0,4175560.0,3682700.0,14049626966.666666,12116083000.0,1404962696.6666667,0.8819655327668624,0.007181576249490102,0.006333902722987382,,,,,,0.17643999,0.46103,0.022691948000000003,Yahoo Finance via yfinance,secondary,Yahoo Finance via yfinance,,https://finance.yahoo.com/quote/8473.T,2026-09-10T07:31:20+00:00,,2026-09-10T06:30:00+00:00,NO_EXCEPTION,
2026-09-10,2026-09-10T07:31:27+00:00,JP,8622,8622.T,"Mito Securities Co.,Ltd.",screening,ok,0.7,0.7781399936125979,46870633.0,60234191.0,44480231443.004616,949.0,349406.0,238600.0,420815070.0,226431400.0,42081507.0,0.6828732191204502,0.0074546891653884855,0.005090607587911177,,,,,,0.19357,0.20848,0.011727079,Yahoo Finance via yfinance,secondary,Yahoo Finance via yfinance,,https://finance.yahoo.com/quote/8622.T,2026-09-10T07:31:20+00:00,,2026-09-10T06:30:00+00:00,NO_EXCEPTION,
2026-09-10,2026-09-10T07:31:27+00:00,JP,8624,8624.T,"Ichiyoshi Securities Co.,Ltd.",screening,ok,0.7,0.717407194113338,23072126.0,32160433.0,39430263405.023315,1709.0,140220.0,96400.0,252003443.3333333,164747600.0,25200344.333333332,0.6874910854371702,0.0060774633425632295,0.0041782018700834075,,,,,,0.05889,0.2807,0.0094506794,Yahoo Finance via yfinance,secondary,Yahoo Finance via yfinance,,https://finance.yahoo.com/quote/8624.T,2026-09-10T07:31:20+00:00,,2026-09-10T06:30:00+00:00,NO_EXCEPTION,
2026-09-10,2026-09-10T07:31:27+00:00,JP,8707,8707.T,"IwaiCosmo Holdings,Inc.",screening,ok,0.7,0.8149799957213514,19142841.0,23488725.0,89014207949.1563,4650.0,109514.0,73900.0,552032500.0,343635000.0,55203250.0,0.6747995690048761,0.005720885421343676,0.0038604510166489916,,,,,,0.17061001,0.16728,0.011969532,Yahoo Finance via yfinance,secondary,Yahoo Finance via yfinance,,https://finance.yahoo.com/quote/8707.T,2026-09-10T07:31:20+00:00,,2026-09-10T06:30:00+00:00,NO_EXCEPTION,
2026-09-10,2026-09-10T07:31:27+00:00,JP,8789,8789.T,FinTech Global Incorporated,screening,ok,0.7,0.8353899981648155,160838511.0,192531047.0,26055837674.272865,162.0,1099876.0,759800.0,265514220.0,123087600.0,26551422.0,0.6908051453072892,0.006838387107426032,0.004723992999412933,,,,,,0.14125,0.03212,0.0125,Yahoo Finance via yfinance,secondary,Yahoo Finance via yfinance,,https://finance.yahoo.com/quote/8789.T,2026-09-10T07:31:20+00:00,,2026-09-10T06:30:00+00:00,NO_EXCEPTION,
2026-09-10,2026-09-10T07:31:27+00:00,JP,9433,9433.T,KDDI,watchlist,ok,0.7,0.8086762421485112,2988837250.0,3695962728.0,8990422327513.709,3008.0,8851680.0,9201100.0,26625853440.0,27676908800.0,2662585344.0,1.0394749923178426,0.002961579791606251,0.0030784881311285853,,,,,,0.21152,0.38224,0.0105829,Yahoo Finance via yfinance,secondary,Yahoo Finance via yfinance,,https://finance.yahoo.com/quote/9433.T,2026-09-10T07:31:20+00:00,,2026-09-10T06:30:00+00:00,NO_EXCEPTION,
2026-09-10,2026-09-10T07:31:27+00:00,US,ACNB,ACNB,ACNB Corporation - Common Stock,screening,ok,0.7,0.9597700279156297,9760794.0,10169930.0,627619082.0333308,64.3,76441.0,56925.0,4547263.85,3660277.5,454726.385,0.7446919846679139,0.007831432565834295,0.005832005060244075,0.0343,335284.0,265533.0,0.2626829810230744,4.86,0.03907,0.41342,-0.0157661,Yahoo Finance via yfinance,secondary,Yahoo Finance via yfinance,Yahoo Finance via yfinance,https://finance.yahoo.com/quote/ACNB,2026-09-10T07:31:20+00:00,2026-08-14T00:00:00+00:00,2026-09-09T20:00:01+00:00,SHORT_INTEREST_RISING,
2026-09-10,2026-09-10T07:31:27+00:00,US,ADAM,ADAM,"Adamas Trust, Inc. - Common Stock",screening,ok,0.7,0.9381800041223952,84323418.0,89879786.0,806131874.0535312,9.56,882887.0,647483.0,8004867.4706666665,6189937.48,800486.7470666667,0.7333701821410894,0.010470246829890126,0.007678566824698686,0.0388,2887073.0,2989006.0,-0.03410264148014419,3.22,0.0673,0.57692003,-0.015448,Yahoo Finance via yfinance,secondary,Yahoo Finance via yfinance,Yahoo Finance via yfinance,https://finance.yahoo.com/quote/ADAM,2026-09-10T07:31:20+00:00,2026-08-14T00:00:00+00:00,2026-09-09T20:00:01+00:00,NO_EXCEPTION,
2026-09-10,2026-09-10T07:31:27+00:00,US,BUSE,BUSE,First Busey Corporation - Common Stock,screening,ok,0.7,0.9634499968732196,79558768.0,82576956.0,2403470395.962978,30.21,805096.0,689066.0,21080540.014,20816683.86,2108054.0014,0.8558805409541222,0.010119513162898651,0.008661094400054059,0.0448,3582081.0,3660435.0,-0.021405652606862335,4.25,0.04281,0.68836,-0.006903390000000001,Yahoo Finance via yfinance,secondary,Yahoo Finance via yfinance,Yahoo Finance via yfinance,https://finance.yahoo.com/quote/BUSE,2026-09-10T07:31:20+00:00,2026-08-14T00:00:00+00:00,2026-09-09T20:00:01+00:00,NO_EXCEPTION,
2026-09-10,2026-09-10T07:31:27+00:00,US,CARE,CARE,"Carter Bankshares, Inc. - Common Stock",screening,ok,0.7,0.9167191440865542,21234819.0,23163931.0,666773337.3178526,31.4,395785.0,228575.0,10894882.073333332,7177255.0,1089488.2073333333,0.5775231501951817,0.01863849180913668,0.01076416050449971,0.0916,2072878.0,1863874.0,0.11213418932824859,4.94,0.02283,0.67195,0.0012754799999999998,Yahoo Finance via yfinance,secondary,Yahoo Finance via yfinance,Yahoo Finance via yfinance,https://finance.yahoo.com/quote/CARE,2026-09-10T07:31:20+00:00,2026-08-14T00:00:00+00:00,2026-09-09T20:00:01+00:00,NO_EXCEPTION,
2026-09-10,2026-09-10T07:31:27+00:00,US,CMBT,CMBT,CMB.TECH NV Ordinary Shares,screening,ok,0.7,0.3831399989845255,111175645.0,290169769.0,2151248728.393689,19.35,1046133.0,1008859.0,20512497.045,19521421.650000002,2051249.7045000002,0.9643697311909671,0.009409731780733092,0.009074460507964672,0.0095999995,1065148.0,1339920.0,-0.2050659740880053,1.3,0.56571,0.17517,0.006240289999999999,Yahoo Finance via yfinance,secondary,Yahoo Finance via yfinance,Yahoo Finance via yfinance,https://finance.yahoo.com/quote/CMBT,2026-09-10T07:31:20+00:00,2026-08-14T00:00:00+00:00,2026-09-09T20:00:03+00:00,SHORT_INTEREST_FALLING,
2026-09-10,2026-09-10T07:31:27+00:00,US,DBRG,DBRG,"DigitalBridge Group, Inc.",screening,ok,0.7,0.908229999665965,170288839.0,187495281.0,2710998366.3603706,15.92,3379775.0,1979930.0,59835256.32,31520485.6,5983525.632,0.5858171032095332,0.019847307785098002,0.011626892353174127,0.0722,13494379.0,18132131.0,-0.25577534157457826,4.37,0.0369,0.0101246,0.0,Yahoo Finance via yfinance,secondary,Yahoo Finance via yfinance,Yahoo Finance via yfinance,https://finance.yahoo.com/quote/DBRG,2026-09-10T07:31:20+00:00,2026-08-14T00:00:00+00:00,2026-09-09T20:00:03+00:00,SHORT_INTEREST_FALLING,
2026-09-10,2026-09-10T07:31:27+00:00,US,EXE,EXE,Expand Energy Corporation - Common Stock,screening,ok,0.7,0.9949300009081061,230330065.0,231503789.0,22254492379.480423,96.62,3425751.0,2042622.0,255320420.88866666,197358137.64000002,25532042.088866666,0.5962552444704825,0.01487322551660809,0.008868238716469776,0.0364,8406229.0,8471551.0,-0.0077107485984562185,2.48,0.0036000002,0.96426004,-0.0159894,Yahoo Finance via yfinance,secondary,Yahoo Finance via yfinance,Yahoo Finance via yfinance,https://finance.yahoo.com/quote/EXE,2026-09-10T07:31:20+00:00,2026-08-14T00:00:00+00:00,2026-09-09T20:00:01+00:00,NO_EXCEPTION,
2026-09-10,2026-09-10T07:31:27+00:00,US,FRO,FRO,Frontline Plc Ordinary Shares,screening,ok,0.7,0.9974900020275992,222064106.0,222622889.0,10483646606.162601,47.21,2587174.0,2016241.0,105594308.00333333,95186737.61,10559430.800333334,0.7793217618915466,0.011650572650403934,0.009079544804958258,0.0653,9344857.0,7121398.0,0.31222226310058776,5.05,0.35786998,0.39585,0.0126555,Yahoo Finance via yfinance,secondary,Yahoo Finance via yfinance,Yahoo Finance via yfinance,https://finance.yahoo.com/quote/FRO,2026-09-10T07:31:20+00:00,2026-08-14T00:00:00+00:00,2026-09-09T20:00:03+00:00,SHORT_CROWDING|SHORT_INTEREST_RISING,
2026-09-10,2026-09-10T07:31:27+00:00,US,HTGC,HTGC,"Hercules Capital, Inc. Common Stock",screening,ok,0.7,0.9162066209313757,171480896.0,187164000.0,3019778791.119936,17.61,1524775.0,1562196.0,30108224.965,27510271.56,3010822.4965000004,1.0245419816038432,0.008891806816778005,0.009110029376100297,0.0585,10731157.0,11552442.0,-0.0710918955490103,6.71,0.01966,0.36435002,-0.0062076,Yahoo Finance via yfinance,secondary,Yahoo Finance via yfinance,Yahoo Finance via yfinance,https://finance.yahoo.com/quote/HTGC,2026-09-10T07:31:20+00:00,2026-08-14T00:00:00+00:00,2026-09-09T20:00:02+00:00,SHORT_CROWDING,
2026-09-10,2026-09-10T07:31:27+00:00,US,INSW,INSW,"International Seaways, Inc. Common Stock",screening,ok,0.7,0.8375000007570969,41482473.0,49531311.0,4339896381.52325,104.62,570909.0,644149.0,57089006.72666667,67390868.38000001,5708900.672666667,1.1282866446316313,0.01376265585708933,0.015528220798215189,0.0775,2700802.0,2158671.0,0.2511410956092892,5.28,0.16228001,0.84879994,0.00780277,Yahoo Finance via yfinance,secondary,Yahoo Finance via yfinance,Yahoo Finance via yfinance,https://finance.yahoo.com/quote/INSW,2026-09-10T07:31:20+00:00,2026-08-14T00:00:00+00:00,2026-09-09T20:00:02+00:00,SHORT_CROWDING|SHORT_INTEREST_RISING,
2026-09-10,2026-09-10T07:31:27+00:00,US,LPG,LPG,Dorian LPG Ltd. Common Stock,screening,ok,0.7,0.8576499915935609,36692566.0,42782681.0,1967822220.2127714,53.63,660982.0,605217.0,30580424.868333332,32457787.71,3058042.4868333335,0.915633103473317,0.01801405767042839,0.016494267530921657,0.0634,1997231.0,2283744.0,-0.1254575819356285,3.29,0.1426,0.74887,0.0026173000000000004,Yahoo Finance via yfinance,secondary,Yahoo Finance via yfinance,Yahoo Finance via yfinance,https://finance.yahoo.com/quote/LPG,2026-09-10T07:31:20+00:00,2026-08-14T00:00:00+00:00,2026-09-09T20:00:03+00:00,NO_EXCEPTION,
2026-09-10,2026-09-10T07:31:27+00:00,US,LTC,LTC,"LTC Properties, Inc. Common Stock",screening,ok,0.7,0.7124968345103825,38407543.0,53905563.0,1634240924.9745066,42.55,568045.0,921175.0,21940066.42833333,39195996.25,2194006.642833333,1.621658495365684,0.014789933321170791,0.023984221016168622,0.051799998,2328976.0,2647099.0,-0.12017797596538704,3.92,0.02094,0.83848,0.0128541,Yahoo Finance via yfinance,secondary,Yahoo Finance via yfinance,Yahoo Finance via yfinance,https://finance.yahoo.com/quote/LTC,2026-09-10T07:31:20+00:00,2026-08-14T00:00:00+00:00,2026-09-09T20:00:02+00:00,VOLUME_EXPANSION,
2026-09-10,2026-09-10T07:31:27+00:00,US,MRP,MRP,"Millrose Properties, Inc. Class A Common Stock",screening,ok,0.7,0.9927145255408554,153104491.0,154228116.0,5025915989.380458,30.49,1360733.0,1077927.0,32115898.56033333,32865994.229999997,3211589.856033333,0.7921664279472902,0.008887609965667172,0.007040466239491303,0.050300002,6685006.0,7916362.0,-0.15554569131628893,5.88,0.01128,0.9387,-0.00942173,Yahoo Finance via yfinance,secondary,Yahoo Finance via yfinance,Yahoo Finance via yfinance,https://finance.yahoo.com/quote/MRP,2026-09-10T07:31:20+00:00,2026-08-14T00:00:00+00:00,2026-09-09T20:00:02+00:00,SHORT_CROWDING,
2026-09-10,2026-09-10T07:31:27+00:00,US,NWFL,NWFL,Norwood Financial Corp. - Common Stock,screening,ok,0.7,0.903001575663493,9844590.0,10902074.0,338850777.7947425,34.42,41974.0,28264.0,1164786.5680000002,972846.88,116478.65680000003,0.6733692285700672,0.0042636615643719036,0.0028710184984849546,0.0145000005,145110.0,146196.0,-0.007428383813510631,3.81,0.08087,0.41404,0.0005812980000000001,Yahoo Finance via yfinance,secondary,Yahoo Finance via yfinance,Yahoo Finance via yfinance,https://finance.yahoo.com/quote/NWFL,2026-09-10T07:31:20+00:00,2026-08-14T00:00:00+00:00,2026-09-09T20:00:00+00:00,NO_EXCEPTION,
2026-09-10,2026-09-10T07:31:27+00:00,US,STNG,STNG,Scorpio Tankers Inc. Common Shares,screening,ok,0.7,0.77035645922658,38580493.0,50081352.0,3204495716.9029427,83.06,797277.0,650250.0,63987544.075333335,54009765.0,6398754.407533334,0.815588559559601,0.020665288025220413,0.01685437249337379,0.056399997,2653677.0,2233877.0,0.18792440228356355,3.77,0.14608,0.74711,0.0114466,Yahoo Finance via yfinance,secondary,Yahoo Finance via yfinance,Yahoo Finance via yfinance,https://finance.yahoo.com/quote/STNG,2026-09-10T07:31:20+00:00,2026-08-14T00:00:00+00:00,2026-09-09T20:00:03+00:00,HIGH_FLOAT_TURNOVER,
2026-09-10,2026-09-10T07:31:27+00:00,US,TRMD,TRMD,TORM plc - Class A Common Stock,screening,ok,0.7,0.6628261272628527,67866624.0,102389784.0,2406550499.872314,35.46,747000.0,1549046.0,24672855.240000002,54929171.160000004,2467285.524,2.0736894243641233,0.01100688314774579,0.022824857178692134,0.0165,1009197.0,655620.0,0.5393017296604741,2.25,0.1447,0.51009,0.0148827,Yahoo Finance via yfinance,secondary,Yahoo Finance via yfinance,Yahoo Finance via yfinance,https://finance.yahoo.com/quote/TRMD,2026-09-10T07:31:20+00:00,2026-08-14T00:00:00+00:00,2026-09-09T20:00:00+00:00,SHORT_INTEREST_RISING|VOLUME_EXPANSION,
2026-09-10,2026-09-10T07:31:27+00:00,US,WSBC,WSBC,"WesBanco, Inc. - Common Stock",screening,ok,0.7,0.9637600043517661,92430260.0,95905889.0,3703680413.892255,40.07,1319430.0,899804.0,32516859.762333333,36055146.28,3251685.9762333333,0.6819641815026185,0.014274870588917526,0.009734950437226943,0.0669,6322165.0,6938724.0,-0.0888576919906311,6.6,0.02121,0.86537004,-0.0111056,Yahoo Finance via yfinance,secondary,Yahoo Finance via yfinance,Yahoo Finance via yfinance,https://finance.yahoo.com/quote/WSBC,2026-09-10T07:31:20+00:00,2026-08-14T00:00:00+00:00,2026-09-09T20:00:00+00:00,SHORT_CROWDING,
2026-09-11,2026-09-11T07:30:21+00:00,JP,2121,2121.T,"MIXI,Inc.",screening,ok,0.7,0.4159138264835786,27163060.0,65309346.0,99145166256.6324,3650.0,367412.0,316300.0,1597641500.0,1154495000.0,159764150.0,0.8608864163391506,0.013526163841629036,0.011644490716436218,,,,,,0.55367,0.12405,0.012482662,Yahoo Finance via yfinance,secondary,Yahoo Finance via yfinance,,https://finance.yahoo.com/quote/2121.T,2026-09-11T07:30:12+00:00,,2026-09-11T06:30:00+00:00,NO_EXCEPTION,
2026-09-11,2026-09-11T07:30:21+00:00,JP,215A,215A.T,タイミー,watchlist,ok,0.7,0.6426599969918524,64096207.0,99735797.0,83325069734.94807,1300.0,1831136.0,11337000.0,2380476800.0,14738100000.0,238047680.0,6.191238662775457,0.02856855476643103,0.17687474080954588,,,,,,0.29632,0.35103,-0.16613213999999998,Yahoo Finance via yfinance,secondary,Yahoo Finance via yfinance,,https://finance.yahoo.com/quote/215A.T,2026-09-11T07:30:12+00:00,,2026-09-11T06:30:00+00:00,HIGH_FLOAT_TURNOVER|VOLUME_EXPANSION|PRICE_DOWN_ON_VOLUME_EXPANSION,
2026-09-11,2026-09-11T07:30:21+00:00,JP,2726,2726.T,パルグループホールディングス,watchlist,ok,0.7,0.5722495922334446,99020070.0,173036506.0,146648729505.80133,1481.0,845814.0,884900.0,1252650534.0,1310536900.0,125265053.4,1.0462111055149241,0.00854184409281876,0.008936572151484037,,,,,,0.41304,0.28648,-0.0026936024,Yahoo Finance via yfinance,secondary,Yahoo Finance via yfinance,,https://finance.yahoo.com/quote/2726.T,2026-09-11T07:30:12+00:00,,2026-09-11T06:30:00+00:00,NO_EXCEPTION,
2026-09-11,2026-09-11T07:30:21+00:00,JP,3635,3635.T,"KOEI TECMO HOLDINGS CO.,LTD.",screening,ok,0.7,0.37631020327800013,125776962.0,334237448.0,206840212574.5055,1644.5,1157428.0,718800.0,1580463170.0,1182066600.0,158046317.0,0.6210321505959766,0.009202225762139174,0.005714878055330991,,,,,,0.6098,0.17805,0.0067340064,Yahoo Finance via yfinance,secondary,Yahoo Finance via yfinance,,https://finance.yahoo.com/quote/3635.T,2026-09-11T07:30:12+00:00,,2026-09-11T06:30:00+00:00,NO_EXCEPTION,
2026-09-11,2026-09-11T07:30:21+00:00,JP,3932,3932.T,Akatsuki Inc.,screening,ok,0.7,0.5529050941984233,7974146.0,14422269.0,27271578764.883286,3420.0,86849.0,78300.0,365119200.0,267786000.0,36511920.0,0.9015647848564751,0.010891323033212585,0.009819233307240676,,,,,,0.29354,0.15234,0.01183432,Yahoo Finance via yfinance,secondary,Yahoo Finance via yfinance,,https://finance.yahoo.com/quote/3932.T,2026-09-11T07:30:12+00:00,,2026-09-11T06:30:00+00:00,NO_EXCEPTION,
2026-09-11,2026-09-11T07:30:21+00:00,JP,3989,3989.T,SHARINGTECHNOLOGY.INC,screening,ok,0.7,0.37518996589775494,8978772.0,23931269.0,13863222992.506088,1544.0,280606.0,1548700.0,563590880.0,2391192800.0,56359088.0,5.519126462014355,0.03125215786746784,0.17248461148139188,,,,,,0.11089,0.58956003,-0.00064724915,Yahoo Finance via yfinance,secondary,Yahoo Finance via yfinance,,https://finance.yahoo.com/quote/3989.T,2026-09-11T07:30:12+00:00,,2026-09-11T06:30:00+00:00,HIGH_FLOAT_TURNOVER|VOLUME_EXPANSION,
2026-09-11,2026-09-11T07:30:21+00:00,JP,4063,4063.T,信越化学工業,watchlist,partial,0.35,,1858411572.0,1815064711.0,,5738.0,7291068.0,7659000.0,41836148184.0,43947342000.0,4183614818.4,1.0504633889026957,0.003923279487629019,0.004121261466187211,,,,,,0.00942,0.56129,-0.0041652206,,missing,Yahoo Finance via yfinance,,https://finance.yahoo.com/quote/4063.T,2026-09-11T07:30:12+00:00,,2026-09-11T06:30:00+00:00,NO_EXCEPTION,INVALID_FREE_FLOAT_RATIO
2026-09-11,2026-09-11T07:30:21+00:00,JP,4763,4763.T,"CREEK & RIVER Co.,Ltd.",screening,ok,0.7,0.4166399884846593,8822448.0,21175231.0,12836662419.546225,1455.0,49382.0,35400.0,65087000.0,51507000.0,6508700.0,0.7168603944757199,0.005597312673307907,0.004012491770991453,,,,,,0.51054,0.13721,-0.009530293,Yahoo Finance via yfinance,secondary,Yahoo Finance via yfinance,,https://finance.yahoo.com/quote/4763.T,2026-09-11T07:30:12+00:00,,2026-09-11T06:30:00+00:00,NO_EXCEPTION,
2026-09-11,2026-09-11T07:30:21+00:00,JP,5351,5351.T,"SHINAGAWA REFRA CO.,LTD.",screening,ok,0.7,0.557309997650829,25431794.0,45633120.0,51245064107.4736,2015.0,115658.0,126800.0,233175800.0,255502000.0,23317580.0,1.0963357484998877,0.004547771973931528,0.004985884991047034,,,,,,0.40639,0.20499,0.003986049,Yahoo Finance via yfinance,secondary,Yahoo Finance via yfinance,,https://finance.yahoo.com/quote/5351.T,2026-09-11T07:30:12+00:00,,2026-09-11T06:30:00+00:00,NO_EXCEPTION,
2026-09-11,2026-09-11T07:30:21+00:00,JP,6701,6701.T,NEC,watchlist,ok,0.7,0.9506786767523828,1260926975.0,1326344017.0,5719564843484.197,4536.0,7135665.0,5050900.0,32367376440.0,22910882400.0,3236737644.0,0.7078387228099974,0.005659062849377142,0.0040057038196046205,,,,,,0.049629997,0.5532,-0.011118379000000001,Yahoo Finance via yfinance,secondary,Yahoo Finance via yfinance,,https://finance.yahoo.com/quote/6701.T,2026-09-11T07:30:12+00:00,,2026-09-11T06:30:00+00:00,NO_EXCEPTION,
2026-09-11,2026-09-11T07:30:21+00:00,JP,6750,6750.T,"ELECOM CO.,LTD.",screening,ok,0.7,0.5780000013409716,46551319.0,80538614.0,91007829883.07599,1955.0,197474.0,169000.0,401302850.0,330395000.0,40130285.0,0.8558088659772932,0.004242070992660809,0.003630401965624218,,,,,,0.35237998,0.18554,0.0,Yahoo Finance via yfinance,secondary,Yahoo Finance via yfinance,,https://finance.yahoo.com/quote/6750.T,2026-09-11T07:30:12+00:00,,2026-09-11T06:30:00+00:00,NO_EXCEPTION,
2026-09-11,2026-09-11T07:30:21+00:00,JP,6927,6927.T,"Helios Techno Holding Co.,Ltd.",screening,ok,0.7,0.6827199948081903,12392506.0,18151667.0,11983553669.986076,967.0,56958.0,40300.0,53104416.666666664,38970100.0,5310441.666666667,0.7075388883036623,0.00459616481121736,0.003251965340989143,,,,,,0.10182,0.36661,-0.0030927833999999997,Yahoo Finance via yfinance,secondary,Yahoo Finance via yfinance,,https://finance.yahoo.com/quote/6927.T,2026-09-11T07:30:12+00:00,,2026-09-11T06:30:00+00:00,NO_EXCEPTION,
2026-09-11,2026-09-11T07:30:21+00:00,JP,6965,6965.T,浜松ホトニクス,watchlist,ok,0.7,0.9695962600852256,279958167.0,288736847.0,613948209906.0453,2193.0,3180196.0,1915700.0,6974169828.0,4201130100.0,697416982.8000001,0.6023842555616069,0.011359540012990584,0.006842808054247619,,,,,,0.028299998,0.43302,-0.017913122,Yahoo Finance via yfinance,secondary,Yahoo Finance via yfinance,,https://finance.yahoo.com/quote/6965.T,2026-09-11T07:30:12+00:00,,2026-09-11T06:30:00+00:00,NO_EXCEPTION,
2026-09-11,2026-09-11T07:30:21+00:00,JP,8473,8473.T,"SBI Holdings,Inc.",screening,ok,0.7,0.8994958972956602,581426675.0,646391692.0,1896613818937.5488,3262.0,4175673.0,2905500.0,13776426346.666668,9477741000.0,1377642634.666667,0.6958159798432492,0.0071817705990183545,0.004997190746365395,,,,,,0.17643999,0.46106,-0.008510638000000001,Yahoo Finance via yfinance,secondary,Yahoo Finance via yfinance,,https://finance.yahoo.com/quote/8473.T,2026-09-11T07:30:12+00:00,,2026-09-11T06:30:00+00:00,NO_EXCEPTION,
2026-09-11,2026-09-11T07:30:21+00:00,JP,8622,8622.T,"Mito Securities Co.,Ltd.",screening,ok,0.7,0.7781399936125979,46870633.0,60234191.0,44573971988.44698,951.0,349533.0,308800.0,413431400.0,293668800.0,41343140.0,0.8834645083582953,0.007457398751154054,0.006588347121320081,,,,,,0.19357,0.2093,0.0021074814999999998,Yahoo Finance via yfinance,secondary,Yahoo Finance via yfinance,,https://finance.yahoo.com/quote/8622.T,2026-09-11T07:30:12+00:00,,2026-09-11T06:30:00+00:00,NO_EXCEPTION,
2026-09-11,2026-09-11T07:30:21+00:00,JP,8624,8624.T,"Ichiyoshi Securities Co.,Ltd.",screening,ok,0.7,0.717407194113338,23072126.0,32160433.0,39199541210.959145,1699.0,139695.0,123600.0,235730586.66666666,209996400.0,23573058.666666668,0.8847847095457962,0.006054708612461634,0.005357113601061298,,,,,,0.05889,0.2807,-0.005851375,Yahoo Finance via yfinance,secondary,Yahoo Finance via yfinance,,https://finance.yahoo.com/quote/8624.T,2026-09-11T07:30:12+00:00,,2026-09-11T06:30:00+00:00,NO_EXCEPTION,
2026-09-11,2026-09-11T07:30:21+00:00,JP,8707,8707.T,"IwaiCosmo Holdings,Inc.",screening,ok,0.7,0.8149799957213514,19142841.0,23488725.0,89397061297.3415,4670.0,108957.0,96900.0,542840800.0,452523000.0,54284080.0,0.8893416668961149,0.005691788381881248,0.005061944567162209,,,,,,0.17061001,0.16728,0.0043010753,Yahoo Finance via yfinance,secondary,Yahoo Finance via yfinance,,https://finance.yahoo.com/quote/8707.T,2026-09-11T07:30:12+00:00,,2026-09-11T06:30:00+00:00,NO_EXCEPTION,
2026-09-11,2026-09-11T07:30:21+00:00,JP,8789,8789.T,FinTech Global Incorporated,screening,ok,0.7,0.8353899981648155,160838511.0,192531047.0,25573321971.688694,159.0,1098673.0,1104300.0,264175320.0,175583700.0,26417532.0,1.005121633097382,0.006830907555467235,0.006865892957688473,,,,,,0.14125,0.03212,-0.018518517999999998,Yahoo Finance via yfinance,secondary,Yahoo Finance via yfinance,,https://finance.yahoo.com/quote/8789.T,2026-09-11T07:30:12+00:00,,2026-09-11T06:30:00+00:00,NO_EXCEPTION,
2026-09-11,2026-09-11T07:30:21+00:00,JP,9433,9433.T,KDDI,watchlist,ok,0.7,0.8086762421485112,2988837250.0,3695962728.0,9059165475092.416,3031.0,8857140.0,11523600.0,26845991340.0,34928031600.0,2684599134.0,1.30105203259743,0.002963406588966997,0.003855546165988128,,,,,,0.21152,0.38233003,0.007646276400000001,Yahoo Finance via yfinance,secondary,Yahoo Finance via yfinance,,https://finance.yahoo.com/quote/9433.T,2026-09-11T07:30:12+00:00,,2026-09-11T06:30:00+00:00,NO_EXCEPTION,
2026-09-11,2026-09-11T07:30:21+00:00,US,ACNB,ACNB,ACNB Corporation - Common Stock,screening,ok,0.7,0.9558119804419174,9760794.0,10212044.0,634646798.27615,65.02,76945.0,44798.0,4513391.475333333,2912765.96,451339.14753333334,0.5822080706998506,0.007883067709450686,0.004589585642315574,0.0419,409589.0,298559.0,0.37188629383137006,5.99,0.03907,0.4134,0.0111974,Yahoo Finance via yfinance,secondary,Yahoo Finance via yfinance,Yahoo Finance via yfinance,https://finance.yahoo.com/quote/ACNB,2026-09-11T07:30:12+00:00,2026-08-31T00:00:00+00:00,2026-09-10T20:00:01+00:00,SHORT_CROWDING|SHORT_INTEREST_RISING,
2026-09-11,2026-09-11T07:30:21+00:00,US,ADAM,ADAM,"Adamas Trust, Inc. - Common Stock",screening,ok,0.7,0.9381800041223952,84323418.0,89879786.0,771559235.3902578,9.15,885024.0,1536967.0,7918813.21,14063248.05,791881.321,1.7366387804172543,0.0104955897304827,0.018227048149305335,0.0419,3121326.0,2946071.0,0.05948770413204563,3.58,0.0673,0.57692003,-0.0428871,Yahoo Finance via yfinance,secondary,Yahoo Finance via yfinance,Yahoo Finance via yfinance,https://finance.yahoo.com/quote/ADAM,2026-09-11T07:30:12+00:00,2026-08-31T00:00:00+00:00,2026-09-10T20:00:00+00:00,VOLUME_EXPANSION|PRICE_DOWN_ON_VOLUME_EXPANSION,
2026-09-11,2026-09-11T07:30:21+00:00,US,BUSE,BUSE,First Busey Corporation - Common Stock,screening,ok,0.7,0.9634499968732196,79558768.0,82576956.0,2416995322.434284,30.38,803963.0,489937.0,20166729.067333333,14884286.059999999,2016672.9067333334,0.6094024227483106,0.010105272117838729,0.006158177311141872,0.048,3835080.0,3453109.0,0.11061654873912175,5.94,0.04281,0.68836,0.00562728,Yahoo Finance via yfinance,secondary,Yahoo Finance via yfinance,Yahoo Finance via yfinance,https://finance.yahoo.com/quote/BUSE,2026-09-11T07:30:12+00:00,2026-08-31T00:00:00+00:00,2026-09-10T20:00:01+00:00,SHORT_CROWDING,
2026-09-11,2026-09-11T07:30:21+00:00,US,CARE,CARE,"Carter Bankshares, Inc. - Common Stock",screening,ok,0.7,0.9167191440865542,21234819.0,23163931.0,671020343.1035894,31.6,396711.0,194593.0,10785302.253333334,6149138.8,1078530.2253333335,0.49051576588498935,0.018682099433011416,0.009163864311723119,0.0929,2102923.0,1973219.0,0.06573218684798787,5.62,0.02283,0.67195,0.00636945,Yahoo Finance via yfinance,secondary,Yahoo Finance via yfinance,Yahoo Finance via yfinance,https://finance.yahoo.com/quote/CARE,2026-09-11T07:30:12+00:00,2026-08-31T00:00:00+00:00,2026-09-10T20:00:01+00:00,SHORT_CROWDING,
2026-09-11,2026-09-11T07:30:21+00:00,US,CMBT,CMBT,CMB.TECH NV Ordinary Shares,screening,ok,0.7,0.3831399989845255,111175645.0,290169769.0,2154583775.1125298,19.38,1046239.0,692831.0,20993222.208,13427064.78,2099322.2208000002,0.6622110244408782,0.009410685226966751,0.006231859504840291,0.007900001,873518.0,1061520.0,-0.17710641344487155,0.87,0.56571,0.17516,0.00155032,Yahoo Finance via yfinance,secondary,Yahoo Finance via yfinance,Yahoo Finance via yfinance,https://finance.yahoo.com/quote/CMBT,2026-09-11T07:30:12+00:00,2026-08-31T00:00:00+00:00,2026-09-10T20:00:02+00:00,NO_EXCEPTION,
2026-09-11,2026-09-11T07:30:21+00:00,US,DBRG,DBRG,"DigitalBridge Group, Inc.",screening,ok,0.7,0.908229999665965,170288839.0,187495281.0,2710998366.3603706,15.92,3403042.0,1667820.0,58926260.40533333,26551694.4,5892626.040533334,0.49009680162630964,0.019983940345027543,0.00979406524698897,0.0659,12310093.0,12853886.0,-0.04230572762198137,3.06,0.0369,0.0101246,0.0,Yahoo Finance via yfinance,secondary,Yahoo Finance via yfinance,Yahoo Finance via yfinance,https://finance.yahoo.com/quote/DBRG,2026-09-11T07:30:12+00:00,2026-08-31T00:00:00+00:00,2026-09-10T20:00:03+00:00,NO_EXCEPTION,
2026-09-11,2026-09-11T07:30:21+00:00,US,EXE,EXE,Expand Energy Corporation - Common Stock,screening,ok,0.7,0.9628022120358903,230330065.0,239228849.0,22312073725.22179,96.87,3429408.0,2199478.0,242480247.057,213063433.86,24248024.705700003,0.6413579253328855,0.014889102731768864,0.009549244038115476,0.0364,8403425.0,8615910.0,-0.024661933562444394,3.23,0.0036000002,0.96426004,0.0025874599999999998,Yahoo Finance via yfinance,secondary,Yahoo Finance via yfinance,Yahoo Finance via yfinance,https://finance.yahoo.com/quote/EXE,2026-09-11T07:30:12+00:00,2026-08-31T00:00:00+00:00,2026-09-10T20:00:01+00:00,NO_EXCEPTION,
2026-09-11,2026-09-11T07:30:21+00:00,US,FRO,FRO,Frontline Plc Ordinary Shares,screening,ok,0.7,0.9974900020275992,222064106.0,222622889.0,10747903764.198637,48.4,2576467.0,4072192.0,110905939.61333333,197094092.79999998,11090593.961333334,1.5805333427519157,0.011602356843748534,0.018337911846050436,0.0675,9659307.0,8679685.0,0.11286377328209496,4.38,0.35786998,0.39575002,0.0252066,Yahoo Finance via yfinance,secondary,Yahoo Finance via yfinance,Yahoo Finance via yfinance,https://finance.yahoo.com/quote/FRO,2026-09-11T07:30:12+00:00,2026-08-31T00:00:00+00:00,2026-09-10T20:00:03+00:00,VOLUME_EXPANSION|PRICE_UP_ON_VOLUME_EXPANSION,
2026-09-11,2026-09-11T07:30:21+00:00,US,HTGC,HTGC,"Hercules Capital, Inc. Common Stock",screening,ok,0.7,0.9162066209313757,171480896.0,187164000.0,2982052774.1103473,17.39,1527724.0,1210130.0,29566929.560333334,21044160.7,2956692.9560333337,0.7921129732857506,0.008909004067718424,0.007056937701095287,0.0473,8676895.0,10995680.0,-0.2108814552624303,4.86,0.01966,0.36435002,-0.012493,Yahoo Finance via yfinance,secondary,Yahoo Finance via yfinance,Yahoo Finance via yfinance,https://finance.yahoo.com/quote/HTGC,2026-09-11T07:30:12+00:00,2026-08-31T00:00:00+00:00,2026-09-10T20:00:02+00:00,SHORT_INTEREST_FALLING,
2026-09-11,2026-09-11T07:30:21+00:00,US,INSW,INSW,"International Seaways, Inc. Common Stock",screening,ok,0.7,0.8375000007570969,41482473.0,49531311.0,4237019971.8302503,102.14,572570.0,542755.0,55744215.796666674,55436995.7,5574421.579666668,0.947927764290829,0.01380269686428772,0.013083959579748295,0.0859,2990869.0,2144051.0,0.3949616870121093,5.75,0.16228001,0.84879994,0.025811,Yahoo Finance via yfinance,secondary,Yahoo Finance via yfinance,Yahoo Finance via yfinance,https://finance.yahoo.com/quote/INSW,2026-09-11T07:30:12+00:00,2026-08-31T00:00:00+00:00,2026-09-10T20:00:03+00:00,SHORT_CROWDING|SHORT_INTEREST_RISING,
2026-09-11,2026-09-11T07:30:21+00:00,US,LPG,LPG,Dorian LPG Ltd. Common Stock,screening,ok,0.7,0.8576499915935609,36692566.0,42782681.0,1996442535.6058433,54.41,660982.0,543392.0,30921427.894666664,29565958.72,3092142.7894666665,0.8220980299009656,0.01801405767042839,0.014809321321381557,0.059699997,1880142.0,2324680.0,-0.19122545898790366,3.4,0.1426,0.74887,0.014544099999999999,Yahoo Finance via yfinance,secondary,Yahoo Finance via yfinance,Yahoo Finance via yfinance,https://finance.yahoo.com/quote/LPG,2026-09-11T07:30:12+00:00,2026-08-31T00:00:00+00:00,2026-09-10T20:00:03+00:00,NO_EXCEPTION,
2026-09-11,2026-09-10T22:27:06+00:00,US,LTC,LTC,"LTC Properties, Inc. Common Stock",screening,ok,0.7,0.7124968345103825,38407543.0,53905563.0,1632320626.3060331,42.5,568045.0,495096.0,21940066.42833333,21041580.0,2194006.642833333,0.8715788361837531,0.014789933321170791,0.012890592871301348,0.051799998,2328976.0,2647099.0,-0.12017797596538704,3.92,0.02094,0.83844,-0.00117507,Yahoo Finance via yfinance,secondary,Yahoo Finance via yfinance,Yahoo Finance via yfinance,https://finance.yahoo.com/quote/LTC,2026-09-10T22:27:02+00:00,2026-08-14T00:00:00+00:00,2026-09-10T20:00:02+00:00,NO_EXCEPTION,
2026-09-11,2026-09-11T07:30:21+00:00,US,MRP,MRP,"Millrose Properties, Inc. Class A Common Stock",screening,ok,0.7,0.9927145255408554,153104491.0,154228116.0,4877561681.06461,29.59,1358800.0,1330576.0,31241315.321333338,39371743.839999996,3124131.532133334,0.9792287312334412,0.008874984601202849,0.008690639910752194,0.0545,7236096.0,7024875.0,0.030067581273688138,7.3,0.01128,0.93869,-0.0295179,Yahoo Finance via yfinance,secondary,Yahoo Finance via yfinance,Yahoo Finance via yfinance,https://finance.yahoo.com/quote/MRP,2026-09-11T07:30:12+00:00,2026-08-31T00:00:00+00:00,2026-09-10T20:00:02+00:00,SHORT_CROWDING,
2026-09-11,2026-09-11T07:30:21+00:00,US,NWFL,NWFL,Norwood Financial Corp. - Common Stock,screening,ok,0.7,0.903001575663493,9844590.0,10902074.0,338850777.7947425,34.42,42457.0,18365.0,1154166.8506666669,632123.3,115416.68506666669,0.43255529123583863,0.00431272404437361,0.0018654916050338307,0.0153,153518.0,125968.0,0.21870633811761708,4.45,0.08087,0.41404,0.0,Yahoo Finance via yfinance,secondary,Yahoo Finance via yfinance,Yahoo Finance via yfinance,https://finance.yahoo.com/quote/NWFL,2026-09-11T07:30:12+00:00,2026-08-31T00:00:00+00:00,2026-09-10T20:00:00+00:00,SHORT_INTEREST_RISING,
2026-09-11,2026-09-11T07:30:21+00:00,US,STNG,STNG,Scorpio Tankers Inc. Common Shares,screening,ok,0.7,0.77035645922658,38580493.0,50081352.0,3260437449.933355,84.51,801286.0,1151699.0,66487369.230000004,97330082.49000001,6648736.923,1.4373132689202108,0.02076920064240755,0.02985184766819854,0.044699997,2102583.0,2042701.0,0.02931510779110602,2.79,0.14608,0.74711,0.0174573,Yahoo Finance via yfinance,secondary,Yahoo Finance via yfinance,Yahoo Finance via yfinance,https://finance.yahoo.com/quote/STNG,2026-09-11T07:30:12+00:00,2026-08-31T00:00:00+00:00,2026-09-10T20:00:02+00:00,HIGH_FLOAT_TURNOVER,
2026-09-11,2026-09-11T07:30:21+00:00,US,TEN,TEN,Tsakos Energy Navigation Ltd Common Shares,screening,ok,0.7,0.714759717193565,21533997.0,30127603.0,962785044.374106,44.71,247000.0,713935.0,10926022.643666668,31920033.85,1092602.2643666668,2.890425101214575,0.0114702347176885,0.03315385434482971,0.0077,204453.0,319617.0,-0.3603187565117,1.01,0.28069,0.34032002,0.008799630000000001,Yahoo Finance via yfinance,secondary,Yahoo Finance via yfinance,Yahoo Finance via yfinance,https://finance.yahoo.com/quote/TEN,2026-09-11T07:30:12+00:00,2026-08-14T00:00:00+00:00,2026-09-10T20:00:02+00:00,SHORT_INTEREST_FALLING|VOLUME_EXPANSION,
2026-09-11,2026-09-11T07:30:21+00:00,US,TRMD,TRMD,TORM plc - Class A Common Stock,screening,ok,0.7,0.6628261272628527,67866624.0,102389784.0,2348185149.03965,34.6,748781.0,1703492.0,25538656.74666667,58940823.2,2553865.6746666674,2.275020333047981,0.011033125796857083,0.025100585524926066,0.024600001,1503123.0,981779.0,0.5310197101384324,2.48,0.1447,0.51009,0.0465819,Yahoo Finance via yfinance,secondary,Yahoo Finance via yfinance,Yahoo Finance via yfinance,https://finance.yahoo.com/quote/TRMD,2026-09-11T07:30:12+00:00,2026-08-31T00:00:00+00:00,2026-09-10T20:00:00+00:00,SHORT_INTEREST_RISING|VOLUME_EXPANSION|PRICE_UP_ON_VOLUME_EXPANSION,
2026-09-11,2026-09-11T07:30:21+00:00,US,WSBC,WSBC,"WesBanco, Inc. - Common Stock",screening,ok,0.7,0.9637600043517661,92430260.0,95905889.0,3720317903.0784197,40.25,1319430.0,1010699.0,32755361.450000003,40680634.75,3275536.1450000005,0.7660118384453893,0.014274870588917526,0.010934719863386731,0.0738,6971098.0,6540707.0,0.06580190795887964,9.89,0.02121,0.86531997,0.0044921499999999994,Yahoo Finance via yfinance,secondary,Yahoo Finance via yfinance,Yahoo Finance via yfinance,https://finance.yahoo.com/quote/WSBC,2026-09-11T07:30:12+00:00,2026-08-31T00:00:00+00:00,2026-09-10T20:00:01+00:00,SHORT_CROWDING,
2026-09-14,2026-09-14T07:31:59+00:00,JP,2121,2121.T,"MIXI,Inc.",screening,ok,0.7,0.4159138264835786,27163060.0,65309346.0,102812176436.08551,3785.0,373206.0,442400.0,1675556416.6666665,1674484000.0,167555641.66666666,1.1854043075406075,0.013739468233696792,0.01628682482754152,,,,,,0.55367,0.12642999,0.036986303,Yahoo Finance via yfinance,secondary,Yahoo Finance via yfinance,,https://finance.yahoo.com/quote/2121.T,2026-09-14T07:31:53+00:00,,2026-09-14T06:30:00+00:00,NO_EXCEPTION,
2026-09-14,2026-09-14T07:31:59+00:00,JP,215A,215A.T,タイミー,watchlist,ok,0.7,0.6426599969918524,64096207.0,99735797.0,88452764228.15353,1380.0,1919092.0,4860100.0,2648346960.0,6706938000.0,264834696.0,2.5324997446709174,0.0299408044535303,0.07582507963380734,,,,,,0.29632,0.35139,0.061538462999999995,Yahoo Finance via yfinance,secondary,Yahoo Finance via yfinance,,https://finance.yahoo.com/quote/215A.T,2026-09-14T07:31:53+00:00,,2026-09-14T06:30:00+00:00,HIGH_FLOAT_TURNOVER|VOLUME_EXPANSION|PRICE_UP_ON_VOLUME_EXPANSION,
2026-09-14,2026-09-14T07:31:59+00:00,JP,2726,2726.T,パルグループホールディングス,watchlist,ok,0.7,0.5722495922334446,99020070.0,173036506.0,149223250719.21677,1507.0,849187.0,689900.0,1279724809.0,1039679300.0,127972480.9,0.8124241185981416,0.008575907894227908,0.006967274412146952,,,,,,0.41304,0.28685,0.017555707,Yahoo Finance via yfinance,secondary,Yahoo Finance via yfinance,,https://finance.yahoo.com/quote/2726.T,2026-09-14T07:31:53+00:00,,2026-09-14T06:30:00+00:00,NO_EXCEPTION,
2026-09-14,2026-09-14T07:31:59+00:00,JP,3635,3635.T,"KOEI TECMO HOLDINGS CO.,LTD.",screening,ok,0.7,0.37631020327800013,125776962.0,334237448.0,212563060114.2736,1690.0,1152453.0,838200.0,1567306000.0,1416558000.0,156730600.0,0.7273181639511547,0.009162671618670517,0.006664177498578794,,,,,,0.6098,0.17806,0.027667985000000003,Yahoo Finance via yfinance,secondary,Yahoo Finance via yfinance,,https://finance.yahoo.com/quote/3635.T,2026-09-14T07:31:53+00:00,,2026-09-14T06:30:00+00:00,NO_EXCEPTION,
2026-09-14,2026-09-14T07:31:59+00:00,JP,3932,3932.T,Akatsuki Inc.,screening,ok,0.7,0.5529050941984233,7974146.0,14422269.0,28627184716.127106,3590.0,87030.0,79800.0,384333433.3333334,286482000.0,38433343.333333336,0.9169251982075146,0.010914021388622682,0.010007341225003906,,,,,,0.29354,0.15213999,0.049707603,Yahoo Finance via yfinance,secondary,Yahoo Finance via yfinance,,https://finance.yahoo.com/quote/3932.T,2026-09-14T07:31:53+00:00,,2026-09-14T06:30:00+00:00,NO_EXCEPTION,
2026-09-14,2026-09-14T07:31:59+00:00,JP,3989,3989.T,SHARINGTECHNOLOGY.INC,screening,ok,0.7,0.37518996589775494,8978772.0,23931269.0,13863222992.506088,1544.0,303553.0,816400.0,595109066.6666666,1260521600.0,59510906.666666664,2.689480914370802,0.03380785256603019,0.09092557423220013,,,,,,0.11089,0.58975,0.0,Yahoo Finance via yfinance,secondary,Yahoo Finance via yfinance,,https://finance.yahoo.com/quote/3989.T,2026-09-14T07:31:53+00:00,,2026-09-14T06:30:00+00:00,HIGH_FLOAT_TURNOVER|VOLUME_EXPANSION,
2026-09-14,2026-09-14T07:31:59+00:00,JP,4063,4063.T,信越化学工業,watchlist,partial,0.35,,1858411572.0,1815064711.0,,5750.0,7242765.0,5632400.0,41645898750.0,32386300000.0,4164589875.0,0.7776588084799106,0.0038972879361730533,0.003030760292747467,,,,,,0.00942,0.56146,0.0020913209,,missing,Yahoo Finance via yfinance,,https://finance.yahoo.com/quote/4063.T,2026-09-14T07:31:53+00:00,,2026-09-14T06:30:00+00:00,NO_EXCEPTION,INVALID_FREE_FLOAT_RATIO
2026-09-14,2026-09-14T07:31:59+00:00,JP,4763,4763.T,"CREEK & RIVER Co.,Ltd.",screening,ok,0.7,0.4166399884846593,8822448.0,21175231.0,13092513770.273254,1484.0,49312.0,27100.0,63821893.33333333,40216400.0,6382189.333333333,0.5495619727449708,0.0055893783675460594,0.003071709802086677,,,,,,0.51054,0.13725,0.019931271,Yahoo Finance via yfinance,secondary,Yahoo Finance via yfinance,,https://finance.yahoo.com/quote/4763.T,2026-09-14T07:31:53+00:00,,2026-09-14T06:30:00+00:00,NO_EXCEPTION,
2026-09-14,2026-09-14T07:31:59+00:00,JP,5351,5351.T,"SHINAGAWA REFRA CO.,LTD.",screening,ok,0.7,0.557309997650829,25431794.0,45633120.0,52186042215.36383,2052.0,115552.0,95100.0,236999160.0,195145200.0,23699916.0,0.8230060924951537,0.004543603962819139,0.003739413743285275,,,,,,0.40639,0.20515,0.018362284,Yahoo Finance via yfinance,secondary,Yahoo Finance via yfinance,,https://finance.yahoo.com/quote/5351.T,2026-09-14T07:31:53+00:00,,2026-09-14T06:30:00+00:00,NO_EXCEPTION,
2026-09-14,2026-09-14T07:31:59+00:00,JP,6701,6701.T,NEC,watchlist,ok,0.7,0.9506786767523828,1260926975.0,1326344017.0,6114235215908.706,4849.0,7070726.0,7721300.0,34285950374.0,37440583700.0,3428595037.4,1.092009505105982,0.005607561849487755,0.006123510840110308,,,,,,0.049629997,0.5532,0.06900353,Yahoo Finance via yfinance,secondary,Yahoo Finance via yfinance,,https://finance.yahoo.com/quote/6701.T,2026-09-14T07:31:53+00:00,,2026-09-14T06:30:00+00:00,NO_EXCEPTION,
2026-09-14,2026-09-14T07:31:59+00:00,JP,6750,6750.T,"ELECOM CO.,LTD.",screening,ok,0.7,0.5780000013409716,46551319.0,80538614.0,93521600237.452,2009.0,196971.0,180500.0,406018900.0,362624500.0,40601890.0,0.9163785531880327,0.004231265713437679,0.00387744115263415,,,,,,0.35237998,0.18541999,0.027621484,Yahoo Finance via yfinance,secondary,Yahoo Finance via yfinance,,https://finance.yahoo.com/quote/6750.T,2026-09-14T07:31:53+00:00,,2026-09-14T06:30:00+00:00,NO_EXCEPTION,
2026-09-14,2026-09-14T07:31:59+00:00,JP,6927,6927.T,"Helios Techno Holding Co.,Ltd.",screening,ok,0.7,0.6827199948081903,12392506.0,18151667.0,12045516768.691833,972.0,56103.0,34000.0,51217920.0,33048000.0,5121792.0,0.6060281981355721,0.004527171501873793,0.002743593587931287,,,,,,0.10182,0.36652002,0.005170631,Yahoo Finance via yfinance,secondary,Yahoo Finance via yfinance,,https://finance.yahoo.com/quote/6927.T,2026-09-14T07:31:53+00:00,,2026-09-14T06:30:00+00:00,NO_EXCEPTION,
2026-09-14,2026-09-14T07:31:59+00:00,JP,6965,6965.T,浜松ホトニクス,watchlist,ok,0.7,0.9695962600852256,279958167.0,288736847.0,603589799779.4047,2156.0,3080587.0,2079100.0,6641745572.0,4482539600.0,664174557.2,0.6749038413782827,0.011003740426690249,0.007426466683502753,,,,,,0.028299998,0.43302,-0.016871866,Yahoo Finance via yfinance,secondary,Yahoo Finance via yfinance,,https://finance.yahoo.com/quote/6965.T,2026-09-14T07:31:53+00:00,,2026-09-14T06:30:00+00:00,NO_EXCEPTION,
2026-09-14,2026-09-14T07:31:59+00:00,JP,8473,8473.T,"SBI Holdings,Inc.",screening,ok,0.7,0.8994958972956602,581426675.0,646391692.0,1934406491434.5466,3327.0,4154280.0,2494300.0,12939601290.0,8298536100.0,1293960129.0,0.600416919418046,0.0071449766215146565,0.004289964852403788,,,,,,0.17643999,0.46098,0.019926425,Yahoo Finance via yfinance,secondary,Yahoo Finance via yfinance,,https://finance.yahoo.com/quote/8473.T,2026-09-14T07:31:53+00:00,,2026-09-14T06:30:00+00:00,NO_EXCEPTION,
2026-09-14,2026-09-14T07:31:59+00:00,JP,8622,8622.T,"Mito Securities Co.,Ltd.",screening,ok,0.7,0.7781399936125979,46870633.0,60234191.0,44011525528.53137,939.0,350355.0,349000.0,400561750.0,327711000.0,40056175.0,0.99613249418447,0.007474936385006791,0.0074460270250670604,,,,,,0.19357,0.20937,-0.012618297,Yahoo Finance via yfinance,secondary,Yahoo Finance via yfinance,,https://finance.yahoo.com/quote/8622.T,2026-09-14T07:31:53+00:00,,2026-09-14T06:30:00+00:00,NO_EXCEPTION,
2026-09-14,2026-09-14T07:31:59+00:00,JP,8624,8624.T,"Ichiyoshi Securities Co.,Ltd.",screening,ok,0.7,0.717407194113338,23072126.0,32160433.0,39522549931.84908,1713.0,136444.0,90600.0,229148010.0,155197800.0,22914801.0,0.6640086775526957,0.005913802655203946,0.003926816280389592,,,,,,0.05889,0.28165,0.0082401407,Yahoo Finance via yfinance,secondary,Yahoo Finance via yfinance,,https://finance.yahoo.com/quote/8624.T,2026-09-14T07:31:53+00:00,,2026-09-14T06:30:00+00:00,NO_EXCEPTION,
2026-09-14,2026-09-14T07:31:59+00:00,JP,8707,8707.T,"IwaiCosmo Holdings,Inc.",screening,ok,0.7,0.8149799957213514,19142841.0,23488725.0,89875632989.81012,4695.0,110085.0,73400.0,533148550.0,344613000.0,53314855.0,0.6667575055638825,0.005750713804706417,0.003834331591637835,,,,,,0.17061001,0.16775998,0.005353319,Yahoo Finance via yfinance,secondary,Yahoo Finance via yfinance,,https://finance.yahoo.com/quote/8707.T,2026-09-14T07:31:53+00:00,,2026-09-14T06:30:00+00:00,NO_EXCEPTION,
2026-09-14,2026-09-14T07:31:59+00:00,JP,8789,8789.T,FinTech Global Incorporated,screening,ok,0.7,0.8353899981648155,160838511.0,192531047.0,25734161679.802563,160.0,1103906.0,1856000.0,274070400.0,296960000.0,27407040.0,1.6813025746757424,0.0068634432956171795,0.011539524884062126,,,,,,0.14125,0.0321,0.006289308,Yahoo Finance via yfinance,secondary,Yahoo Finance via yfinance,,https://finance.yahoo.com/quote/8789.T,2026-09-14T07:31:53+00:00,,2026-09-14T06:30:00+00:00,VOLUME_EXPANSION,
2026-09-14,2026-09-14T07:31:59+00:00,JP,9433,9433.T,KDDI,watchlist,ok,0.7,0.8086762421485112,2988837250.0,3695962728.0,9175730090196.92,3070.0,8855769.0,6135200.0,27187210830.0,18835064000.0,2718721083.0,0.6927913318425537,0.0029629478821571833,0.002052704609459749,,,,,,0.21152,0.37928,0.012867041,Yahoo Finance via yfinance,secondary,Yahoo Finance via yfinance,,https://finance.yahoo.com/quote/9433.T,2026-09-14T07:31:53+00:00,,2026-09-14T06:30:00+00:00,NO_EXCEPTION,
2026-09-14,2026-09-13T22:28:59+00:00,US,ACNB,ACNB,ACNB Corporation - Common Stock,screening,ok,0.7,0.9597700279156297,9760794.0,10169930.0,636306213.9352826,65.19,76529.0,63414.0,4513391.475333333,4133958.6599999997,451339.14753333334,0.8286270564099883,0.007840448225830809,0.006496807534305099,0.0419,409589.0,298559.0,0.37188629383137006,5.99,0.03907,0.41347,0.0026146694999999998,Yahoo Finance via yfinance,secondary,Yahoo Finance via yfinance,Yahoo Finance via yfinance,https://finance.yahoo.com/quote/ACNB,2026-09-13T22:28:49+00:00,2026-08-31T00:00:00+00:00,2026-09-11T20:00:01+00:00,SHORT_CROWDING|SHORT_INTEREST_RISING,
2026-09-14,2026-09-14T07:31:59+00:00,US,ADAM,ADAM,"Adamas Trust, Inc. - Common Stock",screening,ok,0.7,0.9381800041223952,84323418.0,89879786.0,766499848.2857867,9.09,896170.0,1022881.0,7631080.755,9297988.29,763108.0755,1.1413917002354463,0.010627771279385283,0.012130449930291014,0.0419,3121326.0,2946071.0,0.05948770413204563,3.58,0.0673,0.57606,-0.0065573186000000006,Yahoo Finance via yfinance,secondary,Yahoo Finance via yfinance,Yahoo Finance via yfinance,https://finance.yahoo.com/quote/ADAM,2026-09-14T07:31:53+00:00,2026-08-31T00:00:00+00:00,2026-09-11T20:00:00+00:00,NO_EXCEPTION,
2026-09-14,2026-09-14T07:31:59+00:00,US,BUSE,BUSE,First Busey Corporation - Common Stock,screening,ok,0.7,0.9634499968732196,79558768.0,82576956.0,2421769101.554791,30.44,795569.0,491905.0,19463365.425333336,14973588.200000001,1946336.5425333336,0.6183058917579745,0.009999765205011722,0.006182913742455137,0.048,3835080.0,3453109.0,0.11061654873912175,5.94,0.04281,0.68755996,0.0019750288,Yahoo Finance via yfinance,secondary,Yahoo Finance via yfinance,Yahoo Finance via yfinance,https://finance.yahoo.com/quote/BUSE,2026-09-14T07:31:53+00:00,2026-08-31T00:00:00+00:00,2026-09-11T20:00:01+00:00,SHORT_CROWDING,
2026-09-14,2026-09-14T07:31:59+00:00,US,CARE,CARE,"Carter Bankshares, Inc. - Common Stock",screening,ok,0.7,0.9167191440865542,21234819.0,23163931.0,663163429.3359965,31.23,390104.0,230987.0,10439717.427000001,7213724.01,1043971.7427000002,0.5921164612513586,0.01837095950758987,0.010877747533426114,0.0929,2102923.0,1973219.0,0.06573218684798787,5.62,0.02283,0.67274004,-0.011708887999999999,Yahoo Finance via yfinance,secondary,Yahoo Finance via yfinance,Yahoo Finance via yfinance,https://finance.yahoo.com/quote/CARE,2026-09-14T07:31:53+00:00,2026-08-31T00:00:00+00:00,2026-09-11T20:00:01+00:00,SHORT_CROWDING,
2026-09-14,2026-09-14T07:31:59+00:00,US,CMBT,CMBT,CMB.TECH NV Ordinary Shares,screening,ok,0.7,0.3831399989845255,111175645.0,290169769.0,2165701382.1793838,19.48,1053635.0,845202.0,21245176.304,16464534.96,2124517.6304,0.8021772245606875,0.009477210588704028,0.007602402486623756,0.007900001,873518.0,1061520.0,-0.17710641344487155,0.87,0.56571,0.17355,0.00515998,Yahoo Finance via yfinance,secondary,Yahoo Finance via yfinance,Yahoo Finance via yfinance,https://finance.yahoo.com/quote/CMBT,2026-09-14T07:31:53+00:00,2026-08-31T00:00:00+00:00,2026-09-11T20:00:02+00:00,NO_EXCEPTION,
2026-09-14,2026-09-14T07:31:59+00:00,US,DBRG,DBRG,"DigitalBridge Group, Inc.",screening,ok,0.7,0.908229999665965,170288839.0,187495281.0,2707592373.0765033,15.9,3511787.0,10236792.0,63419241.910000004,162764992.8,6341924.191000001,2.9149808914948427,0.02062253181490068,0.060114286174679954,0.0659,12310093.0,12853886.0,-0.04230572762198137,3.06,0.0369,0.010117099000000001,-0.0012563099999999998,Yahoo Finance via yfinance,secondary,Yahoo Finance via yfinance,Yahoo Finance via yfinance,https://finance.yahoo.com/quote/DBRG,2026-09-14T07:31:53+00:00,2026-08-31T00:00:00+00:00,2026-09-11T20:00:03+00:00,HIGH_FLOAT_TURNOVER|VOLUME_EXPANSION,
2026-09-14,2026-09-13T22:28:59+00:00,US,EXE,EXE,Expand Energy Corporation - Common Stock,screening,ok,0.7,0.9949300009081061,230330065.0,231503789.0,21842201028.16651,94.83,3415306.0,3501273.0,242480247.057,332025718.59,24248024.705700003,1.0251710974067916,0.014827877550418787,0.015201111500576358,0.0364,8403425.0,8615910.0,-0.024661933562444394,3.23,0.0036000002,0.96375,-0.02105916,Yahoo Finance via yfinance,secondary,Yahoo Finance via yfinance,Yahoo Finance via yfinance,https://finance.yahoo.com/quote/EXE,2026-09-13T22:28:49+00:00,2026-08-31T00:00:00+00:00,2026-09-11T20:00:01+00:00,NO_EXCEPTION,
2026-09-14,2026-09-14T07:31:59+00:00,US,FRO,FRO,Frontline Plc Ordinary Shares,screening,ok,0.7,0.9974900020275992,222064106.0,222622889.0,10927774481.01098,49.21,2590485.0,3692815.0,115296895.92633334,181723426.15,11529689.592633335,1.4255303543544935,0.011665482759289338,0.016629499771565963,0.0675,9659307.0,8679685.0,0.11286377328209496,4.38,0.35786998,0.39514,0.0167355,Yahoo Finance via yfinance,secondary,Yahoo Finance via yfinance,Yahoo Finance via yfinance,https://finance.yahoo.com/quote/FRO,2026-09-14T07:31:53+00:00,2026-08-31T00:00:00+00:00,2026-09-11T20:00:02+00:00,NO_EXCEPTION,
2026-09-14,2026-09-14T07:31:59+00:00,US,HTGC,HTGC,"Hercules Capital, Inc. Common Stock",screening,ok,0.7,0.9162066209313757,171480896.0,187164000.0,2985482348.052429,17.41,1520953.0,860148.0,28910389.062666666,14975176.68,2891038.906266667,0.5655322682554951,0.008869518619730095,0.005015998983350309,0.0473,8676895.0,10995680.0,-0.2108814552624303,4.86,0.01966,0.36435002,0.00115011,Yahoo Finance via yfinance,secondary,Yahoo Finance via yfinance,Yahoo Finance via yfinance,https://finance.yahoo.com/quote/HTGC,2026-09-14T07:31:53+00:00,2026-08-31T00:00:00+00:00,2026-09-11T20:00:02+00:00,SHORT_INTEREST_FALLING,
2026-09-14,2026-09-14T07:31:59+00:00,US,IMPP,IMPP,Imperial Petroleum Inc. - Common Shares,screening,ok,0.7,0.46181111496772737,21068495.0,45621455.0,121986585.842185,5.79,337030.0,1077825.0,2416831.113000005,6240606.75,241683.1113000005,3.198009079310447,0.015996871157621842,0.051158139202634074,0.1097,3519435.0,3424659.0,0.027674580155279793,9.67,0.31348,0.31012,0.033006237,Yahoo Finance via yfinance,secondary,Yahoo Finance via yfinance,Yahoo Finance via yfinance,https://finance.yahoo.com/quote/IMPP,2026-09-14T07:31:53+00:00,2026-08-31T00:00:00+00:00,2026-09-11T20:00:01+00:00,SHORT_CROWDING|VOLUME_EXPANSION|PRICE_UP_ON_VOLUME_EXPANSION|POTENTIAL_SHORT_SQUEEZE_CONTEXT,
2026-09-14,2026-09-14T07:31:59+00:00,US,INSW,INSW,"International Seaways, Inc. Common Stock",screening,ok,0.7,0.8375000007570969,41482473.0,49531311.0,4299658647.086875,103.65,580872.0,1029355.0,58648400.425,106692645.75,5864840.0425,1.7720857607183682,0.014002829580579731,0.0248142149095113,0.0859,2990869.0,2144051.0,0.3949616870121093,5.75,0.16228001,0.84772,0.0147837,Yahoo Finance via yfinance,secondary,Yahoo Finance via yfinance,Yahoo Finance via yfinance,https://finance.yahoo.com/quote/INSW,2026-09-14T07:31:53+00:00,2026-08-31T00:00:00+00:00,2026-09-11T20:00:03+00:00,SHORT_CROWDING|SHORT_INTEREST_RISING|VOLUME_EXPANSION,
2026-09-14,2026-09-14T07:31:59+00:00,US,LPG,LPG,Dorian LPG Ltd. Common Stock,screening,ok,0.7,0.8583800066199685,36723798.0,42782681.0,2026419131.0815194,55.18,661377.0,377092.0,31284164.889333334,20807936.56,3128416.4889333337,0.5701619499922133,0.018009493462522584,0.010268327910963894,0.059699997,1880142.0,2324680.0,-0.19122545898790366,3.4,0.14227,0.74677,0.0141518,Yahoo Finance via yfinance,secondary,Yahoo Finance via yfinance,Yahoo Finance via yfinance,https://finance.yahoo.com/quote/LPG,2026-09-14T07:31:53+00:00,2026-08-31T00:00:00+00:00,2026-09-11T20:00:03+00:00,NO_EXCEPTION,
2026-09-14,2026-09-14T07:31:59+00:00,US,LTC,LTC,"LTC Properties, Inc. Common Stock",screening,ok,0.7,0.7124968345103825,38407543.0,53905563.0,1623486851.152837,42.27,567466.0,461532.0,22035510.217,19508957.64,2203551.0217,0.8133209742962574,0.014774858157419754,0.01201670203168164,0.056199998,2529149.0,2287237.0,0.10576603998623657,4.91,0.02094,0.83761,-0.00541175,Yahoo Finance via yfinance,secondary,Yahoo Finance via yfinance,Yahoo Finance via yfinance,https://finance.yahoo.com/quote/LTC,2026-09-14T07:31:53+00:00,2026-08-31T00:00:00+00:00,2026-09-11T20:00:02+00:00,NO_EXCEPTION,
2026-09-14,2026-09-14T07:31:59+00:00,US,MRP,MRP,"Millrose Properties, Inc. Class A Common Stock",screening,ok,0.7,0.9927145255408554,153104491.0,154228116.0,4894045888.420689,29.69,1350516.0,833405.0,31006981.102666665,24743794.45,3100698.110266667,0.6171011672575519,0.008820877762494897,0.005443373963471784,0.0545,7236096.0,7024875.0,0.030067581273688138,7.3,0.01128,0.93811995,0.00337953,Yahoo Finance via yfinance,secondary,Yahoo Finance via yfinance,Yahoo Finance via yfinance,https://finance.yahoo.com/quote/MRP,2026-09-14T07:31:53+00:00,2026-08-31T00:00:00+00:00,2026-09-11T20:00:02+00:00,SHORT_CROWDING,
2026-09-14,2026-09-14T07:31:59+00:00,US,NWFL,NWFL,Norwood Financial Corp. - Common Stock,screening,ok,0.7,0.903001575663493,9844590.0,10902074.0,339835237.3365435,34.52,42253.0,35376.0,1147286.0080000001,1221179.52,114728.60080000001,0.8372423259886872,0.004292002003130653,0.003593445740249213,0.0153,153518.0,125968.0,0.21870633811761708,4.45,0.08087,0.41404998,0.0029053545,Yahoo Finance via yfinance,secondary,Yahoo Finance via yfinance,Yahoo Finance via yfinance,https://finance.yahoo.com/quote/NWFL,2026-09-14T07:31:53+00:00,2026-08-31T00:00:00+00:00,2026-09-11T20:00:00+00:00,SHORT_INTEREST_RISING,
2026-09-14,2026-09-14T07:31:59+00:00,US,STNG,STNG,Scorpio Tankers Inc. Common Shares,screening,ok,0.7,0.77035645922658,38580493.0,50081352.0,3260823195.1453223,84.52,816841.0,1075989.0,65894803.729333326,90942590.28,6589480.372933333,1.3172563571123388,0.021172383670680413,0.027889456985425252,0.044699997,2102583.0,2042701.0,0.02931510779110602,2.79,0.14608,0.74878997,0.000118264,Yahoo Finance via yfinance,secondary,Yahoo Finance via yfinance,Yahoo Finance via yfinance,https://finance.yahoo.com/quote/STNG,2026-09-14T07:31:53+00:00,2026-08-31T00:00:00+00:00,2026-09-11T20:00:02+00:00,HIGH_FLOAT_TURNOVER,
2026-09-14,2026-09-14T07:31:59+00:00,US,TEN,TEN,Tsakos Energy Navigation Ltd Common Shares,screening,ok,0.7,0.7147716663685458,21534357.0,30127603.0,1031495797.7233782,47.9,269051.0,1060368.0,13190449.726666667,50791627.199999996,1319044.9726666668,3.9411412706141213,0.01249403453281656,0.04924075513376137,0.0084,223819.0,328207.0,-0.31805537359044744,1.04,0.28069,0.34032002,0.0713487,Yahoo Finance via yfinance,secondary,Yahoo Finance via yfinance,Yahoo Finance via yfinance,https://finance.yahoo.com/quote/TEN,2026-09-14T07:31:53+00:00,2026-08-31T00:00:00+00:00,2026-09-11T20:00:02+00:00,SHORT_INTEREST_FALLING|VOLUME_EXPANSION|PRICE_UP_ON_VOLUME_EXPANSION,
2026-09-14,2026-09-14T07:31:59+00:00,US,TRMD,TRMD,TORM plc - Class A Common Stock,screening,ok,0.7,0.6626223829080341,67866624.0,102421267.0,2380761298.230198,35.08,774800.0,1359617.0,27089866.987999998,47695364.36,2708986.6988,1.7547973670624677,0.011416510124328566,0.020033661907213774,0.024600001,1503123.0,981779.0,0.5310197101384324,2.48,0.1447,0.51005,0.01387293,Yahoo Finance via yfinance,secondary,Yahoo Finance via yfinance,Yahoo Finance via yfinance,https://finance.yahoo.com/quote/TRMD,2026-09-14T07:31:53+00:00,2026-08-31T00:00:00+00:00,2026-09-11T20:00:01+00:00,SHORT_INTEREST_RISING|VOLUME_EXPANSION,
2026-09-14,2026-09-14T07:31:59+00:00,US,WSBC,WSBC,"WesBanco, Inc. - Common Stock",screening,ok,0.7,0.9637600043517661,92430260.0,95905889.0,3713847850.6357646,40.18,1308977.0,964084.0,32971951.758666664,38736895.12,3297195.1758666667,0.7365171427763819,0.014161779919260207,0.010430393682761468,0.0738,6971098.0,6540707.0,0.06580190795887964,9.89,0.02121,0.86458,-0.0017391229,Yahoo Finance via yfinance,secondary,Yahoo Finance via yfinance,Yahoo Finance via yfinance,https://finance.yahoo.com/quote/WSBC,2026-09-14T07:31:53+00:00,2026-08-31T00:00:00+00:00,2026-09-11T20:00:00+00:00,SHORT_CROWDING,
2026-09-15,2026-09-15T07:32:41+00:00,JP,2121,2121.T,"MIXI,Inc.",screening,ok,0.7,0.4159138264835786,27163060.0,65309346.0,103898701251.71301,3825.0,374287.0,294000.0,1515592500.0,1124550000.0,151559250.0,0.7854934849460441,0.013779264928178195,0.010823522828429492,,,,,,0.55367,0.12642999,0.010568032,Yahoo Finance via yfinance,secondary,Yahoo Finance via yfinance,,https://finance.yahoo.com/quote/2121.T,2026-09-15T07:32:28+00:00,,2026-09-15T06:30:00+00:00,NO_EXCEPTION,
2026-09-15,2026-09-15T07:32:41+00:00,JP,215A,215A.T,タイミー,watchlist,ok,0.7,0.6426599969918524,64096207.0,99735797.0,84350611792.39159,1316.0,1965045.0,3419900.0,2585999220.0,4500588400.0,258599922.0,1.7403672689429504,0.030657742352835325,0.05335573133056064,,,,,,0.29632,0.35139,-0.046376815,Yahoo Finance via yfinance,secondary,Yahoo Finance via yfinance,,https://finance.yahoo.com/quote/215A.T,2026-09-15T07:32:28+00:00,,2026-09-15T06:30:00+00:00,HIGH_FLOAT_TURNOVER|VOLUME_EXPANSION|PRICE_DOWN_ON_VOLUME_EXPANSION,
2026-09-15,2026-09-15T07:32:41+00:00,JP,2726,2726.T,パルグループホールディングス,watchlist,ok,0.7,0.5721834578123286,99020070.0,173056506.0,149322269565.28418,1508.0,846698.0,605800.0,1276820584.0,913546400.0,127682058.4,0.7154853324325793,0.008550771575903754,0.006117951643540547,,,,,,0.41304,0.28685,0.00066357,Yahoo Finance via yfinance,secondary,Yahoo Finance via yfinance,,https://finance.yahoo.com/quote/2726.T,2026-09-15T07:32:28+00:00,,2026-09-15T06:30:00+00:00,NO_EXCEPTION,
2026-09-15,2026-09-15T07:32:41+00:00,JP,3635,3635.T,"KOEI TECMO HOLDINGS CO.,LTD.",screening,ok,0.7,0.37631020327800013,125776962.0,334237448.0,211682631516.56522,1683.0,1147543.0,761200.0,1518279180.0,1281099600.0,151827918.0,0.663330263005395,0.009123634263005971,0.0060519827152447836,,,,,,0.6098,0.17812,-0.004142012,Yahoo Finance via yfinance,secondary,Yahoo Finance via yfinance,,https://finance.yahoo.com/quote/3635.T,2026-09-15T07:32:28+00:00,,2026-09-15T06:30:00+00:00,NO_EXCEPTION,
2026-09-15,2026-09-15T07:32:41+00:00,JP,3932,3932.T,Akatsuki Inc.,screening,ok,0.7,0.6627300303874523,7974146.0,12032269.0,29464469022.65723,3695.0,86917.0,127000.0,404565550.0,469265000.0,40456555.0,1.4611640990830332,0.010899850592151185,0.01592647037062025,,,,,,0.29354,0.15213999,0.02924791,Yahoo Finance via yfinance,secondary,Yahoo Finance via yfinance,,https://finance.yahoo.com/quote/3932.T,2026-09-15T07:32:28+00:00,,2026-09-15T06:30:00+00:00,NO_EXCEPTION,
2026-09-15,2026-09-15T07:32:41+00:00,JP,3989,3989.T,SHARINGTECHNOLOGY.INC,screening,ok,0.7,0.37518996589775494,8978772.0,23931269.0,13872202386.946241,1545.0,311567.0,439300.0,610444950.0,678718500.0,61044495.0,1.4099696052534447,0.03470040223763338,0.048926512445131694,,,,,,0.11089,0.58975,0.0006476684,Yahoo Finance via yfinance,secondary,Yahoo Finance via yfinance,,https://finance.yahoo.com/quote/3989.T,2026-09-15T07:32:28+00:00,,2026-09-15T06:30:00+00:00,HIGH_FLOAT_TURNOVER,
2026-09-15,2026-09-15T07:32:41+00:00,JP,4063,4063.T,信越化学工業,watchlist,partial,0.35,,1858411572.0,1815064711.0,,5693.0,7217603.0,4637600.0,41089813879.0,26401856800.0,4108981387.9,0.6425401895892584,0.0038837484165213754,0.0024954644438686265,,,,,,0.00942,0.56118,-0.0099130434,,missing,Yahoo Finance via yfinance,,https://finance.yahoo.com/quote/4063.T,2026-09-15T07:32:28+00:00,,2026-09-15T06:30:00+00:00,NO_EXCEPTION,INVALID_FREE_FLOAT_RATIO
2026-09-15,2026-09-15T07:32:41+00:00,JP,4763,4763.T,"CREEK & RIVER Co.,Ltd.",screening,ok,0.7,0.4166399884846593,8822448.0,21175231.0,13136625719.041903,1489.0,48965.0,18600.0,62334503.333333336,27695400.0,6233450.333333334,0.3798631675686715,0.00555004688041233,0.0021082583881480515,,,,,,0.51054,0.13725,0.0033692724,Yahoo Finance via yfinance,secondary,Yahoo Finance via yfinance,,https://finance.yahoo.com/quote/4763.T,2026-09-15T07:32:28+00:00,,2026-09-15T06:30:00+00:00,NO_EXCEPTION,
2026-09-15,2026-09-15T07:32:41+00:00,JP,5351,5351.T,"SHINAGAWA REFRA CO.,LTD.",screening,ok,0.7,0.557309997650829,25431794.0,45633120.0,51601107903.76353,2029.0,115232.0,50900.0,228276026.6666667,103276100.0,22827602.66666667,0.4417175784504304,0.004531021287762869,0.0020014317511379653,,,,,,0.40639,0.20515,-0.011208576999999999,Yahoo Finance via yfinance,secondary,Yahoo Finance via yfinance,,https://finance.yahoo.com/quote/5351.T,2026-09-15T07:32:28+00:00,,2026-09-15T06:30:00+00:00,NO_EXCEPTION,
2026-09-15,2026-09-15T07:32:41+00:00,JP,6701,6701.T,NEC,watchlist,ok,0.7,0.9506786767523828,1260926975.0,1326344017.0,6046145270988.168,4795.0,7080892.0,7048100.0,33952877140.0,33795639500.0,3395287714.0,0.9953689450425173,0.005615624172050091,0.005589617907888758,,,,,,0.049629997,0.5532,-0.011136317,Yahoo Finance via yfinance,secondary,Yahoo Finance via yfinance,,https://finance.yahoo.com/quote/6701.T,2026-09-15T07:32:28+00:00,,2026-09-15T06:30:00+00:00,NO_EXCEPTION,
2026-09-15,2026-09-15T07:32:41+00:00,JP,6750,6750.T,"ELECOM CO.,LTD.",screening,ok,0.7,0.5780000013409716,46551319.0,80538614.0,93288847756.656,2004.0,196714.0,128900.0,394667760.0,258315600.0,39466776.0,0.6552660207204368,0.004225744924649718,0.002768987061354803,,,,,,0.35237998,0.18541999,-0.0024888003,Yahoo Finance via yfinance,secondary,Yahoo Finance via yfinance,,https://finance.yahoo.com/quote/6750.T,2026-09-15T07:32:28+00:00,,2026-09-15T06:30:00+00:00,NO_EXCEPTION,
2026-09-15,2026-09-15T07:32:41+00:00,JP,6927,6927.T,"Helios Techno Holding Co.,Ltd.",screening,ok,0.7,0.6827199948081903,12392506.0,18151667.0,12070301448.889915,974.0,55757.0,25000.0,50099313.33333333,24350000.0,5009931.333333333,0.44837419516831967,0.00449925140242014,0.0020173482264200637,,,,,,0.10182,0.36652002,0.0020576131,Yahoo Finance via yfinance,secondary,Yahoo Finance via yfinance,,https://finance.yahoo.com/quote/6927.T,2026-09-15T07:32:28+00:00,,2026-09-15T06:30:00+00:00,NO_EXCEPTION,
2026-09-15,2026-09-15T07:32:41+00:00,JP,6965,6965.T,浜松ホトニクス,watchlist,ok,0.7,0.9695962600852256,279958167.0,288736847.0,609328918044.9291,2176.5,3064939.0,1773000.0,6670839733.5,3858934500.0,667083973.35,0.5784780708523073,0.010947846361631593,0.006333089043264096,,,,,,0.028299998,0.43276,0.009508349000000001,Yahoo Finance via yfinance,secondary,Yahoo Finance via yfinance,,https://finance.yahoo.com/quote/6965.T,2026-09-15T07:32:28+00:00,,2026-09-15T06:30:00+00:00,NO_EXCEPTION,
2026-09-15,2026-09-15T07:32:41+00:00,JP,8473,8473.T,"SBI Holdings,Inc.",screening,ok,0.7,0.8994958972956602,581426675.0,646391692.0,1907660929587.2053,3281.0,4128343.0,2388500.0,12293141433.333332,7836668500.0,1229314143.3333333,0.5785614228275121,0.0071003673851049234,0.004107998656924366,,,,,,0.17643999,0.46098,-0.01382627,Yahoo Finance via yfinance,secondary,Yahoo Finance via yfinance,,https://finance.yahoo.com/quote/8473.T,2026-09-15T07:32:28+00:00,,2026-09-15T06:30:00+00:00,NO_EXCEPTION,
2026-09-15,2026-09-15T07:32:41+00:00,JP,8622,8622.T,"Mito Securities Co.,Ltd.",screening,ok,0.7,0.7781399936125979,46870633.0,60234191.0,43824041250.38522,935.0,350334.0,332100.0,393123866.6666666,310513500.0,39312386.666666664,0.9479525253044238,0.007474488343266027,0.00708546010035751,,,,,,0.19357,0.20937,-0.004259851,Yahoo Finance via yfinance,secondary,Yahoo Finance via yfinance,,https://finance.yahoo.com/quote/8622.T,2026-09-15T07:32:28+00:00,,2026-09-15T06:30:00+00:00,NO_EXCEPTION,
2026-09-15,2026-09-15T07:32:41+00:00,JP,8624,8624.T,"Ichiyoshi Securities Co.,Ltd.",screening,ok,0.7,0.717407194113338,23072126.0,32160433.0,39476406668.4362,1711.0,135728.0,96200.0,224928060.0,164598200.0,22492806.0,0.7087704821407521,0.005882769537579675,0.004169533401473275,,,,,,0.05889,0.28188,-0.00116754234,Yahoo Finance via yfinance,secondary,Yahoo Finance via yfinance,,https://finance.yahoo.com/quote/8624.T,2026-09-15T07:32:28+00:00,,2026-09-15T06:30:00+00:00,NO_EXCEPTION,
2026-09-15,2026-09-15T07:32:41+00:00,JP,8707,8707.T,"IwaiCosmo Holdings,Inc.",screening,ok,0.7,0.8149799957213514,19142841.0,23488725.0,90162774670.02808,4710.0,109512.0,135000.0,537254000.0,635850000.0,53725400.0,1.232741617357002,0.005720780943643632,0.007052244753012366,,,,,,0.17061001,0.16775998,0.0031948882,Yahoo Finance via yfinance,secondary,Yahoo Finance via yfinance,,https://finance.yahoo.com/quote/8707.T,2026-09-15T07:32:28+00:00,,2026-09-15T06:30:00+00:00,NO_EXCEPTION,
2026-09-15,2026-09-15T07:32:41+00:00,JP,8789,8789.T,FinTech Global Incorporated,screening,ok,0.7,0.8353899981648155,160838511.0,192531047.0,25412483974.453545,158.0,1115657.0,978300.0,271115360.0,154571400.0,27111536.0,0.8768824109919088,0.006936504156022683,0.0060824984881885655,,,,,,0.14125,0.0321,-0.0125,Yahoo Finance via yfinance,secondary,Yahoo Finance via yfinance,,https://finance.yahoo.com/quote/8789.T,2026-09-15T07:32:28+00:00,,2026-09-15T06:30:00+00:00,NO_EXCEPTION,
2026-09-15,2026-09-15T07:32:41+00:00,JP,9433,9433.T,KDDI,watchlist,ok,0.7,0.8086762421485112,2988837250.0,3695962728.0,9098020629446.75,3044.0,8813260.0,7076100.0,26827563440.0,21539648400.0,2682756344.0,0.8028924597708453,0.0029487252944267873,0.0023675093048308336,,,,,,0.21152,0.37928,-0.008469055,Yahoo Finance via yfinance,secondary,Yahoo Finance via yfinance,,https://finance.yahoo.com/quote/9433.T,2026-09-15T07:32:28+00:00,,2026-09-15T06:30:00+00:00,NO_EXCEPTION,
2026-09-15,2026-09-15T07:32:41+00:00,JP,9757,9757.T,Funai Soken Holdings Incorporated,screening,ok,0.7,0.7741059681464263,72277881.0,93369492.0,85577008626.8609,1184.0,427212.0,231000.0,373366506.6666666,273504000.0,37336650.666666664,0.5407151484508862,0.005910687946150497,0.0031959985102496297,,,,,,0.19143,0.27722,0.0033898306,Yahoo Finance via yfinance,secondary,Yahoo Finance via yfinance,,https://finance.yahoo.com/quote/9757.T,2026-09-15T07:32:28+00:00,,2026-09-15T06:30:00+00:00,NO_EXCEPTION,
2026-09-15,2026-09-15T07:32:41+00:00,US,ADAM,ADAM,"Adamas Trust, Inc. - Common Stock",screening,ok,0.7,0.9381800041223952,84323418.0,89879786.0,760597270.0262506,9.02,895184.0,833905.0,7359515.416,7521823.1,735951.5416000001,0.9315459168171013,0.010616078204989271,0.009889364304468778,0.0419,3121326.0,2946071.0,0.05948770413204563,3.58,0.0673,0.57608,-0.00770074,Yahoo Finance via yfinance,secondary,Yahoo Finance via yfinance,Yahoo Finance via yfinance,https://finance.yahoo.com/quote/ADAM,2026-09-15T07:32:28+00:00,2026-08-31T00:00:00+00:00,2026-09-14T20:00:01+00:00,NO_EXCEPTION,
2026-09-15,2026-09-15T07:32:41+00:00,US,BUSE,BUSE,First Busey Corporation - Common Stock,screening,ok,0.7,0.9634499968732196,79558768.0,82576956.0,2428929400.2707534,30.53,791592.0,544959.0,19150895.036,16637598.270000001,1915089.5036,0.6884341933723434,0.009949777000066166,0.006849766703275245,0.048,3835080.0,3453109.0,0.11061654873912175,5.94,0.04281,0.68755996,0.00295664,Yahoo Finance via yfinance,secondary,Yahoo Finance via yfinance,Yahoo Finance via yfinance,https://finance.yahoo.com/quote/BUSE,2026-09-15T07:32:28+00:00,2026-08-31T00:00:00+00:00,2026-09-14T20:00:01+00:00,SHORT_CROWDING,
2026-09-15,2026-09-15T07:32:41+00:00,US,CARE,CARE,"Carter Bankshares, Inc. - Common Stock",screening,ok,0.7,0.9167669770731056,21235927.0,23163931.0,661286756.3838625,31.14,387453.0,223111.0,10150020.72,6947676.54,1015002.0720000002,0.5758401664201852,0.018245165374697322,0.010506299065729507,0.0929,2102923.0,1973219.0,0.06573218684798787,5.62,0.02283,0.67274004,-0.00288185,Yahoo Finance via yfinance,secondary,Yahoo Finance via yfinance,Yahoo Finance via yfinance,https://finance.yahoo.com/quote/CARE,2026-09-15T07:32:28+00:00,2026-08-31T00:00:00+00:00,2026-09-14T20:00:01+00:00,SHORT_CROWDING,
2026-09-15,2026-09-15T07:32:41+00:00,US,CMBT,CMBT,CMB.TECH NV Ordinary Shares,screening,ok,0.7,0.3831399989845255,111175645.0,290169769.0,2159030896.406343,19.42,1052528.0,983946.0,21456483.478666667,19108231.32,2145648.347866667,0.934840688323731,0.009467253371905331,0.008850373658727142,0.007900001,873518.0,1061520.0,-0.17710641344487155,0.87,0.56571,0.17355,-0.0030800499999999995,Yahoo Finance via yfinance,secondary,Yahoo Finance via yfinance,Yahoo Finance via yfinance,https://finance.yahoo.com/quote/CMBT,2026-09-15T07:32:28+00:00,2026-08-31T00:00:00+00:00,2026-09-14T20:00:02+00:00,NO_EXCEPTION,
2026-09-15,2026-09-15T07:32:41+00:00,US,DBRG,DBRG,"DigitalBridge Group, Inc.",screening,ok,0.7,0.908229999665965,170288839.0,187495281.0,2709295485.9718766,15.91,3526696.0,4450689.0,62775845.168,70810461.99,6277584.5168,1.2619996166383494,0.020710083060699006,0.026136116883150515,0.0659,12310093.0,12853886.0,-0.04230572762198137,3.06,0.0369,0.010117099000000001,0.0006289450000000001,Yahoo Finance via yfinance,secondary,Yahoo Finance via yfinance,Yahoo Finance via yfinance,https://finance.yahoo.com/quote/DBRG,2026-09-15T07:32:28+00:00,2026-08-31T00:00:00+00:00,2026-09-14T20:00:03+00:00,HIGH_FLOAT_TURNOVER,
2026-09-15,2026-09-15T07:32:41+00:00,US,FRO,FRO,Frontline Plc Ordinary Shares,screening,ok,0.7,0.6419799987412794,142919442.0,222622889.0,7220290250.746965,50.52,2523891.0,4000892.0,122405918.4,202125063.84,12240591.840000002,1.5852079190424626,0.017659535782402508,0.027994035968878186,0.0675,9659307.0,8679685.0,0.11286377328209496,4.38,0.35786998,0.39514,0.026620599999999998,Yahoo Finance via yfinance,secondary,Yahoo Finance via yfinance,Yahoo Finance via yfinance,https://finance.yahoo.com/quote/FRO,2026-09-15T07:32:28+00:00,2026-08-31T00:00:00+00:00,2026-09-14T20:00:03+00:00,VOLUME_EXPANSION|PRICE_UP_ON_VOLUME_EXPANSION,
2026-09-15,2026-09-15T07:32:41+00:00,US,HTGC,HTGC,"Hercules Capital, Inc. Common Stock",screening,ok,0.7,0.9162066209313757,171480896.0,187164000.0,3014634195.657918,17.58,1512726.0,1002684.0,28426585.751999997,17627184.72,2842658.5752,0.662832528825445,0.00882154243000923,0.005847205277023978,0.0473,8676895.0,10995680.0,-0.2108814552624303,4.86,0.01966,0.36435002,0.009764509999999999,Yahoo Finance via yfinance,secondary,Yahoo Finance via yfinance,Yahoo Finance via yfinance,https://finance.yahoo.com/quote/HTGC,2026-09-15T07:32:28+00:00,2026-08-31T00:00:00+00:00,2026-09-14T20:00:02+00:00,SHORT_INTEREST_FALLING,
2026-09-15,2026-09-15T07:32:41+00:00,US,IMPP,IMPP,Imperial Petroleum Inc. - Common Shares,screening,ok,0.7,0.4659763428121653,21068495.0,45213658.0,125357537.28180455,5.95,352865.0,1332960.0,2703144.500000005,7931112.0,270314.45000000054,3.777535318039477,0.01674846732051815,0.0632679268262873,0.1097,3519435.0,3424659.0,0.027674580155279793,9.67,0.31348,0.31012,0.0276338,Yahoo Finance via yfinance,secondary,Yahoo Finance via yfinance,Yahoo Finance via yfinance,https://finance.yahoo.com/quote/IMPP,2026-09-15T07:32:28+00:00,2026-08-31T00:00:00+00:00,2026-09-14T20:00:01+00:00,SHORT_CROWDING|VOLUME_EXPANSION|PRICE_UP_ON_VOLUME_EXPANSION|POTENTIAL_SHORT_SQUEEZE_CONTEXT,
2026-09-15,2026-09-15T07:32:41+00:00,US,INSW,INSW,"International Seaways, Inc. Common Stock",screening,ok,0.7,0.8375000007570969,41482473.0,49531311.0,4390505072.769,105.84,587103.0,973257.0,62101743.48,103009520.88000001,6210174.348,1.6577278603584038,0.014153037597348645,0.023461884733824812,0.0859,2990869.0,2144051.0,0.3949616870121093,5.75,0.16228001,0.84788,0.0211287,Yahoo Finance via yfinance,secondary,Yahoo Finance via yfinance,Yahoo Finance via yfinance,https://finance.yahoo.com/quote/INSW,2026-09-15T07:32:28+00:00,2026-08-31T00:00:00+00:00,2026-09-14T20:00:03+00:00,SHORT_CROWDING|SHORT_INTEREST_RISING|VOLUME_EXPANSION|PRICE_UP_ON_VOLUME_EXPANSION|POTENTIAL_SHORT_SQUEEZE_CONTEXT,
2026-09-15,2026-09-15T07:32:41+00:00,US,LPG,LPG,Dorian LPG Ltd. Common Stock,screening,ok,0.7,0.8595499893987476,36773853.0,42782681.0,2036535943.2280014,55.38,659944.0,564720.0,31485196.938,31274193.6,3148519.6938000005,0.8557089692458754,0.01794601180354966,0.01535656326248979,0.059699997,1880142.0,2324680.0,-0.19122545898790366,3.4,0.14227,0.74677,0.00362452,Yahoo Finance via yfinance,secondary,Yahoo Finance via yfinance,Yahoo Finance via yfinance,https://finance.yahoo.com/quote/LPG,2026-09-15T07:32:28+00:00,2026-08-31T00:00:00+00:00,2026-09-14T20:00:03+00:00,NO_EXCEPTION,
2026-09-15,2026-09-14T22:30:07+00:00,US,LTC,LTC,"LTC Properties, Inc. Common Stock",screening,ok,0.7,0.7124968345103825,38407543.0,53905563.0,1637697572.0172732,42.64,567466.0,678029.0,22035510.217,28911156.56,2203551.0217,1.1948363426178836,0.014774858157419754,0.017653537483509424,0.056199998,2529149.0,2287237.0,0.10576603998623657,4.91,0.02094,0.83761,0.008753229999999999,Yahoo Finance via yfinance,secondary,Yahoo Finance via yfinance,Yahoo Finance via yfinance,https://finance.yahoo.com/quote/LTC,2026-09-14T22:30:03+00:00,2026-08-31T00:00:00+00:00,2026-09-14T20:00:02+00:00,NO_EXCEPTION,
2026-09-15,2026-09-15T07:32:41+00:00,US,MRP,MRP,"Millrose Properties, Inc. Class A Common Stock",screening,ok,0.7,0.9927145255408554,153104491.0,154228116.0,4856132516.46361,29.46,1346495.0,1097184.0,30791292.490000002,32323040.64,3079129.2490000003,0.8148444665594747,0.008794614653073763,0.00716624308558003,0.0545,7236096.0,7024875.0,0.030067581273688138,7.3,0.01128,0.93811995,-0.007746769999999999,Yahoo Finance via yfinance,secondary,Yahoo Finance via yfinance,Yahoo Finance via yfinance,https://finance.yahoo.com/quote/MRP,2026-09-15T07:32:28+00:00,2026-08-31T00:00:00+00:00,2026-09-14T20:00:02+00:00,SHORT_CROWDING,
2026-09-15,2026-09-15T07:32:41+00:00,US,NWFL,NWFL,Norwood Financial Corp. - Common Stock,screening,ok,0.7,0.9029617667243865,9844156.0,10902074.0,342084421.45148087,34.75,42014.0,26650.0,1137540.0916666668,926087.5,113754.00916666668,0.6343123720664541,0.0042679128611939916,0.002707189930756888,0.0153,153518.0,125968.0,0.21870633811761708,4.45,0.08087,0.41404998,0.006662789999999999,Yahoo Finance via yfinance,secondary,Yahoo Finance via yfinance,Yahoo Finance via yfinance,https://finance.yahoo.com/quote/NWFL,2026-09-15T07:32:28+00:00,2026-08-31T00:00:00+00:00,2026-09-14T20:00:00+00:00,SHORT_INTEREST_RISING,
2026-09-15,2026-09-15T07:32:41+00:00,US,STNG,STNG,Scorpio Tankers Inc. Common Shares,screening,ok,0.7,0.77035645922658,38580493.0,50081352.0,3297088964.1966,85.46,817533.0,860137.0,65820266.48,73507308.02,6582026.648,1.0521128810702443,0.02119032019627121,0.022294608832499885,0.044699997,2102583.0,2042701.0,0.02931510779110602,2.79,0.14608,0.74878997,0.011121700000000002,Yahoo Finance via yfinance,secondary,Yahoo Finance via yfinance,Yahoo Finance via yfinance,https://finance.yahoo.com/quote/STNG,2026-09-15T07:32:28+00:00,2026-08-31T00:00:00+00:00,2026-09-14T20:00:03+00:00,HIGH_FLOAT_TURNOVER,
2026-09-15,2026-09-15T07:32:41+00:00,US,TEN,TEN,Tsakos Energy Navigation Ltd Common Shares,screening,ok,0.7,0.7147716663685458,21534357.0,30127603.0,1068534830.8934231,49.62,277212.0,783197.0,14711378.949999997,38862235.14,1471137.8949999998,2.82526369709825,0.012873010324849728,0.03636964874316888,0.0084,223819.0,328207.0,-0.31805537359044744,1.04,0.28069,0.34032002,0.0359081,Yahoo Finance via yfinance,secondary,Yahoo Finance via yfinance,Yahoo Finance via yfinance,https://finance.yahoo.com/quote/TEN,2026-09-15T07:32:28+00:00,2026-08-31T00:00:00+00:00,2026-09-14T20:00:02+00:00,SHORT_INTEREST_FALLING|VOLUME_EXPANSION|PRICE_UP_ON_VOLUME_EXPANSION,
2026-09-15,2026-09-15T07:32:41+00:00,US,TRMD,TRMD,TORM plc - Class A Common Stock,screening,ok,0.7,0.6626223829080341,67866624.0,102421267.0,2398406349.1793423,35.34,783950.0,1203184.0,28634458.820000004,42520522.56,2863445.8820000007,1.5347713502136615,0.011551333391800953,0.017728655546502506,0.024600001,1503123.0,981779.0,0.5310197101384324,2.48,0.1447,0.51011,0.00741158,Yahoo Finance via yfinance,secondary,Yahoo Finance via yfinance,Yahoo Finance via yfinance,https://finance.yahoo.com/quote/TRMD,2026-09-15T07:32:28+00:00,2026-08-31T00:00:00+00:00,2026-09-14T20:00:00+00:00,SHORT_INTEREST_RISING|VOLUME_EXPANSION,
2026-09-15,2026-09-15T07:32:41+00:00,US,WSBC,WSBC,"WesBanco, Inc. - Common Stock",screening,ok,0.7,0.9637600043517661,92430260.0,95905889.0,3732334031.9723573,40.38,1305634.0,1098430.0,33696136.842,44354603.400000006,3369613.6842,0.8413000886925432,0.014125612110146612,0.011883878721102808,0.0738,6971098.0,6540707.0,0.06580190795887964,9.89,0.02121,0.86458,0.0049776199999999994,Yahoo Finance via yfinance,secondary,Yahoo Finance via yfinance,Yahoo Finance via yfinance,https://finance.yahoo.com/quote/WSBC,2026-09-15T07:32:28+00:00,2026-08-31T00:00:00+00:00,2026-09-14T20:00:00+00:00,SHORT_CROWDING,
2026-09-16,2026-09-16T07:30:58+00:00,JP,2121,2121.T,"MIXI,Inc.",screening,ok,0.7,0.4159138264835786,27163060.0,65309346.0,101725658434.79013,3745.0,379373.0,376600.0,1439765250.0,1410367000.0,143976525.0,0.9926905710211322,0.013966504510169326,0.013864417337369206,,,,,,0.55367,0.12060001,-0.020915034000000002,Yahoo Finance via yfinance,secondary,Yahoo Finance via yfinance,,https://finance.yahoo.com/quote/2121.T,2026-09-16T07:30:51+00:00,,2026-09-16T06:30:00+00:00,NO_EXCEPTION,
2026-09-16,2026-09-16T07:30:58+00:00,JP,215A,215A.T,タイミー,watchlist,ok,0.7,0.6426599969918524,64096207.0,99735797.0,82491819774.6525,1287.0,1910525.0,2715100.0,2458845675.0,3494333700.0,245884567.5,1.421127700501171,0.02980714599851439,0.04235976085137144,,,,,,0.29632,0.34914002,-0.022036474,Yahoo Finance via yfinance,secondary,Yahoo Finance via yfinance,,https://finance.yahoo.com/quote/215A.T,2026-09-16T07:30:51+00:00,,2026-09-16T06:30:00+00:00,HIGH_FLOAT_TURNOVER,
2026-09-16,2026-09-16T07:30:58+00:00,JP,2726,2726.T,パルグループホールディングス,watchlist,ok,0.7,0.5721834578123286,99020070.0,173056506.0,146450691244.17737,1479.0,848993.0,490000.0,1255660647.0,724710000.0,125566064.7,0.5771543463844814,0.008573948695451337,0.004948491755257293,,,,,,0.41304,0.28683,-0.019230769999999998,Yahoo Finance via yfinance,secondary,Yahoo Finance via yfinance,,https://finance.yahoo.com/quote/2726.T,2026-09-16T07:30:51+00:00,,2026-09-16T06:30:00+00:00,NO_EXCEPTION,
2026-09-16,2026-09-16T07:30:58+00:00,JP,3635,3635.T,"KOEI TECMO HOLDINGS CO.,LTD.",screening,ok,0.7,0.37631020327800013,125776962.0,334237448.0,210299076201.15802,1672.0,1146638.0,672400.0,1489434320.0,1124252800.0,148943432.0,0.5864100090874365,0.009116438986656396,0.005345971069010237,,,,,,0.6098,0.17708999,-0.006535948000000001,Yahoo Finance via yfinance,secondary,Yahoo Finance via yfinance,,https://finance.yahoo.com/quote/3635.T,2026-09-16T07:30:51+00:00,,2026-09-16T06:30:00+00:00,NO_EXCEPTION,
2026-09-16,2026-09-16T07:30:58+00:00,JP,3932,3932.T,Akatsuki Inc.,screening,ok,0.7,0.6627300303874523,7974146.0,12032269.0,29304986953.60259,3675.0,88139.0,90200.0,408059750.0,331485000.0,40805975.0,1.0233835192139689,0.011053095842488963,0.011311556121495644,,,,,,0.29354,0.1527,-0.005412719999999999,Yahoo Finance via yfinance,secondary,Yahoo Finance via yfinance,,https://finance.yahoo.com/quote/3932.T,2026-09-16T07:30:51+00:00,,2026-09-16T06:30:00+00:00,NO_EXCEPTION,
2026-09-16,2026-09-16T07:30:58+00:00,JP,3989,3989.T,SHARINGTECHNOLOGY.INC,screening,ok,0.7,0.37518996589775494,8978772.0,23931269.0,13872202386.946241,1545.0,318366.0,1696100.0,692510200.0,2620474500.0,69251020.0,5.327516129234906,0.03545763273641429,0.18890111030773474,,,,,,0.11089,0.59007,0.0,Yahoo Finance via yfinance,secondary,Yahoo Finance via yfinance,,https://finance.yahoo.com/quote/3989.T,2026-09-16T07:30:51+00:00,,2026-09-16T06:30:00+00:00,HIGH_FLOAT_TURNOVER|VOLUME_EXPANSION,
2026-09-16,2026-09-16T07:30:58+00:00,JP,4063,4063.T,信越化学工業,watchlist,partial,0.35,,1858411572.0,1815064711.0,,5820.0,7215539.0,5332500.0,41994436980.0,31035150000.0,4199443698.0,0.739030029496064,0.003882637790634679,0.0028693859209352793,,,,,,0.00942,0.56144,0.0223081,,missing,Yahoo Finance via yfinance,,https://finance.yahoo.com/quote/4063.T,2026-09-16T07:30:51+00:00,,2026-09-16T06:30:00+00:00,NO_EXCEPTION,INVALID_FREE_FLOAT_RATIO
2026-09-16,2026-09-16T07:30:58+00:00,JP,4763,4763.T,"CREEK & RIVER Co.,Ltd.",screening,ok,0.7,0.4166399884846593,8822448.0,21175231.0,13145447767.484154,1490.0,49069.0,16800.0,60533733.33333333,25032000.0,6053373.333333333,0.34237502292689886,0.005561834991829932,0.0019042333828434013,,,,,,0.51054,0.13732,0.0006715917,Yahoo Finance via yfinance,secondary,Yahoo Finance via yfinance,,https://finance.yahoo.com/quote/4763.T,2026-09-16T07:30:51+00:00,,2026-09-16T06:30:00+00:00,NO_EXCEPTION,
2026-09-16,2026-09-16T07:30:58+00:00,JP,5351,5351.T,"SHINAGAWA REFRA CO.,LTD.",screening,ok,0.7,0.557309997650829,25431794.0,45633120.0,51906292213.855034,2041.0,114907.0,51200.0,224999840.0,104499200.0,22499984.0,0.4455777280757482,0.004518242008408844,0.0020132280090032185,,,,,,0.40639,0.20517999,0.0059142435,Yahoo Finance via yfinance,secondary,Yahoo Finance via yfinance,,https://finance.yahoo.com/quote/5351.T,2026-09-16T07:30:51+00:00,,2026-09-16T06:30:00+00:00,NO_EXCEPTION,
2026-09-16,2026-09-16T07:30:58+00:00,JP,6701,6701.T,NEC,watchlist,ok,0.7,0.9506786767523828,1260926975.0,1326344017.0,6104147502835.286,4841.0,7061952.0,4237300.0,34186909632.0,20512769300.0,3418690963.2000003,0.6000182385833266,0.005600603476660494,0.0033604642330694844,,,,,,0.049629997,0.55362,0.0095933264,Yahoo Finance via yfinance,secondary,Yahoo Finance via yfinance,,https://finance.yahoo.com/quote/6701.T,2026-09-16T07:30:51+00:00,,2026-09-16T06:30:00+00:00,NO_EXCEPTION,
2026-09-16,2026-09-16T07:30:58+00:00,JP,6750,6750.T,"ELECOM CO.,LTD.",screening,ok,0.7,0.5780000013409716,46551319.0,80538614.0,94406074816.4,2028.0,197666.0,205000.0,403430040.0,415740000.0,40343004.0,1.0371029919156558,0.004246195473000453,0.004403742029307483,,,,,,0.35237998,0.18544,0.011976048999999999,Yahoo Finance via yfinance,secondary,Yahoo Finance via yfinance,,https://finance.yahoo.com/quote/6750.T,2026-09-16T07:30:51+00:00,,2026-09-16T06:30:00+00:00,NO_EXCEPTION,
2026-09-16,2026-09-15T22:28:30+00:00,JP,6927,6927.T,"Helios Techno Holding Co.,Ltd.",screening,ok,0.7,0.6827199948081903,12392506.0,18151667.0,12070301448.889915,974.0,55414.0,25000.0,50099313.33333333,24350000.0,5009931.333333333,0.45114952899989175,0.004471573384753656,0.0020173482264200637,,,,,,0.10182,0.36652002,0.0020576131,Yahoo Finance via yfinance,secondary,Yahoo Finance via yfinance,,https://finance.yahoo.com/quote/6927.T,2026-09-15T22:28:23+00:00,,2026-09-15T06:30:00+00:00,NO_EXCEPTION,
2026-09-16,2026-09-16T07:30:58+00:00,JP,6965,6965.T,浜松ホトニクス,watchlist,ok,0.7,0.9695962600852256,279958167.0,288736847.0,623186857171.7383,2226.0,2987457.0,1930000.0,6650079282.0,4296180000.0,665007928.2,0.6460344031729996,0.010671083583712705,0.006893887114213032,,,,,,0.028299998,0.4332,0.022742936999999998,Yahoo Finance via yfinance,secondary,Yahoo Finance via yfinance,,https://finance.yahoo.com/quote/6965.T,2026-09-16T07:30:51+00:00,,2026-09-16T06:30:00+00:00,NO_EXCEPTION,
2026-09-16,2026-09-16T07:30:58+00:00,JP,8473,8473.T,"SBI Holdings,Inc.",screening,ok,0.7,0.8994958972956602,581426675.0,646391692.0,1881496726359.0044,3236.0,4143731.0,4873600.0,12243017680.0,15770969600.0,1224301768.0,1.1761381228656012,0.0071268333190939335,0.008382140361895161,,,,,,0.17643999,0.46138,-0.01371533,Yahoo Finance via yfinance,secondary,Yahoo Finance via yfinance,,https://finance.yahoo.com/quote/8473.T,2026-09-16T07:30:51+00:00,,2026-09-16T06:30:00+00:00,NO_EXCEPTION,
2026-09-16,2026-09-16T07:30:58+00:00,JP,8622,8622.T,"Mito Securities Co.,Ltd.",screening,ok,0.7,0.7781399936125979,46870633.0,60234191.0,43542819614.05813,929.0,353809.0,252600.0,385166496.6666666,234665400.0,38516649.666666664,0.7139445293929776,0.007548628583701867,0.005389302081753408,,,,,,0.19357,0.20950001,-0.0064171124,Yahoo Finance via yfinance,secondary,Yahoo Finance via yfinance,,https://finance.yahoo.com/quote/8622.T,2026-09-16T07:30:51+00:00,,2026-09-16T06:30:00+00:00,NO_EXCEPTION,
2026-09-16,2026-09-16T07:30:58+00:00,JP,8624,8624.T,"Ichiyoshi Securities Co.,Ltd.",screening,ok,0.7,0.717407194113338,23072126.0,32160433.0,38576593931.63577,1672.0,134698.0,233100.0,225368880.0,389743200.0,22536888.0,1.7305379441417097,0.005838126924237498,0.010103100165108321,,,,,,0.05889,0.28198,-0.022793689000000002,Yahoo Finance via yfinance,secondary,Yahoo Finance via yfinance,,https://finance.yahoo.com/quote/8624.T,2026-09-16T07:30:51+00:00,,2026-09-16T06:30:00+00:00,VOLUME_EXPANSION|PRICE_DOWN_ON_VOLUME_EXPANSION,
2026-09-16,2026-09-16T07:30:58+00:00,JP,8707,8707.T,"IwaiCosmo Holdings,Inc.",screening,ok,0.7,0.8149799957213514,19142841.0,23488725.0,90737064706.78009,4740.0,110336.0,78800.0,535098600.0,373512000.0,53509860.0,0.7141821345707656,0.005763825756062018,0.004116421381758329,,,,,,0.17061001,0.16775998,0.0063694269999999996,Yahoo Finance via yfinance,secondary,Yahoo Finance via yfinance,,https://finance.yahoo.com/quote/8707.T,2026-09-16T07:30:51+00:00,,2026-09-16T06:30:00+00:00,NO_EXCEPTION,
2026-09-16,2026-09-16T07:30:58+00:00,JP,8739,8739.T,"SPARX Group Co.,Ltd.",screening,ok,0.7,0.4182983023560297,16547537.0,39559178.0,43371093793.50057,2621.0,110579.0,110900.0,294215986.6666666,290668900.0,29421598.666666664,1.0029029019976667,0.0066825050761330825,0.006701903733468008,,,,,,0.5442,0.12389,0.001911315,Yahoo Finance via yfinance,secondary,Yahoo Finance via yfinance,,https://finance.yahoo.com/quote/8739.T,2026-09-16T07:30:51+00:00,,2026-09-16T06:30:00+00:00,NO_EXCEPTION,
2026-09-16,2026-09-16T07:30:58+00:00,JP,8789,8789.T,FinTech Global Incorporated,screening,ok,0.7,0.8435976464163051,160838511.0,190657847.0,25734161247.09263,160.0,1127711.0,1261700.0,280188800.0,201872000.0,28018880.0,1.1188150155491965,0.00701144889360484,0.007844514302920897,,,,,,0.14125,0.0321,0.012658228,Yahoo Finance via yfinance,secondary,Yahoo Finance via yfinance,,https://finance.yahoo.com/quote/8789.T,2026-09-16T07:30:51+00:00,,2026-09-16T06:30:00+00:00,NO_EXCEPTION,
2026-09-16,2026-09-16T07:30:58+00:00,JP,9433,9433.T,KDDI,watchlist,ok,0.7,0.8086762421485112,2988837250.0,3695962728.0,9202629877669.805,3079.0,8805557.0,7912800.0,27112310003.0,24363511200.0,2711231000.3,0.8986143636342369,0.002946148038003742,0.0026474509443429883,,,,,,0.21152,0.37936002,0.011498029,Yahoo Finance via yfinance,secondary,Yahoo Finance via yfinance,,https://finance.yahoo.com/quote/9433.T,2026-09-16T07:30:51+00:00,,2026-09-16T06:30:00+00:00,NO_EXCEPTION,
2026-09-16,2026-09-16T07:30:58+00:00,JP,9757,9757.T,Funai Soken Holdings Incorporated,screening,ok,0.7,0.7741059681464263,72277881.0,93369492.0,85577008626.8609,1184.0,422603.0,131200.0,360433280.0,155340800.0,36043328.0,0.31045685903791503,0.005846920166350754,0.0018152164698906988,,,,,,0.19143,0.27728,0.0,Yahoo Finance via yfinance,secondary,Yahoo Finance via yfinance,,https://finance.yahoo.com/quote/9757.T,2026-09-16T07:30:51+00:00,,2026-09-16T06:30:00+00:00,NO_EXCEPTION,
2026-09-16,2026-09-16T07:30:58+00:00,US,ADAM,ADAM,"Adamas Trust, Inc. - Common Stock",screening,ok,0.7,0.9381800041223952,84323418.0,89879786.0,755116197.2789665,8.955,896559.0,916895.0,7145702.2485,8210794.725,714570.22485,1.022682277463056,0.010632384469993851,0.01087355116463614,0.0419,3121326.0,2946071.0,0.05948770413204563,3.58,0.0673,0.57616,-0.00720627,Yahoo Finance via yfinance,secondary,Yahoo Finance via yfinance,Yahoo Finance via yfinance,https://finance.yahoo.com/quote/ADAM,2026-09-16T07:30:51+00:00,2026-08-31T00:00:00+00:00,2026-09-15T20:00:01+00:00,NO_EXCEPTION,
2026-09-16,2026-09-16T07:30:58+00:00,US,BUSE,BUSE,First Busey Corporation - Common Stock,screening,ok,0.7,0.9634499968732196,79558768.0,82576956.0,2429725071.231371,30.54,792191.0,490912.0,18773893.902000003,14992452.48,1877389.3902000003,0.6196889386524209,0.009957306025653891,0.006170432402874816,0.048,3835080.0,3453109.0,0.11061654873912175,5.94,0.04281,0.68896,0.000327554,Yahoo Finance via yfinance,secondary,Yahoo Finance via yfinance,Yahoo Finance via yfinance,https://finance.yahoo.com/quote/BUSE,2026-09-16T07:30:51+00:00,2026-08-31T00:00:00+00:00,2026-09-15T20:00:01+00:00,SHORT_CROWDING,
2026-09-16,2026-09-16T07:30:58+00:00,US,CARE,CARE,"Carter Bankshares, Inc. - Common Stock",screening,ok,0.7,0.9167669770731056,21235927.0,23163931.0,662348621.9039309,31.19,388870.0,152470.0,9770626.185,4755539.3,977062.6185000001,0.39208475840255097,0.018311891917880487,0.0071798137185157965,0.0929,2102923.0,1973219.0,0.06573218684798787,5.62,0.022780001,0.67299,0.00160569,Yahoo Finance via yfinance,secondary,Yahoo Finance via yfinance,Yahoo Finance via yfinance,https://finance.yahoo.com/quote/CARE,2026-09-16T07:30:51+00:00,2026-08-31T00:00:00+00:00,2026-09-15T20:00:01+00:00,SHORT_CROWDING,
2026-09-16,2026-09-16T07:30:58+00:00,US,CMBT,CMBT,CMB.TECH NV Ordinary Shares,screening,ok,0.7,0.3831399989845255,111175645.0,290169769.0,2174595428.599331,19.56,1048673.0,1061659.0,21826226.815999996,20766050.04,2182622.6816,1.0123832691410954,0.00943257851123778,0.009549384669636951,0.007900001,873518.0,1061520.0,-0.17710641344487155,0.87,0.56571,0.17355,0.00720903,Yahoo Finance via yfinance,secondary,Yahoo Finance via yfinance,Yahoo Finance via yfinance,https://finance.yahoo.com/quote/CMBT,2026-09-16T07:30:51+00:00,2026-08-31T00:00:00+00:00,2026-09-15T20:00:03+00:00,NO_EXCEPTION,
2026-09-16,2026-09-16T07:30:58+00:00,US,DBRG,DBRG,"DigitalBridge Group, Inc.",screening,ok,0.7,0.908229999665965,170288839.0,187495281.0,2700780851.522528,15.86,3580432.0,9788119.0,66360560.846666664,155239567.34,6636056.084666667,2.733781566023318,0.0210256410286525,0.057479509857953755,0.0659,12310093.0,12853886.0,-0.04230572762198137,3.06,0.0369,0.0101277,-0.00314269,Yahoo Finance via yfinance,secondary,Yahoo Finance via yfinance,Yahoo Finance via yfinance,https://finance.yahoo.com/quote/DBRG,2026-09-16T07:30:51+00:00,2026-08-31T00:00:00+00:00,2026-09-15T20:00:03+00:00,HIGH_FLOAT_TURNOVER|VOLUME_EXPANSION,
2026-09-16,2026-09-16T07:30:58+00:00,US,FRO,FRO,Frontline Plc Ordinary Shares,screening,ok,0.7,0.6419799987412794,142919442.0,222622889.0,7373214364.899609,51.59,2535652.0,5640683.0,130798881.906,291002835.97,13079888.1906,2.22454934667691,0.01774182689574173,0.03946756942977709,0.0675,9659307.0,8679685.0,0.11286377328209496,4.38,0.35786998,0.39360002,0.021179700000000003,Yahoo Finance via yfinance,secondary,Yahoo Finance via yfinance,Yahoo Finance via yfinance,https://finance.yahoo.com/quote/FRO,2026-09-16T07:30:51+00:00,2026-08-31T00:00:00+00:00,2026-09-15T20:00:03+00:00,VOLUME_EXPANSION|PRICE_UP_ON_VOLUME_EXPANSION,
2026-09-16,2026-09-16T07:30:58+00:00,US,HTGC,HTGC,"Hercules Capital, Inc. Common Stock",screening,ok,0.7,0.9162066209313757,171480896.0,187164000.0,3024922917.4841647,17.64,1517260.0,1271363.0,28112579.880000003,22426843.32,2811257.9880000004,0.8379335117250833,0.008847982693069203,0.007414021209686238,0.0473,8676895.0,10995680.0,-0.2108814552624303,4.86,0.01966,0.36435002,0.0034129399999999997,Yahoo Finance via yfinance,secondary,Yahoo Finance via yfinance,Yahoo Finance via yfinance,https://finance.yahoo.com/quote/HTGC,2026-09-16T07:30:51+00:00,2026-08-31T00:00:00+00:00,2026-09-15T20:00:02+00:00,SHORT_INTEREST_FALLING,
2026-09-16,2026-09-16T07:30:58+00:00,US,IMPP,IMPP,Imperial Petroleum Inc. - Common Shares,screening,ok,0.7,0.4659763428121653,21068495.0,45213658.0,121459865.11501458,5.765,349780.0,474430.0,2634194.916333338,2735088.9499999997,263419.4916333338,1.3563668591686202,0.016602040155217542,0.02251845706112373,0.1097,3519435.0,3424659.0,0.027674580155279793,9.67,0.31348,0.31012,-0.0310924,Yahoo Finance via yfinance,secondary,Yahoo Finance via yfinance,Yahoo Finance via yfinance,https://finance.yahoo.com/quote/IMPP,2026-09-16T07:30:51+00:00,2026-08-31T00:00:00+00:00,2026-09-15T20:00:01+00:00,SHORT_CROWDING,
2026-09-16,2026-09-16T07:30:58+00:00,US,INSW,INSW,"International Seaways, Inc. Common Stock",screening,ok,0.7,0.8375000007570969,41482473.0,49531311.0,4469321514.440249,107.74,590385.0,1046032.0,65340747.39733333,112699487.67999999,6534074.739733334,1.7717794320655165,0.014232155349079598,0.025216240121460454,0.0859,2990869.0,2144051.0,0.3949616870121093,5.75,0.16228001,0.84791,0.0179516,Yahoo Finance via yfinance,secondary,Yahoo Finance via yfinance,Yahoo Finance via yfinance,https://finance.yahoo.com/quote/INSW,2026-09-16T07:30:51+00:00,2026-08-31T00:00:00+00:00,2026-09-15T20:00:03+00:00,SHORT_CROWDING|SHORT_INTEREST_RISING|VOLUME_EXPANSION,
2026-09-16,2026-09-15T22:28:30+00:00,US,LPG,LPG,Dorian LPG Ltd. Common Stock,screening,ok,0.7,0.8595499893987476,36773853.0,42782681.0,2089490163.784491,56.82,658927.0,616351.0,31485196.938,35021063.82,3148519.6938000005,0.9353858621668257,0.0179183562842871,0.01676057714159025,0.059699997,1880142.0,2324680.0,-0.19122545898790366,3.4,0.14071,0.74669,0.0260021,Yahoo Finance via yfinance,secondary,Yahoo Finance via yfinance,Yahoo Finance via yfinance,https://finance.yahoo.com/quote/LPG,2026-09-15T22:28:23+00:00,2026-08-31T00:00:00+00:00,2026-09-15T20:00:03+00:00,NO_EXCEPTION,
2026-09-16,2026-09-16T07:30:58+00:00,US,LTC,LTC,"LTC Properties, Inc. Common Stock",screening,ok,0.7,0.7124968345103825,38407543.0,53905563.0,1669191892.8939207,43.46,569222.0,850162.0,23244391.224666666,36948040.52,2324439.1224666666,1.4935508465941232,0.01482057834316556,0.02213528733144945,0.056199998,2529149.0,2287237.0,0.10576603998623657,4.91,0.02094,0.83822995,0.0192308,Yahoo Finance via yfinance,secondary,Yahoo Finance via yfinance,Yahoo Finance via yfinance,https://finance.yahoo.com/quote/LTC,2026-09-16T07:30:51+00:00,2026-08-31T00:00:00+00:00,2026-09-15T20:00:02+00:00,NO_EXCEPTION,
2026-09-16,2026-09-16T07:30:58+00:00,US,MRP,MRP,"Millrose Properties, Inc. Class A Common Stock",screening,ok,0.7,0.9927145255408554,153104491.0,154228116.0,4852836386.570166,29.44,1340380.0,1357708.0,30617005.312000003,39970923.52,3061700.5312000006,1.0129276772258613,0.00875467460977353,0.008867852217346126,0.0545,7236096.0,7024875.0,0.030067581273688138,7.3,0.01128,0.93813,-0.0006788370000000001,Yahoo Finance via yfinance,secondary,Yahoo Finance via yfinance,Yahoo Finance via yfinance,https://finance.yahoo.com/quote/MRP,2026-09-16T07:30:51+00:00,2026-08-31T00:00:00+00:00,2026-09-15T20:00:02+00:00,SHORT_CROWDING,
2026-09-16,2026-09-16T07:30:58+00:00,US,NWFL,NWFL,Norwood Financial Corp. - Common Stock,screening,ok,0.7,0.9029617667243865,9844156.0,10902074.0,347006502.1603662,35.25,42073.0,47323.0,1145686.1,1668135.75,114568.61000000002,1.124783115061916,0.004273906264793041,0.004807217601996555,0.0153,153518.0,125968.0,0.21870633811761708,4.45,0.08091,0.42388,0.0143885,Yahoo Finance via yfinance,secondary,Yahoo Finance via yfinance,Yahoo Finance via yfinance,https://finance.yahoo.com/quote/NWFL,2026-09-16T07:30:51+00:00,2026-08-31T00:00:00+00:00,2026-09-15T20:00:01+00:00,SHORT_INTEREST_RISING,
2026-09-16,2026-09-16T07:30:58+00:00,US,STNG,STNG,Scorpio Tankers Inc. Common Shares,screening,ok,0.7,0.77035645922658,38580493.0,50081352.0,3307505859.8209987,85.73,821350.0,716964.0,65937206.27200001,61465323.720000006,6593720.627200001,0.8729092347963718,0.021289256205201938,0.018583588343466736,0.044699997,2102583.0,2042701.0,0.02931510779110602,2.79,0.14608,0.74894994,0.00315942,Yahoo Finance via yfinance,secondary,Yahoo Finance via yfinance,Yahoo Finance via yfinance,https://finance.yahoo.com/quote/STNG,2026-09-16T07:30:51+00:00,2026-08-31T00:00:00+00:00,2026-09-15T20:00:03+00:00,HIGH_FLOAT_TURNOVER,
2026-09-16,2026-09-16T07:30:58+00:00,US,TEN,TEN,Tsakos Energy Navigation Ltd Common Shares,screening,ok,0.7,0.7147716663685458,21534357.0,30127603.0,1100621011.0511336,51.11,273201.0,729959.0,16118044.489000002,37308204.49,1611804.4489000002,2.671875285961618,0.012686749829586275,0.03389741332884934,0.0084,223819.0,328207.0,-0.31805537359044744,1.04,0.28069,0.34032002,0.030028199999999998,Yahoo Finance via yfinance,secondary,Yahoo Finance via yfinance,Yahoo Finance via yfinance,https://finance.yahoo.com/quote/TEN,2026-09-16T07:30:51+00:00,2026-08-31T00:00:00+00:00,2026-09-15T20:00:02+00:00,SHORT_INTEREST_FALLING|VOLUME_EXPANSION|PRICE_UP_ON_VOLUME_EXPANSION,
2026-09-16,2026-09-16T07:30:58+00:00,US,TRMD,TRMD,TORM plc - Class A Common Stock,screening,ok,0.7,0.6626223829080341,67866624.0,102421267.0,2370581043.5901103,34.93,789777.0,8376786.0,37551218.22433334,292601134.98,3755121.822433334,10.606520574795164,0.011637192974266703,0.12343012671442151,0.024600001,1503123.0,981779.0,0.5310197101384324,2.48,0.1447,0.51032,-0.0116016,Yahoo Finance via yfinance,secondary,Yahoo Finance via yfinance,Yahoo Finance via yfinance,https://finance.yahoo.com/quote/TRMD,2026-09-16T07:30:51+00:00,2026-08-31T00:00:00+00:00,2026-09-15T20:00:00+00:00,SHORT_INTEREST_RISING|VOLUME_EXPANSION,
2026-09-16,2026-09-16T07:30:58+00:00,US,WSBC,WSBC,"WesBanco, Inc. - Common Stock",screening,ok,0.7,0.9637600043517661,92430260.0,95905889.0,3733258007.9637294,40.39,1297793.0,1040168.0,34103901.00366667,42012385.52,3410390.100366667,0.8014899140309741,0.014040780584193965,0.011253544023353391,0.0738,6971098.0,6540707.0,0.06580190795887964,9.89,0.02121,0.86544997,0.000247606,Yahoo Finance via yfinance,secondary,Yahoo Finance via yfinance,Yahoo Finance via yfinance,https://finance.yahoo.com/quote/WSBC,2026-09-16T07:30:51+00:00,2026-08-31T00:00:00+00:00,2026-09-15T20:00:00+00:00,SHORT_CROWDING,
