ticker,code,name,market,exchange,universe_source,merge_code,merge_exchange,source_name,source_description,price,volume,avg_volume_30d,market_cap,pe,pb,dividend_yield,roe,debt_to_equity,gross_margin,operating_margin,profit_margin,revenue_growth,earnings_growth,return_1m,return_3m,return_6m,return_12m,volatility_1m,beta_1y,source_code,source_symbol,source_exchange,avg_turnover_30d,price_status,fundamental_fields_present,fundamental_status,data_retrieved_at_utc,price_date,price_basis,price_source,fundamental_source,eligible,rank_return_1m,rank_return_3m,rank_return_6m,rank_return_12m,rank_avg_turnover_30d,rank_volatility_1m,beta_abs,rank_beta_abs,momentum_score,risk_score,liquidity_score,pre_score,earnings_yield,rank_earnings_yield,rank_dividend_yield,rank_roe,rank_gross_margin,rank_operating_margin,rank_profit_margin,rank_revenue_growth,rank_earnings_growth,rank_pb,rank_debt_to_equity,value_score,quality_score,growth_score,factor_coverage,total_score,flags,market_percentile,cross_market_score,market_rank,cross_market_rank,theme,theme_source,is_mortgage_reit,theme_rank,research_status,research_candidate,previous_market_rank,rank_change,daily_change
CARE,CARE,"Carter Bankshares, Inc. - Common Stock",US,NASDAQ,Nasdaq Trader,CARE,NASDAQ,CARE,"Carter Bankshares, Inc.",30.03,45448.0,274665.7,665582833.4549655,5.172859283757946,1.2344176861676983,0.659848234905972,26.8692956357082,0.0,,65.03029398128139,49.8723016353249,40.08538785327721,327.11153619776337,-6.24024960998439,-9.840984098409834,28.748928877463587,52.69308943089431,2.2376197003703897,-0.20256557,CARE,NASDAQ:CARE,NASDAQ,8248210.971000001,ok,7,ok,2026-09-28T17:02:31.449089+00:00,,TradingView scanner close; exact exchange timestamp unavailable,TradingView scanner (unofficial/undocumented),TradingView scanner (unofficial/undocumented),True,0.5169644649668741,0.43324633607709295,0.8152981329050392,0.868098775346316,0.4933414043583535,0.7984340493876732,0.20256557,0.8689710610932476,65.84019273238304,83.37025552404604,49.33414043583535,67.74680058581664,0.1933166833166833,0.9717488789237668,0.5995309293462328,0.8663446054750402,,0.9776214833759591,0.9721778062040294,0.8840532640467684,0.9677093844601413,0.7768361581920904,0.9844382197323374,78.270532215403,95.01455286968414,92.58813242534549,1.0,84.22046499480524,ok,100.0,100.0,1.0,2.0,Financials,concentration_guard_keyword_v1,False,1.0,research_candidate,True,1.0,0.0,unchanged
8707.T,8707,"IwaiCosmo Holdings,Inc.",JP,Prime Market (Domestic),JPX,8707,TSE,8707,"IwaiCosmo Holdings, Inc.",4755.0,112700.0,115143.33333333333,111455460377.0,9.582103411752758,1.5006904596326103,4.7418335089568,16.5637589614966,0.36296943231441,97.1910112359551,45.1109893121403,31.9429980816662,38.7610754078412,64.54057796384359,1.1702127659574468,19.472361809045225,32.63598326359833,74.17582417582418,1.7618629683793618,0.8386106,8707,TSE:8707,TSE,547506550.0,ok,7,ok,2026-09-28T17:02:31.449089+00:00,,TradingView scanner close; exact exchange timestamp unavailable,TradingView scanner (unofficial/undocumented),TradingView scanner (unofficial/undocumented),True,0.6499593606068816,0.8377133568138716,0.8807911135193714,0.927390950961799,0.7735031156868057,0.47141696017339474,0.8386106,0.28745597399078837,82.3963695475481,37.94364670820916,77.35031156868058,70.52628014088323,0.10436121976866455,0.8561835478455512,0.9502564102564103,0.775169535732916,0.9961852861035423,0.9870399170554691,0.9745982374287195,0.9468421052631579,0.7956929872998344,0.48428645028335904,0.4160621761658031,76.35754694617735,82.981103049729,87.12675462814961,1.0,75.31101586297011,ok,100.0,100.0,1.0,1.0,Other,concentration_guard_keyword_v1,False,1.0,research_candidate,True,1.0,0.0,unchanged
STNG,STNG,Scorpio Tankers Inc. Common Shares,US,NYSE,Nasdaq Trader,STNG,NYSE,STNG,Scorpio Tankers Inc.,83.72,516209.0,862836.9666666667,4192810699.566082,5.270845400287088,1.1906644624488434,2.17204564977298,24.6193235920985,0.200260575722882,59.143127672019,46.7231597053982,67.1573954411253,32.68443204491772,116.30646457218342,7.567775921881023,21.052631578947373,12.059965198768579,45.72671888598781,3.00188813030952,0.12924375,STNG,NYSE:STNG,NYSE,72236710.84933333,ok,7,ok,2026-09-28T17:02:31.449089+00:00,,TradingView scanner close; exact exchange timestamp unavailable,TradingView scanner (unofficial/undocumented),TradingView scanner (unofficial/undocumented),True,0.9040353342702269,0.8829552298735194,0.6673358763300542,0.8466171451515759,0.781678773204197,0.646456534832363,0.12924375,0.9109726688102894,82.52358964063441,77.87146018213262,78.1678773204197,80.70720042797676,0.18972288580984234,0.9704035874439462,0.761946643213134,0.8460547504025765,0.7386695906432749,0.9363810741687979,0.9884873680844259,0.8564468983436181,0.9142280524722503,0.7919020715630884,0.6965452847805789,84.14174340733895,84.12276136159308,88.53374754079341,1.0,83.83213317380675,ok,99.97068308413955,99.97068308413955,2.0,3.0,Shipping,concentration_guard_keyword_v1,False,1.0,research_candidate,True,2.0,0.0,unchanged
8609.T,8609,OKASAN SECURITIES GROUP INC.,JP,Prime Market (Domestic),JPX,8609,TSE,8609,Okasan Securities Group Inc.,1265.0,511400.0,508603.3333333333,276908468735.0,9.177693199510715,1.0774675488919851,3.19233838786911,12.6718404055869,0.623493822117839,93.3650082860266,29.9381192482635,24.3679700997849,38.457783093709565,176.97405569856306,5.0664451827242525,31.088082901554404,48.8235294117647,83.59941944847606,2.126923078691886,0.9612603,8609,TSE:8609,TSE,643383216.6666666,ok,7,ok,2026-09-28T17:02:31.449089+00:00,,TradingView scanner close; exact exchange timestamp unavailable,TradingView scanner (unofficial/undocumented),TradingView scanner (unofficial/undocumented),True,0.8474668111622866,0.9284746681116228,0.9417502031969656,0.9401246274722298,0.7900298022216201,0.3473313465185587,0.9612603,0.22920617718775405,91.44540774857761,28.826876185315637,79.00298022216201,73.92441072879977,0.10895984189723322,0.8791270285394516,0.7333333333333333,0.6452790818988002,0.9923705722070845,0.9476412649040954,0.9414204250907205,0.9457894736842105,0.9342904472667035,0.684183410613086,0.28393782383419686,76.5547924161957,76.21298335869795,94.0039960475457,1.0,75.03358574331655,ok,99.94871794871794,99.94871794871794,2.0,4.0,Financials,concentration_guard_keyword_v1,False,1.0,research_candidate,True,2.0,0.0,unchanged
INSW,INSW,"International Seaways, Inc. Common Stock ",US,NYSE,Nasdaq Trader,INSW,NYSE,INSW,"International Seaways, Inc.",107.58,296914.0,684020.6333333333,5328578410.861794,6.869951147865513,2.351710837937437,7.8852707307838,37.4116050605098,0.28815429064575404,59.5329951495586,55.6529596108849,61.8606353609804,57.663130697337884,225.71030408918836,8.360193392425462,39.262135922330096,47.93729372937294,127.97202797202797,3.4893454211028256,0.47885472,INSW,NYSE:INSW,NYSE,73586939.734,ok,7,ok,2026-09-28T17:02:31.449089+00:00,,TradingView scanner close; exact exchange timestamp unavailable,TradingView scanner (unofficial/undocumented),TradingView scanner (unofficial/undocumented),True,0.9096566954426822,0.9405741818911865,0.8905842200361374,0.9632603894800241,0.783091202582728,0.5527002609917687,0.47885472,0.7144292604501608,92.60188717125075,63.35647607209647,78.3091202582728,83.1466193595155,0.14556144264733223,0.9434977578475336,0.968630900029317,0.9227053140096618,0.7437865497076024,0.9597186700767263,0.9830508474576272,0.9188048067554401,0.9498822737975109,0.4883866917765223,0.6423902894491129,80.0171783217791,85.0330334140146,93.43435402764754,1.0,83.34317822598003,ok,99.9413661682791,99.9413661682791,3.0,5.0,Shipping,concentration_guard_keyword_v1,False,2.0,research_candidate,True,3.0,0.0,unchanged
8624.T,8624,"Ichiyoshi Securities Co.,Ltd.",JP,Prime Market (Domestic),JPX,8624,TSE,8624,"Ichiyoshi Securities Co., Ltd.",1712.0,196700.0,146346.66666666666,54042409630.0,9.425366457917557,1.7882760351551252,5.2046783625731,20.1794031395549,0.0854359473940575,98.0420594633793,30.0398839738941,21.2073966642495,49.55804999728865,399.95596011087036,-0.4072134962187318,22.285714285714285,13.829787234042554,98.83855981416957,2.473255128696725,1.0083878,8624,TSE:8624,TSE,250545493.3333333,ok,7,ok,2026-09-28T17:02:31.449089+00:00,,TradingView scanner close; exact exchange timestamp unavailable,TradingView scanner (unofficial/undocumented),TradingView scanner (unofficial/undocumented),True,0.4863180709834733,0.8738824166892442,0.7176916824708751,0.9558385261446762,0.6635058249796804,0.2511514494716879,1.0083878,0.2072609049038201,75.84326740720671,22.9206177187754,66.35058249796803,61.18870224871308,0.10609667056074765,0.8645775041969782,0.9712820512820513,0.8539384454877412,0.9989100817438692,0.9481596682218766,0.9144634525660964,0.9673684210526315,0.9757040309221424,0.39670273055126226,0.6984455958549223,74.41874286767639,88.27834487749013,97.15362259873869,1.0,74.9195792249367,ok,99.8974358974359,99.8974358974359,3.0,7.0,Financials,concentration_guard_keyword_v1,False,2.0,research_candidate,True,3.0,0.0,unchanged
NWFL,NWFL,Norwood Financial Corp. - Common Stock,US,NASDAQ,Nasdaq Trader,NWFL,NASDAQ,NWFL,Norwood Financial Corp.,33.5049,9585.0,31861.7,365272881.5869094,11.548635047566524,1.2599967056844994,3.75962107756069,11.1962567831245,0.226187681259495,,40.144100054377375,27.998524042569716,42.39417378943676,1121.5578947368422,-1.629770992366421,6.533863275039746,13.039473684210522,28.15031554790591,1.916828240298073,0.1603448,NWFL,NASDAQ:NWFL,NASDAQ,1067523.07233,ok,7,ok,2026-09-28T17:02:31.449089+00:00,,TradingView scanner close; exact exchange timestamp unavailable,TradingView scanner (unofficial/undocumented),TradingView scanner (unofficial/undocumented),True,0.6992571772736398,0.7618952017667135,0.6789801244729974,0.766111222646055,0.26533494753833736,0.8646858060630396,0.1603448,0.8908762057877814,72.65609315398514,87.77810059254105,26.533494753833736,69.51820525360141,0.0865903196248907,0.8013452914798206,0.8818528290823805,0.5909822866344605,,0.8960997442455243,0.8637671889990406,0.8895745371873985,0.9889001009081736,0.7680477087256748,0.6800497976968565,81.70819430959585,75.77247543939704,93.9237319047786,1.0,82.22004288018289,ok,99.88273233655819,99.88273233655819,5.0,8.0,Financials,concentration_guard_keyword_v1,False,2.0,research_candidate,True,5.0,0.0,unchanged
TEN,TEN,Tsakos Energy Navigation Ltd Common Shares,US,NYSE,Nasdaq Trader,TEN,NYSE,TEN,Tsakos Energy Navigation Ltd,46.71,89615.0,417676.3,1375582883.4841015,4.730318190103904,0.6694944721915417,4.32619511139952,16.8897802727216,1.02312794787646,43.1027709787568,38.2915649418514,33.607899159839,23.231139040907678,253.35838253712643,10.857956568173735,31.097389840022444,18.613509395632295,103.97379912663756,3.5825418866361547,0.2180051,TEN,NYSE:TEN,NYSE,19509659.973,ok,7,ok,2026-09-28T17:02:31.449089+00:00,,TradingView scanner close; exact exchange timestamp unavailable,TradingView scanner (unofficial/undocumented),TradingView scanner (unofficial/undocumented),True,0.9277253563541458,0.9223047580807067,0.7384059425818109,0.9451917285685605,0.6039144471347861,0.5370407548685003,0.2180051,0.859927652733119,88.3406946396306,69.84842038008097,60.39144471347861,79.52523858582039,0.21140226932134443,0.9757847533632287,0.9085312225153914,0.7439613526570048,0.5785818713450293,0.8794757033248082,0.9210105532459226,0.7869438129262748,0.9556004036326943,0.9463276836158192,0.31341425459072514,94.35478864981465,68.72887470326981,87.12721082794846,1.0,81.92472525681754,ok,99.85341542069774,99.85341542069774,6.0,9.0,Other,concentration_guard_keyword_v1,False,1.0,research_candidate,True,6.0,0.0,unchanged
3932.T,3932,Akatsuki Inc.,JP,Prime Market (Domestic),JPX,3932,TSE,3932,"Akatsuki, Inc.",3900.0,73200.0,114110.0,46444556503.0,7.322941141015624,1.2076549681202158,2.97927461139896,19.189421087165,0.897367269732609,57.0197774599742,34.3123234155359,26.5234225121211,31.304387652285428,925.4999711166312,0.2570694087403599,34.48275862068966,41.509433962264154,40.338251169485424,2.9711392406463517,0.40554932,3932,TSE:3932,TSE,445029000.0,ok,7,ok,2026-09-28T17:02:31.449089+00:00,,TradingView scanner close; exact exchange timestamp unavailable,TradingView scanner (unofficial/undocumented),TradingView scanner (unofficial/undocumented),True,0.5648875643457058,0.9406664860471416,0.9195340016255757,0.8369005689515037,0.750474126253048,0.1636412896234083,0.40554932,0.5898130587916554,81.54971552424817,37.67271742075318,75.0474126253048,69.60512056353292,0.13655715384615386,0.9496362618914381,0.6902564102564103,0.8351591027647366,0.8485013623978201,0.9631933644375325,0.9548989113530326,0.93,0.9900607399226946,0.60741885625966,0.1989637305699482,74.91038428025027,76.0143294304614,96.00303699613472,1.0,74.81515076865507,ok,99.7948717948718,99.7948717948718,5.0,12.0,Other,concentration_guard_keyword_v1,False,2.0,research_candidate,True,5.0,0.0,unchanged
BUSE,BUSE,First Busey Corporation - Common Stock,US,NASDAQ,Nasdaq Trader,BUSE,NASDAQ,BUSE,First Busey Corporation,29.88,263835.0,700720.3666666667,2467399280.3988037,12.422050386630081,1.0406102684690908,3.4230641409106,9.62271645071912,0.194339005742461,,38.07175706440997,29.282505412709597,35.64369018769773,114.88297302126142,-1.2231404958677718,1.356852103120755,17.82334384858044,24.034869240348687,1.4631181176405694,0.2681698,BUSE,NASDAQ:BUSE,NASDAQ,20937524.556,ok,7,ok,2026-09-28T17:02:31.449089+00:00,,TradingView scanner close; exact exchange timestamp unavailable,TradingView scanner (unofficial/undocumented),TradingView scanner (unofficial/undocumented),True,0.7163220236900221,0.6759686809877534,0.7291708492270629,0.7418189118650873,0.6135996771589992,0.9476008833567556,0.2681698,0.8285771704180065,71.58201164424814,88.80890268873812,61.35996771589992,74.35542781611841,0.08050200803212852,0.7623318385650224,0.8619173262972736,0.5365539452495974,,0.8775575447570333,0.879756955548449,0.8710620331276389,0.9135553313151699,0.8452605147520402,0.7024587612822907,82.31698932047787,74.90818017093426,89.23086822214043,1.0,81.21110316722906,ok,99.73614775725594,99.73614775725594,10.0,16.0,Other,concentration_guard_keyword_v1,False,2.0,research_candidate,True,10.0,0.0,unchanged
TRMD,TRMD,TORM plc - Class A Common Stock,US,NASDAQ,Nasdaq Trader,TRMD,NASDAQ,TRMD,TORM plc,35.47,1105933.0,1553110.0,3620079550.087489,5.978002890906244,1.42935460413376,6.87306607929515,26.6639628552417,0.42198956985452707,45.3629286293108,39.0870327379012,35.5443492658007,20.287134246724882,64.44948987550526,10.052745888923372,36.108979278587874,24.8943661971831,64.97674418604652,3.242864330241508,0.43540433,TRMD,NASDAQ:TRMD,NASDAQ,55088811.699999996,ok,7,ok,2026-09-28T17:02:31.449089+00:00,,TradingView scanner close; exact exchange timestamp unavailable,TradingView scanner (unofficial/undocumented),TradingView scanner (unofficial/undocumented),True,0.9213009435856254,0.9349528207187312,0.7904035334270226,0.8960048183095763,0.7455609362389023,0.5968680987753463,0.43540433,0.7339228295819935,88.56655290102388,66.53954641786699,74.55609362389023,80.95823238866461,0.1672799458697491,0.9582959641255605,0.9595426561125769,0.8650563607085346,0.6052631578947368,0.8877877237851662,0.9341221618164375,0.7528418317635596,0.8092835519677094,0.7040175768989329,0.5642701525054465,87.39520657123569,77.12999113420643,78.10626918656345,1.0,80.01846816150685,ok,99.64819700967458,99.64819700967458,13.0,20.0,Other,concentration_guard_keyword_v1,False,3.0,research_candidate,True,14.0,1.0,unchanged
6750.T,6750,"ELECOM CO.,LTD.",JP,Prime Market (Domestic),JPX,6750,TSE,6750,"Elecom Co., Ltd.",2045.0,240900.0,208003.33333333334,186696600334.0,7.540702277218339,1.5025312545236662,2.78184480234261,22.2792446506562,0.0113395854619764,39.4969908232846,11.9239082182908,15.4803402880368,15.437216999756378,115.43067085037933,3.7018255578093306,13.61111111111111,25.07645259938838,7.744994731296101,1.6424560402719326,0.33728418,6750,TSE:6750,TSE,425366816.6666667,ok,7,ok,2026-09-28T17:02:31.449089+00:00,,TradingView scanner close; exact exchange timestamp unavailable,TradingView scanner (unofficial/undocumented),TradingView scanner (unofficial/undocumented),True,0.8000541858574912,0.7453264697913844,0.8369005689515037,0.5600108371714982,0.7426171769168247,0.5174749390409104,0.33728418,0.6605256028176646,73.55730154429693,58.90002709292874,74.26171769168248,69.99864535356271,0.13261364303178486,0.9412423055400112,0.6374358974358975,0.8868022952529995,0.6757493188010899,0.68066355624676,0.8491446345256609,0.7542105263157894,0.8934290447266704,0.4832560535806285,0.8658031088082901,68.73114188521791,79.163258272696,82.38197855212299,1.0,73.31859504548693,ok,99.64102564102564,99.64102564102564,8.0,21.0,Other,concentration_guard_keyword_v1,False,3.0,research_candidate,True,8.0,0.0,unchanged
FRO,FRO,Frontline Plc Ordinary Shares,US,NYSE,Nasdaq Trader,FRO,NYSE,FRO,Frontline Plc,47.83,1662153.0,3365143.1333333333,10648052931.21433,7.162967622128374,3.374817076870755,6.55772051120888,53.8422866862181,0.771704039427602,51.527092108084,49.135816748947,54.758975386617,48.84009857969576,524.5230078563412,7.725225225225225,37.00945287883129,37.798905214635546,107.41543798785777,3.206320747837946,0.7150004,FRO,NYSE:FRO,NYSE,160954796.06733334,ok,7,ok,2026-09-28T17:02:31.449089+00:00,,TradingView scanner close; exact exchange timestamp unavailable,TradingView scanner (unofficial/undocumented),TradingView scanner (unofficial/undocumented),True,0.904838385866292,0.9361573981128287,0.858060630395503,0.9484039349528207,0.8690476190476191,0.6055009034330456,0.7150004,0.5960610932475885,91.18650873318612,60.078099834031704,86.90476190476191,82.76714448413388,0.13960694125026132,0.9376681614349776,0.9557314570507183,0.957487922705314,0.6684941520467836,0.9462915601023018,0.9785737128237928,0.903864891198441,0.9771274806592667,0.35185185185185186,0.4024276377217554,74.84171567791826,79.06549970799894,94.04961859288538,1.0,79.97641885013905,ok,99.61888009381413,99.61888009381413,14.0,22.0,Other,concentration_guard_keyword_v1,False,4.0,research_candidate,True,13.0,-1.0,unchanged
DBRG,DBRG,"DigitalBridge Group, Inc.",US,NYSE,Nasdaq Trader,DBRG,NYSE,DBRG,"DigitalBridge Group, Inc.",15.985,1579005.0,5235071.633333334,3041629422.132979,10.3866146848603,1.924132485278611,0.250312891113892,15.873708408532,0.136298772311674,95.9025496623846,34.5550360899258,58.0192669448442,99.25070006975665,,0.09392611145897803,1.0429835651074535,3.5968891769280606,34.89451476793249,0.19151142666421261,0.6035954,DBRG,NYSE:DBRG,NYSE,83682620.05883333,ok,6,ok,2026-09-28T17:02:31.449089+00:00,,TradingView scanner close; exact exchange timestamp unavailable,TradingView scanner (unofficial/undocumented),TradingView scanner (unofficial/undocumented),True,0.7689219032322827,0.6673358763300542,0.5611323027504517,0.7998393896807869,0.8006456820016142,0.9859465970688617,0.6035954,0.6533360128617363,69.9307367998394,81.96413049652989,80.06456820016142,74.45915993406032,0.09627776040037535,0.8515695067264574,0.5573145705071827,0.7223832528180354,0.9777046783625731,0.8430306905370843,0.9814518708026863,0.9532315686911335,,0.5747018204645323,0.7494553376906319,66.11952992327241,85.48051660422023,95.32315686911335,1.0,79.74887310015121,ok,99.58956317795368,99.58956317795368,15.0,24.0,Other,concentration_guard_keyword_v1,False,5.0,research_candidate,True,15.0,0.0,unchanged
5351.T,5351,"SHINAGAWA REFRA CO.,LTD.",JP,Prime Market (Domestic),JPX,5351,TSE,5351,"SHINAGAWA REFRA CO., LTD",2081.0,84100.0,101066.66666666667,98420338280.0,3.275284773498555,0.8619948341614724,4.30416068866571,29.2953533842944,0.45664724143565205,22.9531016542873,6.69454267932195,15.5819028065914,25.318749115988982,236.0460399205165,-0.3829583532790809,7.712215320910973,-1.5610217596972564,8.611691022964509,1.1650335228756696,0.6381981,5351,TSE:5351,TSE,210319733.33333334,ok,7,ok,2026-09-28T17:02:31.449089+00:00,,TradingView scanner close; exact exchange timestamp unavailable,TradingView scanner (unofficial/undocumented),TradingView scanner (unofficial/undocumented),True,0.48984015172040096,0.5819561094554321,0.3573557301544297,0.5743700894066649,0.6415605526957464,0.7520997019777838,0.6381981,0.3931183960986182,50.08805201842319,57.2609049038201,64.15605526957464,53.99146572744513,0.30531696299855837,0.996082820369334,0.9117948717948718,0.9420970266040689,0.32043596730245233,0.3913945049248315,0.8506998444790047,0.8957894736842106,0.9497515184980674,0.8253477588871716,0.3538860103626943,91.10751503504592,57.17026707346105,92.27704960911389,1.0,71.62719898728601,ok,99.53846153846155,99.53846153846155,10.0,26.0,Other,concentration_guard_keyword_v1,False,4.0,research_candidate,True,10.0,0.0,unchanged
2121.T,2121,"MIXI,Inc.",JP,Prime Market (Domestic),JPX,2121,TSE,2121,MIXI Inc.,3805.0,360500.0,369456.6666666667,240704974747.0,11.675435772982889,1.312873435505572,3.1331592689295,11.8686288035564,0.23450260476011303,66.0718580154875,13.3647571866032,11.5856754257986,19.884292331644062,34.88794171015336,5.547850208044383,40.40590405904059,48.22750292169848,18.90625,2.1546900369657207,0.10447695,2121,TSE:2121,TSE,1405782616.6666667,ok,7,ok,2026-09-28T17:02:31.449089+00:00,,TradingView scanner close; exact exchange timestamp unavailable,TradingView scanner (unofficial/undocumented),TradingView scanner (unofficial/undocumented),True,0.8604714169601734,0.9569222432945002,0.9409374153345976,0.7046870766729884,0.8553237604985099,0.3383906800325115,0.10447695,0.9038201029531292,86.5754538065565,62.11053914928204,85.532376049851,80.30276347873206,0.08564990801576872,0.7213206491326245,0.7235897435897436,0.6056338028169014,0.9019073569482289,0.7283566614826334,0.7584240539139451,0.8294736842105264,0.6421866372170072,0.556929417825863,0.5155440414507773,66.72799368494104,70.19731833224971,73.58301607137668,1.0,71.2508301619488,ok,99.48717948717949,99.48717948717949,11.0,29.0,Other,concentration_guard_keyword_v1,False,5.0,research_candidate,True,11.0,0.0,unchanged
WSBC,WSBC,"WesBanco, Inc. - Common Stock",US,NASDAQ,Nasdaq Trader,WSBC,NASDAQ,WSBC,"WesBanco, Inc.",38.28,350741.0,944494.9666666667,3671277509.400932,11.107886947942662,0.9445053745267296,3.90584583548888,8.97967626046724,0.42515569928108804,,44.145186873256286,33.690846182092116,31.111729811453465,107.17806901526994,-5.667816658452433,-1.0597053502196863,10.571923743500877,18.91891891891893,1.9261009170894798,0.29225567,WSBC,NASDAQ:WSBC,NASDAQ,36155267.324,ok,7,ok,2026-09-28T17:02:31.449089+00:00,,TradingView scanner close; exact exchange timestamp unavailable,TradingView scanner (unofficial/undocumented),TradingView scanner (unofficial/undocumented),True,0.5422605902429231,0.6093153985143546,0.6530817104998996,0.7096968480224854,0.6846246973365617,0.8620758883758282,0.29225567,0.8122990353697749,62.858863681991565,83.71874618728015,68.46246973365618,68.9143752160634,0.09002612330198537,0.8192825112107623,0.8903547346819115,0.5143317230273752,,0.9207161125319693,0.9219699392388871,0.8463786943812927,0.9061553985872856,0.8747645951035782,0.5608465608465609,86.1467280332084,72.94660839111981,87.62670464842891,1.0,79.28531651615859,ok,99.44297859865142,99.44297859865142,20.0,31.0,Other,concentration_guard_keyword_v1,False,6.0,research_candidate,True,21.0,1.0,unchanged
3635.T,3635,"KOEI TECMO HOLDINGS CO.,LTD.",JP,Prime Market (Domestic),JPX,3635,TSE,3635,"Koei Tecmo Holdings Co., Ltd.",1673.5,890500.0,885940.0,558817270294.0,11.523180631967444,1.9970285265650258,3.94973070017953,20.5985244560912,0.0385122319735108,64.5848220666,42.8755180791768,52.8864018645353,13.215837098440437,57.26019090520252,-1.0933806146572105,7.898130238555771,2.668711656441718,-11.595351294241944,1.762182971261695,-1.8436303e-05,3635,TSE:3635,TSE,1482620590.0,ok,7,ok,2026-09-28T17:02:31.449089+00:00,,TradingView scanner close; exact exchange timestamp unavailable,TradingView scanner (unofficial/undocumented),TradingView scanner (unofficial/undocumented),True,0.4126253047954484,0.5871037659170957,0.4925494445949607,0.24085613654836088,0.8604714169601734,0.4708751015984828,1.8436303e-05,0.999729070712544,43.328366296396645,73.53020861555135,86.04714169601733,57.28664318612842,0.08678159545861966,0.7341913822048125,0.8717948717948718,0.863849765258216,0.8926430517711171,0.9834110938310006,0.995334370139969,0.7078947368421052,0.7653230259525124,0.34569809376609995,0.7854922279792746,65.05614492552616,90.41461017959153,73.66088813973089,1.0,71.1286526410178,ok,99.43589743589743,99.43589743589743,12.0,32.0,Other,concentration_guard_keyword_v1,False,6.0,research_candidate,True,12.0,0.0,unchanged
MRP,MRP,"Millrose Properties, Inc. Class A Common Stock",US,NYSE,Nasdaq Trader,MRP,NYSE,MRP,"Millrose Properties, Inc.",26.605,918158.0,1385123.7,4103238777.605738,9.278763994001325,0.7549263162972433,11.0702464141228,8.11972623428877,0.42580345723974505,,85.10919172223,62.5951458365931,228.24471299093653,890.4317789291885,-13.14071172053542,-12.541091387245237,-5.387624466571837,-22.772133526850514,2.4863453132496427,0.19860762,MRP,NYSE:MRP,NYSE,36851216.038499996,ok,7,ok,2026-09-28T17:02:31.449089+00:00,,TradingView scanner close; exact exchange timestamp unavailable,TradingView scanner (unofficial/undocumented),TradingView scanner (unofficial/undocumented),True,0.27986348122866894,0.3852640032122064,0.42180285083316604,0.3585625376430436,0.6882566585956417,0.7488456133306565,0.19860762,0.870176848874598,36.13732182292713,80.95112311026273,68.82566585956417,52.24402375025658,0.10777297500469836,0.885201793721973,0.979478158897684,0.4863123993558776,,0.9926470588235294,0.9836904381196034,0.975641442026632,0.9841910528086109,0.9234149403640929,0.5596016184251478,92.93649643279167,75.55628786810395,97.99162474176215,1.0,79.2847877635548,ok,99.41366168279096,99.41366168279096,21.0,33.0,Other,concentration_guard_keyword_v1,False,7.0,research_candidate,True,20.0,-1.0,unchanged
4763.T,4763,"CREEK & RIVER Co.,Ltd.",JP,Prime Market (Domestic),JPX,4763,TSE,4763,"CREEK & RIVER Co., Ltd.",1509.0,62300.0,38790.0,33280913479.000004,6.880056317068011,1.6379996288286327,3.34896182183523,26.2893990668378,0.5908485154162311,37.2822261619999,8.82138296538717,7.19601127468443,26.002348739951287,101.96393317028611,-1.3725490196078431,15.455241009946443,7.0212765957446805,0.199203187250996,1.2079975736649222,0.16561176,4763,TSE:4763,TSE,58534110.0,ok,7,ok,2026-09-28T17:02:31.449089+00:00,,TradingView scanner close; exact exchange timestamp unavailable,TradingView scanner (unofficial/undocumented),TradingView scanner (unofficial/undocumented),True,0.39013817393660255,0.7781089135735573,0.593876998103495,0.4283392034678949,0.48171227309672177,0.7274451368192902,0.16561176,0.8404226496884313,54.761582227038744,78.39338932538608,48.171227309672176,59.680980764020596,0.14534764744864148,0.9625069949636262,0.7635897435897436,0.9227960354720918,0.6337874659400545,0.5256609642301711,0.5401762571280456,0.9005263157894737,0.8807288790723358,0.43122102009273566,0.29844559585492225,71.91059195487018,58.417326372505705,89.06275974309048,1.0,70.36777726332579,ok,99.38461538461539,99.38461538461539,13.0,34.0,Other,concentration_guard_keyword_v1,False,7.0,research_candidate,True,13.0,0.0,unchanged
3989.T,3989,SHARINGTECHNOLOGY.INC,JP,Growth Market(Domestic),JPX,3989,TSE,3989,SHARINGTECHNOLOGY. INC,1546.0,677400.0,483390.0,37404769793.0,14.915408601154642,6.557483297292625,4.36893203883495,48.5011340657572,0.0539042095233234,90.2873911592666,21.4182916827878,26.6937270590264,13.602586380872081,72.35902143113701,-1.5286624203821657,16.67924528301887,26.5139116202946,48.36852207293666,1.282320784361611,0.6331179,3989,TSE:3989,TSE,747320940.0,ok,7,ok,2026-09-28T17:02:31.449089+00:00,,TradingView scanner close; exact exchange timestamp unavailable,TradingView scanner (unofficial/undocumented),TradingView scanner (unofficial/undocumented),True,0.3771335681387158,0.7984286101327553,0.8471958818748306,0.8672446491465727,0.8027634787320509,0.6903278244378217,0.6331179,0.3969114061230019,72.25006773232187,54.36196152804118,80.27634787320508,68.98198320238419,0.06704476067270375,0.5198656966983771,0.9202564102564103,0.9890453834115805,0.9863760217983651,0.8792120269569725,0.9564541213063764,0.716842105263158,0.8221976808393153,0.05667181865018034,0.7523316062176166,49.89313085349892,91.26838319381821,76.95198930512366,1.0,69.67258076190846,ok,99.28205128205128,99.28205128205128,15.0,40.0,Other,concentration_guard_keyword_v1,False,8.0,research_candidate,True,15.0,0.0,unchanged
CMBT,CMBT,CMB.TECH NV Ordinary Shares,US,NYSE,Nasdaq Trader,CMBT,NYSE,CMBT,CMB.TECH NV,19.08,356631.0,1074029.2333333334,5536439097.709868,6.678386988483789,1.7758601403105394,3.20649227110583,37.4127454373586,1.7470911510884,36.5023353759467,30.1440645738374,37.1426563806956,92.48344766009937,112.31711710403222,2.691065662002153,35.511363636363626,50.83003952569168,90.99099099099097,2.309777138558701,1.0306523,CMBT,NYSE:CMBT,NYSE,20492477.772,ok,7,ok,2026-09-28T17:02:31.449089+00:00,,TradingView scanner close; exact exchange timestamp unavailable,TradingView scanner (unofficial/undocumented),TradingView scanner (unofficial/undocumented),True,0.8375828146958442,0.933346717526601,0.8976109215017065,0.9353543465167637,0.610774818401937,0.7835775948604697,1.0306523,0.465032154340836,90.09737000602289,62.43048746006529,61.077481840193705,78.8276661446591,0.14973675555555557,0.9461883408071748,0.8498973907944884,0.9230273752012882,0.4894005847953216,0.8069053708439897,0.9433962264150944,0.9490094186424164,0.9112008072653885,0.6107972379158819,0.17615935262994087,80.2294323172515,66.77777819771269,93.01051129539024,1.0,78.23308350773232,ok,99.2084432717678,99.2084432717678,28.0,44.0,Other,concentration_guard_keyword_v1,False,8.0,research_candidate,True,27.0,-1.0,unchanged
LPG,LPG,Dorian LPG Ltd. Common Stock,US,NYSE,Nasdaq Trader,LPG,NYSE,LPG,Dorian LPG Ltd.,54.48,330571.0,583900.9333333333,2330800447.797866,7.229011583933761,1.88496913570636,0.0,28.34202271141,0.522626703958592,60.4981674109806,52.0196533903233,55.0030051738041,81.05922022373736,555.6725247955454,10.439894587472125,54.29056924384025,60.565870910698486,73.5031847133758,3.385496207080289,0.4795667,LPG,NYSE:LPG,NYSE,31810922.847999997,ok,7,ok,2026-09-28T17:02:31.449089+00:00,,TradingView scanner close; exact exchange timestamp unavailable,TradingView scanner (unofficial/undocumented),TradingView scanner (unofficial/undocumented),True,0.9245131499698855,0.9674764103593656,0.9170849227062838,0.9108612728367798,0.6684826472962067,0.570568159004216,0.4795667,0.7138263665594855,92.99839389680787,64.21972627818508,66.84826472962067,81.88120761707408,0.13833149779735682,0.9363228699551569,0.26868953386103783,0.8772946859903382,0.7551169590643275,0.9526854219948849,0.9795330988167573,0.9405651185449821,0.9784729229734275,0.5850596359070935,0.5116713352007469,59.66906799077627,81.52603002134111,95.95190207592049,1.0,78.07187294446238,ok,99.17912635590736,99.17912635590736,29.0,46.0,Other,concentration_guard_keyword_v1,False,9.0,research_candidate,True,29.0,0.0,unchanged
LTC,LTC,"LTC Properties, Inc. Common Stock",US,NYSE,Nasdaq Trader,LTC,NYSE,LTC,"LTC Properties, Inc.",43.11,157116.0,568929.7,2323868761.4755473,15.799890049477735,1.8319158754994105,5.30973451327434,12.1054076187421,0.614479770699914,58.6329073381929,36.1690749833424,38.5303024670352,59.93916941090377,49.580615097856466,5.687668546212308,13.149606299212593,16.011840688912816,18.36902800658978,2.01325013599707,0.104250096,LTC,NYSE:LTC,NYSE,24526559.367,ok,7,ok,2026-09-28T17:02:31.449089+00:00,,TradingView scanner close; exact exchange timestamp unavailable,TradingView scanner (unofficial/undocumented),TradingView scanner (unofficial/undocumented),True,0.8855651475607308,0.8279461955430636,0.7102991367195343,0.706283878739209,0.6349878934624698,0.8448102790604296,0.104250096,0.9256430868167203,78.25235896406343,88.52266829385749,63.49878934624697,78.60690085383948,0.06329157967988866,0.6345291479820628,0.935649369686309,0.621256038647343,0.735014619883041,0.856457800511509,0.9491525423728814,0.9207534913933095,0.7490750084090144,0.5966729441305713,0.47058823529411764,72.22838205996477,72.64938473417783,83.49142499011619,1.0,77.93398078524703,ok,99.14980944004691,99.14980944004691,30.0,47.0,Other,concentration_guard_keyword_v1,False,10.0,research_candidate,True,30.0,0.0,unchanged
8630.T,8630,"Sompo Holdings,Inc.",JP,Prime Market (Domestic),JPX,8630,TSE,8630,"Sompo Holdings,Inc.",6909.0,2376300.0,2322743.333333331,6351787866211.0,8.896742162136269,1.1590257648475022,2.17770034843206,14.5855286585227,0.180464838448762,,17.1422390862362,10.5775724069245,41.36367447468562,76.16312938379596,1.3347022587268993,10.6679481018741,11.579457364341085,50.654164849542084,1.76896800079742,0.8854182,8630,TSE:8630,TSE,16047833689.999985,ok,7,ok,2026-09-28T17:02:31.449089+00:00,,TradingView scanner close; exact exchange timestamp unavailable,TradingView scanner (unofficial/undocumented),TradingView scanner (unofficial/undocumented),True,0.667298835004064,0.676510430777567,0.6840964508263343,0.8734760227580601,0.978867515578434,0.4670820915740992,0.8854182,0.2644269845570306,72.53454348415063,36.57545380655649,97.8867515578434,67.34760227580601,0.1124006947459835,0.8903189703413542,0.46717948717948715,0.7188315075639019,,0.8128564022809746,0.7288750648004148,0.9536842105263158,0.8321369409166206,0.6326635754765585,0.572538860103627,66.33873443324666,70.82754586872295,89.29105757214681,1.0,68.51628118352784,ok,99.12820512820512,99.12820512820512,18.0,48.0,Other,concentration_guard_keyword_v1,False,9.0,research_candidate,True,18.0,0.0,unchanged
4516.T,4516,"Nippon Shinyaku Co.,Ltd.",JP,Prime Market (Domestic),JPX,4516,TSE,4516,"Nippon Shinyaku Co., Ltd.",3514.0,448800.0,394456.6666666667,236342656410.0,7.506995883542866,0.8017509931393821,3.53377030493018,11.5454515535695,0.00865909306324726,65.3166270085584,18.5222778729942,17.5122440942698,12.228052811443725,3.2517812767312813,-2.116991643454039,-13.618485742379548,-33.06666666666667,5.241090146750524,1.176192922697477,-0.039809924,4516,TSE:4516,TSE,1386120726.6666667,ok,7,ok,2026-09-28T17:02:31.449089+00:00,,TradingView scanner close; exact exchange timestamp unavailable,TradingView scanner (unofficial/undocumented),TradingView scanner (unofficial/undocumented),True,0.3167163370360336,0.06962882687618531,0.024112706583581684,0.520997019777838,0.8547819019235979,0.7450555405039285,0.039809924,0.9639664047683555,23.286372256840966,85.4510972636142,85.47819019235979,48.1563261988621,0.133209077973819,0.9418019026301063,0.8015384615384615,0.5863328116849243,0.8970027247956404,0.838258164852255,0.871435977190254,0.6815789473684211,0.3025952512424075,0.863472436888202,0.8803108808290155,86.89376003522567,81.46681118704177,49.20870993054143,1.0,68.24250521974342,ok,99.07692307692308,99.07692307692308,19.0,51.0,Other,concentration_guard_keyword_v1,False,10.0,research_candidate,True,19.0,0.0,unchanged
7172.T,7172,"Japan Investment Adviser Co.,Ltd.",JP,Prime Market (Domestic),JPX,7172,TSE,7172,"Japan Investment Adviser Co.,Ltd.",2160.0,145800.0,147869.99999999948,133034773647.0,10.685747982570359,1.6289403208528275,4.5349375289218,16.0199596365988,1.89907098184468,79.0370151895001,49.3290075210146,30.1430467482672,10.194464005200151,43.90598125092549,2.1759697256385997,5.109489051094891,12.734864300626304,8.706592853548063,1.131864100314842,0.6072888,7172,TSE:7172,TSE,319399199.99999887,ok,7,ok,2026-09-28T17:02:31.449089+00:00,,TradingView scanner close; exact exchange timestamp unavailable,TradingView scanner (unofficial/undocumented),TradingView scanner (unofficial/undocumented),True,0.719588187483067,0.49119479815768086,0.7046870766729884,0.5773503115686806,0.6962882687618531,0.7699810349498781,0.6072888,0.41777296125711194,62.320509347060415,59.3876998103495,69.62882687618531,62.683554592251426,0.09358259259259259,0.7912702853945159,0.9353846153846154,0.7610850286906625,0.9618528610354223,0.9922239502332815,0.9678589942975635,0.6157894736842106,0.6957482054113749,0.4348274085522926,0.07098445595854919,72.04941031104747,75.08010580430958,65.57688395477928,1.0,68.1539871934066,ok,99.02564102564102,99.02564102564102,20.0,54.0,Other,concentration_guard_keyword_v1,False,11.0,research_candidate,True,20.0,0.0,unchanged
9757.T,9757,Funai Soken Holdings Incorporated,JP,Prime Market (Domestic),JPX,9757,TSE,9757,Funai Soken Holdings Incorporated,1186.0,189500.0,271363.3333333333,115383622398.0,13.61695483097639,3.970974918873752,3.82031905961377,31.0162288284782,0.0102828556495773,40.3812260998598,25.9884016115052,23.7253617647534,5.6549355588287025,74.13121623728964,1.3675213675213675,11.152764761012184,2.683982683982684,-8.062015503875969,0.9646068525031042,0.17489871,9757,TSE:9757,TSE,321836913.3333333,ok,7,ok,2026-09-28T17:02:31.449089+00:00,,TradingView scanner close; exact exchange timestamp unavailable,TradingView scanner (unofficial/undocumented),TradingView scanner (unofficial/undocumented),True,0.6697371985911678,0.6919534001625576,0.49336223245732863,0.28474668111622864,0.697642915199133,0.8366296396640477,0.17489871,0.8298564074776483,53.49498780818206,83.3243023570848,69.7642915199133,63.39271200216743,0.07343785834738618,0.6004476776720761,0.8512820512820513,0.9530516431924883,0.691008174386921,0.9191290824261276,0.9351995852773458,0.42210526315789476,0.827167310877968,0.125193199381762,0.872020725388601,52.5640976111963,87.40818421342966,62.46362870179314,1.0,68.00868972130515,ok,98.97435897435898,98.97435897435898,21.0,56.0,Other,concentration_guard_keyword_v1,False,12.0,research_candidate,True,21.0,0.0,unchanged
ACNB,ACNB,ACNB Corporation - Common Stock,US,NASDAQ,Nasdaq Trader,ACNB,NASDAQ,ACNB,ACNB Corporation,63.54,16955.0,76978.06666666667,646197316.4070296,12.047324712752644,1.526646394673412,2.38506198022909,13.3406644428968,0.7733929630338381,,42.9819885708619,33.836198881878246,24.94951691571655,95.53627701775854,-1.9444444444444415,6.041388518024028,32.485404503753124,42.306830907054874,2.3158110682392126,0.25772518,ACNB,NASDAQ:ACNB,NASDAQ,4891186.356,ok,7,ok,2026-09-28T17:02:31.449089+00:00,,TradingView scanner close; exact exchange timestamp unavailable,TradingView scanner (unofficial/undocumented),TradingView scanner (unofficial/undocumented),True,0.6862075888375828,0.7546677374021281,0.8325637422204376,0.834370608311584,0.4313962873284907,0.782975306163421,0.25772518,0.8356109324758842,77.69524191929331,80.92931193196526,43.139628732849076,73.32041744449465,0.08300598048473404,0.7784753363228699,0.7771914394605688,0.6634460547504025,,0.9143222506393862,0.9229293252318516,0.8038324131211432,0.8866464850319542,0.6707470182046453,0.40118269530034234,74.21379313293613,72.54700814804957,84.52394490765487,1.0,77.38867237946619,ok,98.94459102902374,98.94459102902374,37.0,58.0,Other,concentration_guard_keyword_v1,False,11.0,research_candidate,True,37.0,0.0,unchanged
8473.T,8473,"SBI Holdings,Inc.",JP,Prime Market (Domestic),JPX,8473,TSE,8473,SBI Holdings Incorporated,3229.0,3734400.0,3839550.0,2180525519531.0,4.5583194553281166,1.118998613166002,2.88053365676167,30.8412914304413,4.01718731487274,80.6885552530937,46.5904156716044,25.6265239065449,23.114327404408048,101.457489809459,-5.168869309838473,19.59259259259259,9.124704291990538,-0.21631644004944375,2.066596417841113,1.0680512,8473,TSE:8473,TSE,12397906950.0,ok,7,ok,2026-09-28T17:02:31.449089+00:00,,TradingView scanner close; exact exchange timestamp unavailable,TradingView scanner (unofficial/undocumented),TradingView scanner (unofficial/undocumented),True,0.1387157951774587,0.8396098618260635,0.6364128962340829,0.4207531834191276,0.969384990517475,0.3695475480899485,1.0680512,0.18260633974532647,50.88729341641831,27.607694391763747,96.9384990517475,51.97507450555405,0.21937909569526168,0.9932848349188584,0.6676923076923077,0.9509650495565989,0.9651226158038148,0.9896319336443753,0.9497148781752203,0.871578947368421,0.8790723357261182,0.6553323029366306,0.01813471502590669,77.21031485159322,77.47138384411831,87.53256415472697,1.0,67.9511856761006,ok,98.92307692307692,98.92307692307692,22.0,59.0,Other,concentration_guard_keyword_v1,False,13.0,research_candidate,True,22.0,0.0,unchanged
HTGC,HTGC,"Hercules Capital, Inc. Common Stock",US,NYSE,Nasdaq Trader,HTGC,NYSE,HTGC,"Hercules Capital, Inc.",16.865,431895.0,1418050.8666666667,3156520756.643488,8.471043246772815,1.3882909410003101,9.428403064231,17.1598757627833,1.03330695193749,97.9921191988077,82.6554785423897,64.1577309240341,44.00340653324412,32.06633499170811,-3.683609366076545,6.202770780856409,14.029749830966866,-12.161458333333337,1.6757788299614351,0.9500463,HTGC,NYSE:HTGC,NYSE,23915427.866333332,ok,7,ok,2026-09-28T17:02:31.449089+00:00,,TradingView scanner close; exact exchange timestamp unavailable,TradingView scanner (unofficial/undocumented),TradingView scanner (unofficial/undocumented),True,0.6195543063641838,0.756876129291307,0.688616743625778,0.4422806665328247,0.6317594834543987,0.9166833969082514,0.9500463,0.4971864951768489,62.68319614535234,70.69349460425501,63.17594834543987,64.75968359009113,0.11804921434924401,0.905829596412556,0.9736147757255936,0.7497584541062802,0.9883040935672515,0.9916879795396419,0.9859290054365206,0.8947710295550504,0.6612848974100235,0.719083490269931,0.30936819172113295,86.61759541360269,80.50095448741655,77.8027963482537,1.0,77.34670035734665,ok,98.91527411316329,98.91527411316329,38.0,60.0,Other,concentration_guard_keyword_v1,False,12.0,research_candidate,True,39.0,1.0,unchanged
SPNT,SPNT,SiriusPoint Ltd. Common Shares,US,NYSE,Nasdaq Trader,SPNT,NYSE,SPNT,SiriusPoint Ltd.,25.1,173598.0,888899.7,2915741809.5468874,6.132870721039901,1.2800453676637082,0.0,23.0783275515793,0.307966079353223,,21.0294615645107,15.5650648031278,22.554235049990567,366.61726142971156,3.5478547854785605,4.67055879899917,16.798510935318767,39.988845510317915,2.1868563015684677,0.04664039,SPNT,NYSE:SPNT,NYSE,22311382.47,ok,7,ok,2026-09-28T17:02:31.449089+00:00,,TradingView scanner close; exact exchange timestamp unavailable,TradingView scanner (unofficial/undocumented),TradingView scanner (unofficial/undocumented),True,0.8544468982132102,0.735394499096567,0.7165227865890383,0.8281469584420799,0.6226795803066989,0.8078699056414375,0.04664039,0.9588022508038585,78.36277855852238,88.33360782226481,62.26795803066989,78.44126279528011,0.16305577689243025,0.9547085201793722,0.26868953386103783,0.8338164251207729,,0.7004475703324808,0.7291333546530221,0.7775251705099058,0.9704002690884629,0.7608286252354048,0.6314970432617492,66.14088930919382,72.37235983420062,87.39627197991844,1.0,77.11202463895037,ok,98.82732336558195,98.82732336558195,41.0,64.0,Other,concentration_guard_keyword_v1,False,13.0,research_candidate,True,41.0,0.0,unchanged
6083.T,6083,"ERI HOLDINGS CO.,LTD.",JP,Standard Market(Domestic),JPX,6083,TSE,6083,"ERI Holdings Co., Ltd.",1727.0,88200.0,37660.00000000001,39193126007.0,12.374198041623734,4.562008606690192,2.51798483213427,42.4058649484266,0.28526321735201104,37.523500883851,20.0117873786805,12.7369224660071,24.987465529573914,146.68385878892752,3.042959427207637,26.05839416058394,31.497463243908655,75.38930439438053,2.076035199327638,0.44611293,6083,TSE:6083,TSE,65038820.000000015,ok,7,ok,2026-09-28T17:02:31.449089+00:00,,TradingView scanner close; exact exchange timestamp unavailable,TradingView scanner (unofficial/undocumented),TradingView scanner (unofficial/undocumented),True,0.7716066106746139,0.9008398807911135,0.8734760227580601,0.9287455973990788,0.4971552424817123,0.3660254673530209,0.44611293,0.5489027363858032,86.86670279057167,45.746410186941205,49.71552424817123,71.01395285830398,0.0808133178922988,0.6799104644655848,0.5656410256410257,0.9817423056859677,0.635967302452316,0.8615863141524106,0.7905650596163816,0.8910526315789473,0.913859745996687,0.09582689335394123,0.46994818652849746,44.71261278201839,74.79618336871148,90.24561887878171,1.0,67.81828976006574,ok,98.82051282051282,98.82051282051282,24.0,65.0,Other,concentration_guard_keyword_v1,False,14.0,research_candidate,True,24.0,0.0,unchanged
8739.T,8739,"SPARX Group Co.,Ltd.",JP,Prime Market (Domestic),JPX,8739,TSE,8739,"Sparx Group Co., Ltd.",2666.0,385200.0,133743.33333333334,83964331472.0,13.774923129625334,2.5948317569876402,3.35946248600224,20.8281156421844,0.24675228816061398,,50.9066341208264,33.3493156655915,23.06619461431177,33.25803117798414,1.7557251908396947,21.12676056338028,39.28944618599791,65.89919103920349,1.4127383321708444,1.2100377,8739,TSE:8739,TSE,356559726.6666667,ok,7,ok,2026-09-28T17:02:31.449089+00:00,,TradingView scanner close; exact exchange timestamp unavailable,TradingView scanner (unofficial/undocumented),TradingView scanner (unofficial/undocumented),True,0.6957464101869412,0.8569493362232458,0.9081549715524249,0.9119479815768085,0.7141696017339474,0.6266594418856679,1.2100377,0.1360065023028989,84.3199674884855,38.13329720942834,71.41696017339474,70.8378488214576,0.0725956864216054,0.5926133184107443,0.7646153846153846,0.8675013041210224,,0.993260756868844,0.9787454639709694,0.8705263157894737,0.6322473771397018,0.2442040185471407,0.5067357512953368,53.38109071910898,83.65608190640432,75.13868464645877,1.0,67.65501979035716,ok,98.76923076923076,98.76923076923076,25.0,67.0,Other,concentration_guard_keyword_v1,False,15.0,research_candidate,True,25.0,0.0,unchanged
ADAM,ADAM,"Adamas Trust, Inc. - Common Stock",US,NASDAQ,Nasdaq Trader,ADAM,NASDAQ,ADAM,"Adamas Trust, Inc.",8.025,351088.0,1019505.1666666667,721285355.5651106,4.7759328691305125,0.7739184188726155,11.7936117936118,14.1663390179509,7.6886135678791305,85.7378046727309,82.7120021934993,24.307676766705,42.502065003924365,785.3003161222339,-18.7753036437247,-14.627659574468085,8.73983739837399,13.668555240793212,2.208507022571983,0.83151996,ADAM,NASDAQ:ADAM,NASDAQ,8181528.962500001,ok,7,ok,2026-09-28T17:02:31.449089+00:00,,TradingView scanner close; exact exchange timestamp unavailable,TradingView scanner (unofficial/undocumented),TradingView scanner (unofficial/undocumented),True,0.16623168038546476,0.35133507327845814,0.6318008432041758,0.6761694438867697,0.49253430185633573,0.8034531218630797,0.83151996,0.5446141479099679,45.63842601887171,67.40336348865237,49.253430185633576,51.62191101133116,0.20938317757009345,0.9748878923766816,0.9812371738493111,0.6827697262479872,0.929093567251462,0.9920076726342711,0.8305084745762712,0.8908736602793115,0.9831819710729902,0.9183929692404269,0.028944911297852483,95.81726784888066,69.26648704015687,93.70278156761509,1.0,76.967763461911,ok,98.73937261800059,98.73937261800059,44.0,69.0,Other,concentration_guard_keyword_v1,False,14.0,research_candidate,True,44.0,0.0,unchanged
4507.T,4507,"Shionogi & Co.,Ltd.",JP,Prime Market (Domestic),JPX,4507,TSE,4507,"Shionogi & Co., Ltd.",2918.0,3096000.0,2513789.999999993,2584058867432.0,9.425874445285029,1.4011323713661687,2.41660993873383,16.7275723623464,0.38602572334929397,78.2733138496394,29.2718827569309,46.7859007183872,27.866812876450464,47.04395358027693,0.9339328951919751,3.7511111111111113,-17.547329754167844,11.672407194795255,1.521659429647471,0.4548655,4507,TSE:4507,TSE,7335239219.99998,ok,7,ok,2026-09-28T17:02:31.449089+00:00,,TradingView scanner close; exact exchange timestamp unavailable,TradingView scanner (unofficial/undocumented),TradingView scanner (unofficial/undocumented),True,0.6315361690598754,0.4394473042535898,0.09292874559739908,0.6190734218369006,0.9534001625575724,0.5694933622324574,0.4548655,0.5405039284746681,44.57464101869413,55.49986453535627,95.34001625575725,54.92075318341913,0.10609095270733378,0.8640179071068831,0.5374358974358975,0.7777777777777778,0.9569482288828338,0.9414204250907205,0.9927423535510628,0.9126315789473685,0.7134180011043623,0.52344152498712,0.39896373056994816,64.16317765099669,81.35705031744686,81.30247900258654,1.0,67.65172862573576,ok,98.71794871794873,98.71794871794873,26.0,70.0,Other,concentration_guard_keyword_v1,False,16.0,research_candidate,True,26.0,0.0,unchanged
AUPH,AUPH,Aurinia Pharmaceuticals Inc - Common Shares,US,NASDAQ,Nasdaq Trader,AUPH,NASDAQ,AUPH,Aurinia Pharmaceuticals Inc,16.55,171682.0,893865.9666666667,2201997067.05292,7.2349726775956285,3.577396044761763,0.0,66.1177795439022,0.104309245621796,90.3578410758042,45.1505102614109,100.836899331336,19.75925662534958,434.9625818521984,0.6690997566909941,-1.9549763033175256,10.333333333333337,29.296875,2.4388409165864635,0.021078104,AUPH,NASDAQ:AUPH,NASDAQ,14793481.748333335,ok,7,ok,2026-09-28T17:02:31.449089+00:00,,TradingView scanner close; exact exchange timestamp unavailable,TradingView scanner (unofficial/undocumented),TradingView scanner (unofficial/undocumented),True,0.7980325235896406,0.5900421602087934,0.6506725557117045,0.7721341096165428,0.5659806295399515,0.7582814695844208,0.021078104,0.9795016077170418,70.27203372816703,86.88915386507313,56.598062953995154,72.37521814626777,0.13821752265861026,0.9358744394618834,0.26868953386103783,0.9674718196457327,0.952485380116959,0.9251918158567775,0.994243684042213,0.7447223124391036,0.974100235452405,0.33396107972379163,0.7796451914098973,51.28416843489042,92.38075782143159,85.94112739457542,1.0,76.6786351819816,ok,98.68073878627969,98.68073878627969,46.0,72.0,Other,concentration_guard_keyword_v1,False,15.0,research_candidate,True,47.0,1.0,unchanged
9619.T,9619,"ICHINEN HOLDINGS CO.,LTD.",JP,Prime Market (Domestic),JPX,9619,TSE,9619,"ICHINEN HOLDINGS CO., LTD.",2781.0,45100.0,34786.666666666664,64763349533.0,5.197869490300395,0.8412404388834556,2.89645184648805,17.5592308652073,1.71057708277439,21.8643874232889,7.1148216936846,7.61310564942208,6.278147218336176,84.87759990490513,2.582073035780155,24.262734584450403,30.68609022556391,36.3235294117647,1.1468267858586543,0.35854283,9619,TSE:9619,TSE,96741720.0,ok,7,ok,2026-09-28T17:02:31.449089+00:00,,TradingView scanner close; exact exchange timestamp unavailable,TradingView scanner (unofficial/undocumented),TradingView scanner (unofficial/undocumented),True,0.7453264697913844,0.8867515578434029,0.8702248713085885,0.8154971552424817,0.5470062313736115,0.7626659441885668,0.35854283,0.635058249796803,82.94500135464644,69.88620969926849,54.70062313736115,75.44364670820916,0.19238651564185544,0.9899272523782876,0.6707692307692308,0.803338549817423,0.2877384196185286,0.42094349403836184,0.5692068429237948,0.4494736842105263,0.8514632799558255,0.8397733127253992,0.08497409326424865,83.34899319576392,43.324027993247135,65.04684820831758,1.0,67.60230659700352,ok,98.66666666666667,98.66666666666667,27.0,73.0,Other,concentration_guard_keyword_v1,False,17.0,research_candidate,True,27.0,0.0,unchanged
ABUS,ABUS,Arbutus Biopharma Corporation - Common Stock,US,NASDAQ,Nasdaq Trader,ABUS,NASDAQ,ABUS,Arbutus Biopharma Corporation,4.855,3079340.0,5714643.6,961803365.6979382,6.197344906816442,3.7085131573922014,0.0,89.5814860017788,0.0140105823377768,99.9757869249395,81.1297600704537,84.2251815980768,1078.7752983941552,,-5.728155339805824,3.297872340425537,6.938325991189436,12.645011600928095,1.6230621671002814,1.1705267,ABUS,NASDAQ:ABUS,NASDAQ,27744594.678,ok,6,ok,2026-09-28T17:02:31.449089+00:00,,TradingView scanner close; exact exchange timestamp unavailable,TradingView scanner (unofficial/undocumented),TradingView scanner (unofficial/undocumented),True,0.5388476209596467,0.7151174462959246,0.6032925115438666,0.6685404537241518,0.6513317191283293,0.9253162015659506,1.1705267,0.4163987138263665,63.14495081308974,67.08574576961585,65.13317191283294,64.42838271718276,0.16135942327497424,0.9524663677130045,0.26868953386103783,0.975523349436393,0.9970760233918129,0.9900895140664961,0.9926447073872722,0.9912309191295875,,0.3210922787193974,0.9060068471833178,51.408272676447986,97.22680882930584,99.12309191295876,1.0,76.51799324643603,ok,98.62210495455878,98.62210495455878,48.0,75.0,Other,concentration_guard_keyword_v1,False,16.0,research_candidate,True,48.0,0.0,unchanged
ATLO,ATLO,Ames National Corporation - Common Stock,US,NASDAQ,Nasdaq Trader,ATLO,NASDAQ,ATLO,Ames National Corporation,31.71,2682.0,33965.53333333333,280862433.8428661,12.245134383688601,1.3180274229508853,2.76555625392835,11.3089170249334,0.222203451075352,,40.50411366674476,31.64698262199743,7.025835240998808,69.03394255874673,0.6347191367819717,6.6958277254374226,11.812411847672783,54.68292682926829,2.167414504971643,-0.03858759,ATLO,NASDAQ:ATLO,NASDAQ,1077047.062,ok,7,ok,2026-09-28T17:02:31.449089+00:00,,TradingView scanner close; exact exchange timestamp unavailable,TradingView scanner (unofficial/undocumented),TradingView scanner (unofficial/undocumented),True,0.7966271832965268,0.7637020678578599,0.6651274844408753,0.87271632202369,0.266545601291364,0.8096767717325838,0.03858759,0.9652331189710611,77.45432644047379,88.74549453518225,26.6545601291364,72.6571535174503,0.0816650898770104,0.768609865470852,0.8132512459689241,0.5958132045088567,,0.8999360613810742,0.9066197633514551,0.45859045144527444,0.8197107299024554,0.7476459510357816,0.6822284469343293,77.65023541585192,77.11493690439288,63.915059067386494,1.0,76.4042780398869,ok,98.59278803869833,98.59278803869833,49.0,77.0,Other,concentration_guard_keyword_v1,False,17.0,research_candidate,True,49.0,0.0,unchanged
4477.T,4477,"BASE,Inc.",JP,Growth Market(Domestic),JPX,4477,TSE,4477,"BASE, Inc.",336.0,1938200.0,1114280.0,39744988922.0,17.803965621390194,2.542071856654384,1.48367952522255,15.3378732320587,0.0400762104986532,50.957326992867,9.11442038960497,9.16030534351145,34.67977528089888,578.2949358444453,8.038585209003216,27.272727272727273,17.073170731707318,1.8181818181818181,1.4576134047318434,0.09231916,4477,TSE:4477,TSE,374398080.0,ok,7,ok,2026-09-28T17:02:31.449089+00:00,,TradingView scanner close; exact exchange timestamp unavailable,TradingView scanner (unofficial/undocumented),TradingView scanner (unofficial/undocumented),True,0.9027363858033053,0.9092386887022487,0.7615822270387429,0.46003793010024385,0.7231102682199946,0.6025467353020861,0.09231916,0.9173665673259279,75.83988079111353,75.9956651314007,72.31102682199946,75.34949878081821,0.0561672619047619,0.36821488528259655,0.30256410256410254,0.7417840375586855,0.808174386920981,0.545360290305858,0.6708138932089165,0.9378947368421052,0.9850911098840419,0.2514167954662545,0.7813471502590674,30.739859443765123,70.94959516507015,96.14929233630735,1.0,67.42755400784742,ok,98.56410256410257,98.56410256410257,29.0,78.0,Other,concentration_guard_keyword_v1,False,18.0,research_candidate,True,29.0,0.0,unchanged
APUR,APUR,Aperture AC - Class A Ordinary Shares,US,NASDAQ,Nasdaq Trader,APUR,NASDAQ,APUR,Aperture AC,10.03,210641.0,163572.53333333333,109938830.0,,1.4336374512413184,0.0,,0.0,,,,,,0.5010020040080053,1.313131313131303,1.2108980827446945,1.2108980827446945,0.10102377112597473,-0.020733956,APUR,NASDAQ:APUR,NASDAQ,1640632.5093333332,ok,2,partial,2026-09-28T17:02:31.449089+00:00,,TradingView scanner close; exact exchange timestamp unavailable,TradingView scanner (unofficial/undocumented),TradingView scanner (unofficial/undocumented),True,0.7906042963260389,0.6745633406946396,0.5187713310580204,0.5695643445091347,0.3099273607748184,0.9911664324432845,0.020733956,0.979903536977492,63.83758281469585,98.55349847103882,30.99273607748184,67.5898347181995,,,0.26868953386103783,,,,,,,0.7027620841180163,0.9844382197323374,48.57258089895271,98.44382197323374,,0.8,76.39095363863352,fundamental_partial,98.56347112283788,98.56347112283788,50.0,79.0,Other,concentration_guard_keyword_v1,False,18.0,research_candidate,True,50.0,0.0,unchanged
INVA,INVA,"Innoviva, Inc. - Common Stock",US,NASDAQ,Nasdaq Trader,INVA,NASDAQ,INVA,"Innoviva, Inc.",20.85,121255.0,849389.1,1506318312.085343,5.079295476138275,1.2280287399953942,0.0,36.6756447235564,0.218653457254014,69.9800351698333,35.8254113063522,78.721369419874,18.167638381476397,1137.1609403254974,-0.5248091603053407,-10.090556274256144,-11.427357689039923,11.43773383217531,2.045783264709686,-0.1919071,INVA,NASDAQ:INVA,NASDAQ,17709762.735,ok,7,ok,2026-09-28T17:02:31.449089+00:00,,TradingView scanner close; exact exchange timestamp unavailable,TradingView scanner (unofficial/undocumented),TradingView scanner (unofficial/undocumented),True,0.7410158602690223,0.4288295522987352,0.35976711503714115,0.6611122264605501,0.5907990314769975,0.8375828146958442,0.1919071,0.8733922829581994,54.76811885163622,85.54875488270217,59.07990314769975,63.11004550381224,0.1968776978417266,0.9726457399103139,0.26868953386103783,0.9214170692431563,0.8157894736842105,0.8519820971867008,0.9920051167252958,0.727508931471257,0.9892364614867137,0.778405524168236,0.6847183317771552,67.32469326465292,85.31824177233037,85.83726964789852,1.0,76.37571874897628,ok,98.53415420697743,98.53415420697743,51.0,80.0,Other,concentration_guard_keyword_v1,False,19.0,research_candidate,True,51.0,0.0,unchanged
5076.T,5076,INFRONEER Holdings Inc.,JP,Prime Market (Domestic),JPX,5076,TSE,5076,INFRONEER Holdings Inc.,2877.0,1541300.0,1497126.6666666667,718001177719.0,5.857711961826531,1.3025889088126688,4.1422160856058,24.5277882605359,0.927057355662177,14.5981074618259,6.13838611548043,11.6472685128136,44.23373147436091,279.7975845627298,1.3206550449022716,6.378258458125346,28.58100558659218,86.81818181818181,1.8840802491406878,0.97314906,5076,TSE:5076,TSE,4307233420.0,ok,7,ok,2026-09-28T17:02:31.449089+00:00,,TradingView scanner close; exact exchange timestamp unavailable,TradingView scanner (unofficial/undocumented),TradingView scanner (unofficial/undocumented),True,0.6648604714169601,0.5388783527499322,0.8602004876727174,0.9431048496342455,0.9290165266865348,0.4280682741804389,0.97314906,0.2224329450013547,75.17610403684638,32.52506095908968,92.90165266865348,67.17217556217827,0.17071511991657976,0.9809736989367656,0.8969230769230769,0.9092331768388107,0.1220708446866485,0.35769828926905134,0.7599792638672888,0.96,0.9602429596907786,0.5615662029881505,0.18911917098445596,81.31543262826644,46.76201491292512,96.01214798453893,1.0,67.37696623159609,ok,98.51282051282051,98.51282051282051,30.0,81.0,Other,concentration_guard_keyword_v1,False,19.0,research_candidate,True,30.0,0.0,unchanged
HCI,HCI,"HCI Group, Inc. Common Stock",US,NYSE,Nasdaq Trader,HCI,NYSE,HCI,"HCI Group, Inc.",176.46,51705.0,152616.56666666668,2194962601.969704,7.604395604395605,2.037626459629223,0.914599291185549,33.7631072523805,0.0624728565092059,,51.0373605229549,32.5969827586207,22.82749056664624,105.64880625321256,-6.003302615458361,-0.7536557930258736,13.464506172839505,-2.658870255957631,2.041200875004899,0.7420108,HCI,NYSE:HCI,NYSE,26930719.354000002,ok,7,ok,2026-09-28T17:02:31.449089+00:00,,TradingView scanner close; exact exchange timestamp unavailable,TradingView scanner (unofficial/undocumented),TradingView scanner (unofficial/undocumented),True,0.5270026099176872,0.617345914475005,0.6837984340493877,0.5225858261393295,0.6470944309927361,0.8387873920899418,0.7420108,0.5813906752411575,58.76831961453524,71.00890336655496,64.70944309927361,62.71963407525092,0.1315028901734104,0.9237668161434978,0.6294341835238932,0.9091787439613527,,0.9507672634271099,0.9133354653022066,0.781747320558623,0.9048099562731248,0.548964218455744,0.8176159352629941,70.07217393743784,89.77243519884158,84.32786384158739,1.0,76.29330849955088,ok,98.50483729111697,98.50483729111697,52.0,82.0,Other,concentration_guard_keyword_v1,False,20.0,research_candidate,True,52.0,0.0,unchanged
8935.T,8935,"FJ NEXT HOLDINGS CO.,LTD.",JP,Prime Market (Domestic),JPX,8935,TSE,8935,FJ NEXT HOLDINGS CO. LTD.,2018.0,72500.0,55966.666666666664,66187823009.0,5.57026175813802,0.7891150517740614,3.25925925925926,15.0425985090522,0.18625308929402903,19.6756134360359,11.292649355462,7.85158421345192,25.89537877083802,54.08534725887654,-1.5129331381161542,12.360801781737194,24.64484249536751,25.497512437810947,1.5901196553935275,1.1485339,8935,TSE:8935,TSE,112940733.33333333,ok,7,ok,2026-09-28T17:02:31.449089+00:00,,TradingView scanner close; exact exchange timestamp unavailable,TradingView scanner (unofficial/undocumented),TradingView scanner (unofficial/undocumented),True,0.37930100243836357,0.7179626117583311,0.8336494175020319,0.7539962069899756,0.5635329179084259,0.5391492820373882,1.1485339,0.15524248171227306,67.12273096721756,34.71958818748306,56.35329179084258,57.40652939582768,0.17952477700693756,0.9860100727476218,0.7456410256410256,0.7339593114241002,0.23869209809264305,0.6521513737687922,0.5857957490927942,0.9,0.7537272225289895,0.8696548171045853,0.5647668393782384,86.71019718310777,55.507307435131345,82.68636112644947,1.0,67.36799625305477,ok,98.46153846153847,98.46153846153847,31.0,84.0,Other,concentration_guard_keyword_v1,False,20.0,research_candidate,True,31.0,0.0,unchanged
SD,SD,"SandRidge Energy, Inc. Common Stock",US,NYSE,Nasdaq Trader,SD,NYSE,SD,"SandRidge Energy, Inc.",13.79,188749.0,349167.93333333335,511268359.1614997,6.141171231351592,0.9421084920935303,3.60490266762797,16.2211785133275,0.0,48.6458195659644,41.7287409796199,43.857682852687,29.580407604041785,9.901135473766626,-1.2884753042233463,0.07256894049346725,-13.051702395964693,19.290657439446353,2.367341484733814,-0.6919826,SD,NYSE:SD,NYSE,4815025.800666667,ok,7,ok,2026-09-28T17:02:31.449089+00:00,,TradingView scanner close; exact exchange timestamp unavailable,TradingView scanner (unofficial/undocumented),TradingView scanner (unofficial/undocumented),True,0.7133105802047781,0.6376229672756475,0.33908853643846615,0.7119052399116643,0.42897497982243743,0.7727363983135916,0.6919826,0.6081189710610932,60.048183095763896,69.04276846873425,42.89749798224374,59.72422667197846,0.16283538796229152,0.9538116591928251,0.8733509234828496,0.730756843800322,0.6388888888888888,0.9063299232736572,0.9632235369363608,0.8389087366027931,0.47460477632021525,0.8757062146892656,0.9844382197323374,90.09562657883134,84.47274825263132,65.67567564615042,1.0,76.14087157177048,ok,98.44620345939607,98.44620345939607,54.0,85.0,Other,concentration_guard_keyword_v1,False,21.0,research_candidate,True,56.0,2.0,unchanged
IMPP,IMPP,Imperial Petroleum Inc. - Common Shares,US,NASDAQ,Nasdaq Trader,IMPP,NASDAQ,IMPP,Imperial Petroleum Inc.,5.07,368887.0,504281.73333333415,231300770.99999997,2.653061224489796,0.38579101997210435,0.0,16.9887229966927,0.00044897179222086903,37.3499408880823,34.1803149857396,36.3277562517343,89.03483441496728,77.81706522750535,-0.3929273084479288,6.962025316455698,20.142180094786745,-0.5882352941176345,4.110130616297279,-0.39303213,IMPP,NASDAQ:IMPP,NASDAQ,2556708.3880000045,ok,7,ok,2026-09-28T17:02:31.449089+00:00,,TradingView scanner close; exact exchange timestamp unavailable,TradingView scanner (unofficial/undocumented),TradingView scanner (unofficial/undocumented),True,0.7470387472395101,0.7671150371411363,0.7544669745031118,0.5440674563340695,0.3565375302663438,0.4533226259787191,0.39303213,0.7542202572347267,70.3172053804457,60.377144160672295,35.653753026634384,62.63267222243064,0.37692307692307686,0.9919282511210762,0.26868953386103783,0.7471819645732689,0.5,0.8382352941176471,0.9392388871122481,0.9464111724585904,0.8425832492431887,0.9836785938480854,0.9638966697790228,74.80987929433999,79.77105631164375,89.44972108508895,1.0,76.13933054968142,ok,98.41688654353563,98.41688654353563,55.0,86.0,Other,concentration_guard_keyword_v1,False,22.0,research_candidate,True,54.0,-1.0,unchanged
4293.T,4293,"SEPTENI HOLDINGS CO.,LTD.",JP,Standard Market(Domestic),JPX,4293,TSE,4293,"Septeni Holdings Co., Ltd.",507.0,395200.0,382976.6666666667,104835227966.0,18.35958718087996,1.5877675133810125,5.4,8.79020025311131,0.00126150942219459,76.6208478599182,16.6410883722017,18.0210817884926,7.630496074998412,69.81932674923439,-2.1235521235521237,11.18421052631579,20.42755344418052,19.57547169811321,1.7218551337174082,0.16156949,4293,TSE:4293,TSE,194169170.0,ok,7,ok,2026-09-28T17:02:31.449089+00:00,,TradingView scanner close; exact exchange timestamp unavailable,TradingView scanner (unofficial/undocumented),TradingView scanner (unofficial/undocumented),True,0.31536169059875374,0.6927661880249255,0.7946356001083718,0.70793822812246,0.6309943104849635,0.48604714169601737,0.16156949,0.8458412354375509,62.767542671362776,66.5944188566784,63.09943104849635,63.77404497426171,0.054467455621301765,0.34359261331841073,0.978974358974359,0.4173187271778821,0.9514986376021798,0.8030067392431312,0.8771384136858476,0.5184210526315789,0.8133627829928216,0.4502833590932509,0.9233160621761658,59.09501104620068,79.44557159770412,66.58919178122002,1.0,67.35727824642638,ok,98.41025641025641,98.41025641025641,32.0,87.0,Other,concentration_guard_keyword_v1,False,21.0,research_candidate,True,32.0,0.0,unchanged
MSIF,MSIF,"MSC Income Fund, Inc. Common Stock",US,NYSE,Nasdaq Trader,MSIF,NYSE,MSIF,"MSC Income Fund, Inc.",12.11,58229.0,196062.33333333334,549130748.579378,5.676917307331708,0.7333478266925286,11.4566284779051,13.4628714015064,0.882986111111111,75.7710743273471,90.9088004090241,63.3086214609829,14.327675524802535,53.071182548794496,-4.720692368214015,3.5042735042735056,-2.808988764044955,-11.217008797653968,2.099320295703584,0.8698183,MSIF,NYSE:MSIF,NYSE,2374314.8566666665,ok,7,ok,2026-09-28T17:02:31.449089+00:00,,TradingView scanner close; exact exchange timestamp unavailable,TradingView scanner (unofficial/undocumented),TradingView scanner (unofficial/undocumented),True,0.5816101184501105,0.7189319413772335,0.4557317807669143,0.4497088937964264,0.3486682808716707,0.8243324633607709,0.8698183,0.5279340836012862,55.14956835976712,67.61332734810286,34.866828087167065,55.22309706596105,0.17615194054500413,0.9618834080717489,0.980650835532102,0.6660225442834139,0.8633040935672515,0.9952046035805626,0.984649824112568,0.6654758038324131,0.7675748402287252,0.9296924042686755,0.3613445378151261,95.74088826241754,77.41051206717844,71.65253220305692,1.0,76.03279087919087,ok,98.38756962767516,98.38756962767516,56.0,88.0,Other,concentration_guard_keyword_v1,False,23.0,research_candidate,True,55.0,-1.0,unchanged
7744.T,7744,"Noritsu Koki Co.,Ltd.",JP,Prime Market (Domestic),JPX,7744,TSE,7744,"Noritsu Koki Co., Ltd.",2024.0,210900.0,329280.0000000001,217644028999.0,10.611598204207205,0.9224424809373091,3.63279332351497,9.23856514201894,0.356840693355345,49.7152295640374,19.8482595077687,14.244690110824,33.1438322413447,76.2041970910811,1.3520280420630946,-1.508515815085158,-2.8324531925108016,15.196357427433124,1.980758654254337,0.6818952,7744,TSE:7744,TSE,666462720.0000002,ok,7,ok,2026-09-28T17:02:31.449089+00:00,,TradingView scanner close; exact exchange timestamp unavailable,TradingView scanner (unofficial/undocumented),TradingView scanner (unofficial/undocumented),True,0.6683825521538879,0.22758060146301815,0.3243023570848009,0.6635058249796804,0.7932809536710919,0.3933893253860742,0.6818952,0.36494175020319697,47.09428339203468,37.916553779463555,79.32809536710919,49.63492278515308,0.09423651185770751,0.795747062115277,0.823076923076923,0.4439227960354721,0.7994550408719346,0.8584758942457231,0.8242612752721618,0.9342105263157895,0.8326891220320265,0.7923750643997939,0.4212435233160622,80.37330165306646,66.94717059482707,88.3449824173908,1.0,67.25074012117628,ok,98.35897435897436,98.35897435897436,33.0,89.0,Other,concentration_guard_keyword_v1,False,22.0,research_candidate,True,33.0,0.0,unchanged
6675.T,6675,"SAXA,Inc.",JP,Standard Market(Domestic),JPX,6675,TSE,6675,"SAXA,Inc.",2175.0,59700.0,35089.99999999998,40326071167.0,2.358671903966592,0.8041066685094695,4.62121059090911,41.4916007075807,0.0307241825627533,29.1045448403225,3.60344128642854,36.1853069681546,-2.9761384494362377,322.4032479269867,0.13812154696132597,13.28125,-0.22935779816513763,25.480770485576937,1.3359541313282208,0.92733794,6675,TSE:6675,TSE,76320749.99999996,ok,7,ok,2026-09-28T17:02:31.449089+00:00,,TradingView scanner close; exact exchange timestamp unavailable,TradingView scanner (unofficial/undocumented),TradingView scanner (unofficial/undocumented),True,0.5526957464101869,0.739636954754809,0.4009753454348415,0.7534543484150636,0.520726090490382,0.6656732592793281,0.92733794,0.24573286372256842,61.169059875372525,45.57030615009482,52.0726090490382,55.904903820102945,0.4239674022988506,0.9977616116396195,0.9425641025641026,0.9796557120500783,0.4713896457765668,0.1871435977190254,0.9854847071021254,0.10578947368421053,0.9657647708448371,0.859866048428645,0.7994818652849741,93.3397254210789,68.46311055865539,53.57771222645238,1.0,67.17715634404415,ok,98.3076923076923,98.3076923076923,34.0,92.0,Other,concentration_guard_keyword_v1,False,23.0,research_candidate,True,34.0,0.0,unchanged
DAC,DAC,Danaos Corporation Common Stock,US,NYSE,Nasdaq Trader,DAC,NYSE,DAC,Danaos Corporation,153.02,31530.0,120655.2,2785509596.6121716,5.1793408542426125,0.6866258107407626,2.33553912028027,14.1397151814653,0.298441459777871,55.1041975692448,48.4236486351999,51.2575078454962,2.4516030052364384,21.813076713752082,1.1702479338843044,25.19021516812567,35.81254992455845,64.37855838435922,1.914543659925705,0.428709,DAC,NYSE:DAC,NYSE,18462658.704,ok,7,ok,2026-09-28T17:02:31.449089+00:00,,TradingView scanner close; exact exchange timestamp unavailable,TradingView scanner (unofficial/undocumented),TradingView scanner (unofficial/undocumented),True,0.8116844007227464,0.9036338084721943,0.8470186709496085,0.8945994780164626,0.5962469733656174,0.8648865689620558,0.428709,0.7369372990353698,86.42340895402529,80.09119339987127,59.62469733656174,80.82054832286724,0.193074761469089,0.9713004484304932,0.772793902081501,0.6818035426731079,0.7013888888888888,0.9427749360613811,0.9740965781899584,0.299447872685937,0.5808947191389169,0.9416195856873824,0.637410519763461,89.52379787331255,78.74948931153595,44.01712959124269,1.0,75.84893806754515,ok,98.2996188800938,98.2996188800938,59.0,93.0,Other,concentration_guard_keyword_v1,False,24.0,research_candidate,True,59.0,0.0,unchanged
4540.T,4540,TSUMURA & CO.,JP,Prime Market (Domestic),JPX,4540,TSE,4540,Tsumura & Co.,3857.0,557500.0,532233.3333333334,296696350098.0,9.511190876555988,0.879648378931193,3.79061371841155,9.80950587134989,0.453015483551213,46.9800476847785,17.7603212448237,15.1622537332162,10.375795719596448,19.95827279052266,1.0214772132006287,3.5436241610738257,0.7049608355091384,5.382513661202186,1.0234324738684741,0.37138617,4540,TSE:4540,TSE,2052823966.6666667,ok,7,ok,2026-09-28T17:02:31.449089+00:00,,TradingView scanner close; exact exchange timestamp unavailable,TradingView scanner (unofficial/undocumented),TradingView scanner (unofficial/undocumented),True,0.6380384719588188,0.43050663776754267,0.43484150636683827,0.5226225955025738,0.8805201842319155,0.81224600379301,0.37138617,0.6223245732863723,50.65023028989434,71.72852885396912,88.05201842319154,61.53007315090762,0.10513930515945034,0.8589815332960269,0.8456410256410256,0.48200312989045385,0.7727520435967302,0.8232244686365993,0.8413685847589425,0.6236842105263158,0.4986195472114854,0.8119526017516744,0.35699481865284977,83.88583868962422,65.52686091071152,56.11518788689006,1.0,66.93302634904147,ok,98.25641025641025,98.25641025641025,35.0,95.0,Other,concentration_guard_keyword_v1,False,24.0,research_candidate,True,35.0,0.0,unchanged
OHI,OHI,"Omega Healthcare Investors, Inc. Common Stock",US,NYSE,Nasdaq Trader,OHI,NYSE,OHI,"Omega Healthcare Investors, Inc.",46.73,350737.0,1873445.2666666666,14159797139.625969,16.691074043647532,2.5929635414788157,5.81244598098531,16.2399422670956,0.747723648106783,72.237396316451,63.3016574654091,65.263852416424,15.180985324405299,74.66467028510824,0.6895065718595137,-1.9307450157397728,6.6651449440766815,12.277751081210956,1.7492187732702484,0.0040260507,OHI,NYSE:OHI,NYSE,87546097.31133333,ok,7,ok,2026-09-28T17:02:31.449089+00:00,,TradingView scanner close; exact exchange timestamp unavailable,TradingView scanner (unofficial/undocumented),TradingView scanner (unofficial/undocumented),True,0.7984340493876732,0.5906444489058422,0.5998795422605903,0.6665328247339891,0.8052865213882163,0.9026299939771131,0.0040260507,0.994975884244373,66.38727163220237,94.8802939110743,80.52865213882163,75.63173427791324,0.05991226193023754,0.6071748878923767,0.9437115215479331,0.7320450885668277,0.83296783625731,0.9750639386189258,0.9872081867604733,0.6791165962974992,0.8355196770938446,0.4444444444444444,0.41114223467164646,66.51102846282515,78.76854569750365,75.73181366956719,1.0,75.65639110548715,ok,98.21166813251246,98.21166813251246,62.0,97.0,Other,concentration_guard_keyword_v1,False,25.0,research_candidate,True,64.0,2.0,unchanged
5290.T,5290,Vertex Corporation,JP,Standard Market(Domestic),JPX,5290,TSE,5290,Vertex Corp.,1261.0,144600.0,80700.0,66374181232.0,6.073122124176805,1.4307652470048842,2.81124497991968,26.4918186475932,0.0918044309040984,31.5505660851584,13.8829004911715,22.377659153445,18.35901654673142,101.59539401824334,6.1447811447811445,-6.7997043606799705,-36.79197994987469,-15.595716198125837,1.7374195491158269,0.33760604,5290,TSE:5290,TSE,101762700.0,ok,7,ok,2026-09-28T17:02:31.449089+00:00,,TradingView scanner close; exact exchange timestamp unavailable,TradingView scanner (unofficial/undocumented),TradingView scanner (unofficial/undocumented),True,0.8732050934706042,0.1303169872663235,0.019235979409374153,0.19940395556759685,0.5535085342725549,0.479544838797074,0.33760604,0.6599837442427526,30.554050392847465,56.976429151991326,55.35085342725549,40.87916553779463,0.1646599524187153,0.9776161163961947,0.6461538461538462,0.9243609806990088,0.5367847411444142,0.7413167444271643,0.9248315189217211,0.8094736842105263,0.879624516841524,0.5090159711488923,0.6896373056994818,71.0928644566311,76.3386258178358,84.45491005260251,1.0,66.87842651086305,ok,98.2051282051282,98.2051282051282,36.0,98.0,Other,concentration_guard_keyword_v1,False,25.0,research_candidate,True,36.0,0.0,unchanged
2914.T,2914,JAPAN TOBACCO INC.,JP,Prime Market (Domestic),JPX,2914,TSE,2914,Japan Tobacco Inc.,6850.0,4988800.0,3403080.0,12322807958984.0,19.55055416545249,2.7678376377552287,3.8311968889529,14.4556042688872,0.381608563395463,56.8619020962024,25.215919974231,16.4283897459724,12.213093733122939,220.76485823124816,-1.4104778353483016,14.204734911637212,12.905884292071864,41.52892561983471,1.337875121263822,0.28092265,2914,TSE:2914,TSE,23311098000.0,ok,7,ok,2026-09-28T17:02:31.449089+00:00,,TradingView scanner close; exact exchange timestamp unavailable,TradingView scanner (unofficial/undocumented),TradingView scanner (unofficial/undocumented),True,0.38553237604985097,0.7529124898401517,0.7073963695475481,0.8425900839880791,0.9845570306150094,0.6648604714169601,0.28092265,0.7271742075318341,67.21078298564075,69.60173394743971,98.45570306150094,72.49525873746953,0.05114944525547445,0.29434806939003916,0.8523076923076923,0.7136150234741784,0.8474114441416893,0.9144634525660964,0.8610679108346293,0.6805263157894736,0.9447818884594147,0.22205048943843375,0.4010362694300518,45.62354170453884,74.7518820089329,81.26541021244442,1.0,66.86881551081888,ok,98.15384615384616,98.15384615384616,37.0,100.0,Other,concentration_guard_keyword_v1,False,26.0,research_candidate,True,37.0,0.0,unchanged
CRMD,CRMD,CorMedix Inc. - Common Stock,US,NASDAQ,Nasdaq Trader,CRMD,NASDAQ,CRMD,CorMedix Inc.,7.835,168312.0,985789.4,610693745.2038218,3.7227976812695998,1.3204796534899594,0.0,54.93238184266,0.314973103054686,82.7775206756904,46.9533303129219,40.491654475329,280.49981405858057,181.8534886835409,-5.374396135265694,2.418300653594766,13.715529753265606,-29.095022624434392,2.8231887630120838,0.7922866,CRMD,NASDAQ:CRMD,NASDAQ,7723659.949,ok,7,ok,2026-09-28T17:02:31.449089+00:00,,TradingView scanner close; exact exchange timestamp unavailable,TradingView scanner (unofficial/undocumented),TradingView scanner (unofficial/undocumented),True,0.5553101786789801,0.6966472595864285,0.6864083517365991,0.31620156595061233,0.4850686037126715,0.683196145352339,0.7922866,0.560088424437299,56.3641838988155,62.1642284894819,48.50686037126715,56.635596517349846,0.2686151882578175,0.9852017937219731,0.26868953386103783,0.9597423510466989,0.9144736842105263,0.9382992327365729,0.9549088583306684,0.9772653458915233,0.9428187016481668,0.7460765850596359,0.6258948023653905,66.66559708808822,87.86637857379715,96.00420237698451,1.0,75.61309624911286,ok,98.15303430079155,98.15303430079155,64.0,101.0,Other,concentration_guard_keyword_v1,False,26.0,research_candidate,True,63.0,-1.0,unchanged
AFL,AFL,AFLAC Incorporated Common Stock,US,NYSE,Nasdaq Trader,AFL,NYSE,AFL,AFLAC Incorporated,113.66,420933.0,2166215.1666666665,56982682676.311646,12.180510754128576,1.8832981478360877,2.11924023918396,16.9077757685353,0.287971760358934,,33.3610050362499,26.9079639160994,13.570081709616593,110.97696081756314,-3.0535653360627757,-4.871108135252768,3.5815182721224756,3.046237533998186,1.3927854103716266,-0.036897313,AFL,NYSE:AFL,NYSE,246212015.8433333,ok,7,ok,2026-09-28T17:02:31.449089+00:00,,TradingView scanner close; exact exchange timestamp unavailable,TradingView scanner (unofficial/undocumented),TradingView scanner (unofficial/undocumented),True,0.6432443284481028,0.5286087131098173,0.5609315398514354,0.5896406344107609,0.9087974172719936,0.9558321622164224,0.036897313,0.9668408360128617,58.06063039550291,96.1336499114642,90.87974172719936,72.5017519742477,0.0820983635403836,0.7713004484304933,0.7552037525652301,0.7442834138486313,,0.8324808184143222,0.8522545570834665,0.6502111075024358,0.9095190043726875,0.5860012554927809,0.6430127606598195,70.41684854961682,76.80078875015599,77.98650559375618,1.0,75.5308524897395,ok,98.12371738493111,98.12371738493111,65.0,102.0,Other,concentration_guard_keyword_v1,False,27.0,research_candidate,True,65.0,0.0,unchanged
9746.T,9746,TKC Corporation,JP,Prime Market (Domestic),JPX,9746,TSE,9746,TKC Corporation,4155.0,74200.0,71673.33333333333,200649896851.0,14.630750492357325,1.8618884404483653,2.79126213592233,13.1964581014288,0.008387253534435441,69.6080901929419,21.5106660385007,15.7815735556749,14.361788770690023,32.927408075879654,0.36231884057971014,21.137026239067055,10.947930574098798,-3.5962877030162415,1.3289839891647375,0.3345982,9746,TSE:9746,TSE,297802700.0,ok,7,ok,2026-09-28T17:02:31.449089+00:00,,TradingView scanner close; exact exchange timestamp unavailable,TradingView scanner (unofficial/undocumented),TradingView scanner (unofficial/undocumented),True,0.5751828772690328,0.8574911947981577,0.6716337036033595,0.36087781089135734,0.687889460850718,0.6691953400162558,0.3345982,0.6640476835545923,61.62963966404769,66.6621511785424,68.7889460850718,63.96166350582499,0.06834919374247894,0.5372132064913262,0.6415384615384615,0.6640584246218049,0.9242506811989101,0.8807672369103162,0.8543286677034733,0.7342105263157894,0.6289342904472667,0.37557959814528596,0.8813471502590674,51.81104220583579,84.09504321387145,68.1572408381528,1.0,66.85173814894588,ok,98.1025641025641,98.1025641025641,38.0,103.0,Other,concentration_guard_keyword_v1,False,27.0,research_candidate,True,38.0,0.0,unchanged
2674.T,2674,"HARD OFF CORPORATION Co.,Ltd.",JP,Prime Market (Domestic),JPX,2674,TSE,2674,"Hard Off Corporation Co., Ltd.",2585.0,46200.0,61423.333333333336,36185214995.0,10.476615060387452,1.8092164143731289,3.26045262754124,18.2975270369949,0.33221137003741297,67.9261474654968,8.73672788463164,8.19572258490796,23.514475904424362,56.51900316032129,-2.6731927710843375,-4.998162440279309,30.555555555555557,38.23529411764706,1.7071795497217386,0.19075833,2674,TSE:2674,TSE,158779316.6666667,ok,7,ok,2026-09-28T17:02:31.449089+00:00,,TradingView scanner close; exact exchange timestamp unavailable,TradingView scanner (unofficial/undocumented),TradingView scanner (unofficial/undocumented),True,0.2730967217556218,0.15686805743700893,0.8696830127336765,0.8267407206719046,0.603901381739366,0.4882145759956651,0.19075833,0.8119750745055541,53.1597128149553,65.00948252506096,60.390138173936606,57.206719046328914,0.09545067698259188,0.8052602126468943,0.7461538461538462,0.8215962441314554,0.9149863760217983,0.5204769310523587,0.6117159149818558,0.8757894736842106,0.7642186637217007,0.390520350334879,0.4362694300518135,64.73114697118731,66.10089792478564,82.00040687029556,1.0,66.83347189905479,ok,98.05128205128206,98.05128205128206,39.0,106.0,Other,concentration_guard_keyword_v1,False,28.0,research_candidate,True,39.0,0.0,unchanged
ASB,ASB,Associated Banc-Corp Common Stock,US,NYSE,Nasdaq Trader,ASB,NYSE,ASB,Associated Banc-Corp,29.05,566042.0,1955419.1333333333,5486082638.627852,10.15272778107853,1.0070259559640202,3.23459312223357,9.65811666389126,1.01716014354423,,38.85975547043735,31.361555315229957,20.10946956212174,276.83392598445937,-6.078241189783379,-6.04786545924968,11.132364192807957,12.248840803709435,1.7765221965179336,0.6229317,ASB,NYSE:ASB,NYSE,56804925.82333333,ok,7,ok,2026-09-28T17:02:31.449089+00:00,,TradingView scanner close; exact exchange timestamp unavailable,TradingView scanner (unofficial/undocumented),TradingView scanner (unofficial/undocumented),True,0.5227865890383457,0.5067255571170448,0.6579000200762899,0.6661312989359567,0.75,0.8962055812085926,0.6229317,0.6438906752411575,58.83858662919093,77.0048128224875,75.0,65.80435518313642,0.09849569707401033,0.8605381165919282,0.8531222515391381,0.5375201288244766,,0.885230179028133,0.9024624240486089,0.7499188048067554,0.9596367305751766,0.8587570621468926,0.3165266106442577,85.74724767593196,66.0434835636369,85.47777676909661,1.0,75.4197480814633,ok,98.03576663734975,98.03576663734975,68.0,107.0,Other,concentration_guard_keyword_v1,False,28.0,research_candidate,True,67.0,-1.0,unchanged
FCAP,FCAP,"First Capital, Inc. - Common Stock",US,NASDAQ,Nasdaq Trader,FCAP,NASDAQ,FCAP,"First Capital, Inc.",60.32,7688.0,20105.366666666665,201747782.75136843,10.929516216705926,1.415936848089835,2.0567258251783,13.8865680629257,0.0,,42.066134043497556,34.11932238496819,10.84163628999595,40.31831587511442,-2.4106131693900696,-5.897035881435249,18.100832109642678,33.362812292726076,2.6933942677719025,0.28849927,FCAP,NASDAQ:FCAP,NASDAQ,1212755.7173333333,ok,7,ok,2026-09-28T17:02:31.449089+00:00,,TradingView scanner close; exact exchange timestamp unavailable,TradingView scanner (unofficial/undocumented),TradingView scanner (unofficial/undocumented),True,0.6671351134310379,0.50913471190524,0.7337883959044369,0.7924111624171853,0.2784503631961259,0.7098976109215017,0.28849927,0.814911575562701,67.5617345914475,76.24045932421014,27.845036319612593,63.773911033862916,0.09149535809018568,0.826457399103139,0.7499267077103489,0.6753623188405797,,0.9082480818414322,0.9258074832107451,0.5862292952257226,0.7077026572485705,0.7093534212178281,0.9844382197323374,76.19125093437718,87.34640259062736,64.69659762371465,1.0,75.3940619933427,ok,98.0064497214893,98.0064497214893,69.0,108.0,Other,concentration_guard_keyword_v1,False,29.0,research_candidate,True,71.0,2.0,unchanged
8789.T,8789,FinTech Global Incorporated,JP,Standard Market(Domestic),JPX,8789,TSE,8789,Fintech Global Incorporated,161.0,1096800.0,1735506.6666666667,32815437271.000004,6.286361329116395,2.0754595853876303,1.84049079754601,39.0055263646325,0.610025279130004,62.4510692682225,27.1422373107888,29.1473134887039,16.694470905085556,178.98692810457518,-7.471264367816092,30.89430894308943,30.89430894308943,34.166666666666664,2.205540592592901,0.660302,8789,TSE:8789,TSE,279416573.3333334,ok,7,ok,2026-09-28T17:02:31.449089+00:00,,TradingView scanner close; exact exchange timestamp unavailable,TradingView scanner (unofficial/undocumented),TradingView scanner (unofficial/undocumented),True,0.08100785694933622,0.927120021674343,0.8715795177458683,0.8070983473313466,0.6778650772148469,0.3218639934976971,0.660302,0.38038471958818754,67.17014359252235,35.11243565429423,67.7865077214847,59.24817122730967,0.1590745341614907,0.9753777280358142,0.3830769230769231,0.9744392279603548,0.885558583106267,0.9305339554173147,0.9647485743908761,0.781578947368421,0.9353948094975152,0.32715095311694997,0.2917098445595855,56.18685347432291,80.93980370868798,85.84868784329682,1.0,66.79378875143458,ok,98.0,98.0,40.0,109.0,Other,concentration_guard_keyword_v1,False,29.0,research_candidate,True,40.0,0.0,unchanged
DCOM,DCOM,"Dime Commercial Bancshares, Inc. Common Stock",US,NYSE,Nasdaq Trader,DCOM,NYSE,DCOM,"Dime Commercial Bancshares, Inc.",39.905,53482.0,262383.00000000035,1762068809.6513503,14.487728724949173,1.3119209079853755,2.4770869457518,8.57757951821843,0.431325865398275,,37.10640724988254,25.97081253423772,14.800894552823221,226.31204833550527,-1.760216642048243,-0.9555721022586201,17.43672748675693,31.83019491245458,1.7369685040472447,0.30347177,DCOM,NYSE:DCOM,NYSE,10470393.615000015,ok,7,ok,2026-09-28T17:02:31.449089+00:00,,TradingView scanner close; exact exchange timestamp unavailable,TradingView scanner (unofficial/undocumented),TradingView scanner (unofficial/undocumented),True,0.6930335274041357,0.6117245533025497,0.7253563541457538,0.7831760690624373,0.5238095238095238,0.9046376229672757,0.30347177,0.8038585209003215,70.3322625978719,85.42480719337986,52.38095238095239,71.41270221421097,0.06902393183811552,0.6811659192825112,0.7871591908531222,0.5024154589371981,,0.8663682864450127,0.8442596738087624,0.6732705423838908,0.9502186343760511,0.7498430634023854,0.5558667911609088,73.93893911793397,69.22275525879705,81.1744588379971,1.0,75.38887583046994,ok,97.97713280562886,97.97713280562886,70.0,110.0,Other,concentration_guard_keyword_v1,False,30.0,research_candidate,True,69.0,-1.0,unchanged
CAC,CAC,Camden National Corporation - Common Stock,US,NASDAQ,Nasdaq Trader,CAC,NASDAQ,CAC,Camden National Corporation,57.61,22756.0,91966.56666666667,973438984.7397094,11.045709026765856,1.3409000346339048,2.90556900726392,12.8667981545258,0.825198436204241,,42.443735969363686,33.449791544831996,12.799672605703522,65.31220285261492,1.1766772040744673,6.764269829503333,20.775681341719068,47.37784599641851,2.7255452003541154,0.31784472,CAC,NASDAQ:CAC,NASDAQ,5298193.905666666,ok,7,ok,2026-09-28T17:02:31.449089+00:00,,TradingView scanner close; exact exchange timestamp unavailable,TradingView scanner (unofficial/undocumented),TradingView scanner (unofficial/undocumented),True,0.8122866894197952,0.7643043565549087,0.759887572776551,0.8532423208191127,0.44128329297820823,0.7040754868500301,0.31784472,0.7932073954983923,79.74302348925919,74.86414411742112,44.12832929782083,73.1810995175839,0.09053289359486201,0.8224215246636771,0.8235121665200821,0.6483091787439613,,0.9117647058823529,0.9194115765909817,0.6355959727184151,0.811974436596031,0.736346516007533,0.37628384687208216,79.40934023970975,71.39423270223445,72.3785204657223,1.0,75.36767246963255,ok,97.91849897390794,97.91849897390794,72.0,113.0,Other,concentration_guard_keyword_v1,False,31.0,research_candidate,True,72.0,0.0,unchanged
6809.T,6809,TOA CORPORATION,JP,Prime Market (Domestic),JPX,6809,TSE,6809,Toa Corporation,1762.0,157300.0,85840.0,61689364395.0,14.45278728810918,1.0566046054180562,5.06186726659168,7.38804768803917,0.0705853886171555,45.1035648865718,9.25919402564464,6.87086092715232,11.706606854759375,46.86794507609981,3.464474456840869,11.802030456852792,-1.6192071468453377,45.74028122415219,1.4392781392293428,0.2980525,6809,TSE:6809,TSE,151250080.0,ok,7,ok,2026-09-28T17:02:31.449089+00:00,,TradingView scanner close; exact exchange timestamp unavailable,TradingView scanner (unofficial/undocumented),TradingView scanner (unofficial/undocumented),True,0.7900298022216201,0.7063126523977242,0.3549173665673259,0.8569493362232458,0.5982118667027906,0.6136548360877812,0.2980525,0.7060417231102682,67.7052289352479,65.98482795990247,59.82118667027906,66.09252235166622,0.06919080590238365,0.548964745383324,0.9676923076923077,0.3208137715179969,0.7493188010899182,0.5546915500259202,0.5173665111456713,0.6689473684210526,0.7123136388735505,0.6970633693972179,0.7227979274611399,73.79068074909499,57.29977122481292,69.06305036473015,1.0,66.63873160069556,ok,97.8974358974359,97.8974358974359,42.0,114.0,Other,concentration_guard_keyword_v1,False,30.0,research_candidate,True,42.0,0.0,unchanged
EXE,EXE,Expand Energy Corporation - Common Stock,US,NASDAQ,Nasdaq Trader,EXE,NASDAQ,EXE,Expand Energy Corporation,85.765,1651006.0,3010949.3,19854921212.506332,7.402915763942237,1.0354974039821103,2.64854905573468,14.8927624708812,0.19206594538897503,48.6857778130708,21.5278329230525,22.0836972921464,42.486988006336276,2897.490297542044,-12.751780264496436,-2.8103575273386636,-20.840832525728,-18.264557323930244,2.374183094222797,-0.38509604,EXE,NASDAQ:EXE,NASDAQ,258234066.71449998,ok,7,ok,2026-09-28T17:02:31.449089+00:00,,TradingView scanner close; exact exchange timestamp unavailable,TradingView scanner (unofficial/undocumented),TradingView scanner (unofficial/undocumented),True,0.2905039148765308,0.5701666332061835,0.25135514956835975,0.39530214816301945,0.9130347054075868,0.7709295322224453,0.38509604,0.7584405144694534,37.68319614535234,76.46850233459493,91.30347054075868,55.42256385197394,0.1350819098699936,0.9309417040358744,0.8047493403693932,0.6985507246376812,0.639985380116959,0.7078005115089514,0.8087623920690757,0.8905488795063332,0.9952909519004373,0.8490269930947897,0.7052598817304699,86.15726791666857,71.20717780126273,94.29199157033852,1.0,75.32226451554261,ok,97.8891820580475,97.8891820580475,73.0,115.0,Other,concentration_guard_keyword_v1,False,32.0,research_candidate,True,73.0,0.0,unchanged
5195.T,5195,"Bando Chemical Industries,Ltd.",JP,Prime Market (Domestic),JPX,5195,TSE,5195,Bando Chemical Industries Ltd.,2521.0,86100.0,59710.0,106266584984.0,9.665410406131267,1.0959970275830238,4.74871388998813,12.1026118132928,0.052619753271348,30.4737934528576,8.57698530733653,8.71672087208067,6.09757154871208,397.2338511045532,1.204335608189482,10.910690717113946,21.201923076923077,24.1260462826194,1.5843981274606045,0.9501889,5195,TSE:5195,TSE,150528910.0,ok,7,ok,2026-09-28T17:02:31.449089+00:00,,TradingView scanner close; exact exchange timestamp unavailable,TradingView scanner (unofficial/undocumented),TradingView scanner (unofficial/undocumented),True,0.6537523706312652,0.6851801679761582,0.8030344080195069,0.7423462476293687,0.5979409374153346,0.541316716337036,0.9501889,0.23327011649959362,72.10782985640746,38.72934164183148,59.79409374153346,61.91614738553237,0.1034617215390718,0.851147174034695,0.9512820512820512,0.6165884194053208,0.508991825613079,0.5116640746500778,0.6500777604976672,0.43842105263157893,0.9751518498067366,0.6676970633693973,0.7575129533678756,82.33754295620479,60.8967006706804,70.67864512191578,1.0,66.56986565584029,ok,97.84615384615385,97.84615384615385,43.0,117.0,Other,concentration_guard_keyword_v1,False,31.0,research_candidate,True,43.0,0.0,unchanged
AGEN,AGEN,Agenus Inc. - Common Stock,US,NASDAQ,Nasdaq Trader,AGEN,NASDAQ,AGEN,Agenus Inc.,9.2735,1216464.0,1002256.5666666632,418809015.3862413,3.4981139192757453,,0.0,,,95.9530645927065,27.0413661609882,69.342015027168,30.467229072031166,,16.209273182957393,191.61949685534591,172.75,137.7820512820513,6.153148502293384,1.0784253,AGEN,NASDAQ:AGEN,NASDAQ,9294426.270983301,ok,4,partial,2026-09-28T17:02:31.449089+00:00,,TradingView scanner close; exact exchange timestamp unavailable,TradingView scanner (unofficial/undocumented),TradingView scanner (unofficial/undocumented),True,0.9510138526400321,0.9979923710098374,0.9889580405541056,0.966271832965268,0.508272800645682,0.23489259184902633,1.0784253,0.44553858520900325,97.60590242923108,34.02155885290148,50.8272800645682,74.69302318044925,0.2858683345015366,0.9869955156950673,0.26868953386103783,,0.9780701754385965,0.7778132992327366,0.9897665494083786,0.8441052289704449,,,,62.78425247780526,91.52166746932373,84.41052289704449,1.0,75.20270375851103,fundamental_partial,97.80123131046614,97.80123131046614,76.0,119.0,Other,concentration_guard_keyword_v1,False,33.0,research_candidate,True,75.0,-1.0,unchanged
4503.T,4503,Astellas Pharma Inc.,JP,Prime Market (Domestic),JPX,4503,TSE,4503,Astellas Pharma Inc.,2354.0,7543600.0,5840846.666666667,4320018870728.0,11.591844935191048,2.172638481337146,3.25135473113797,21.3071306050148,0.303636305609862,74.7099520085826,21.80551494593,16.0409169152709,16.934354005387167,348.7273370087614,-1.1754827875734677,8.304577869795262,-8.369015181004281,43.40542187024063,1.5722463650994019,0.8441012,4503,TSE:4503,TSE,13749353053.333334,ok,7,ok,2026-09-28T17:02:31.449089+00:00,,TradingView scanner close; exact exchange timestamp unavailable,TradingView scanner (unofficial/undocumented),TradingView scanner (unofficial/undocumented),True,0.40585207260904904,0.6006502302898943,0.2094283392034679,0.8493633161744785,0.9748035762665944,0.5478190192359794,0.8441012,0.2836629639664048,51.632348956922236,41.57409916011921,97.48035762665944,55.99498780818206,0.08626754460492779,0.7285954113038612,0.7441025641025641,0.8711528429838289,0.9449591280653951,0.8838776568170036,0.8589942975635044,0.7878947368421053,0.9701822197680839,0.3132405976300876,0.4559585492227979,59.53128576788376,80.29884949305061,87.90384783050946,1.0,66.5192705988917,ok,97.7948717948718,97.7948717948718,44.0,120.0,Other,concentration_guard_keyword_v1,False,32.0,research_candidate,True,44.0,0.0,unchanged
KMT,KMT,Kennametal Inc. Common Stock,US,NYSE,Nasdaq Trader,KMT,NYSE,KMT,Kennametal Inc.,31.89,425105.0,1424627.8666666667,2436078107.1608124,7.244928095962924,1.5482002960465793,2.57815017724782,23.9951111193651,0.48648528134005703,40.768439570959,20.4437310168719,14.5283358325929,19.821175628391853,268.00434746258674,5.3518334985133835,-7.832369942196535,-13.011456628477896,53.02303262955854,2.7721949190239847,0.20494494,KMT,NYSE:KMT,NYSE,45431382.668000005,ok,7,ok,2026-09-28T17:02:31.449089+00:00,,TradingView scanner close; exact exchange timestamp unavailable,TradingView scanner (unofficial/undocumented),TradingView scanner (unofficial/undocumented),True,0.8817506524794217,0.4735996787793616,0.3394900622364987,0.868901826942381,0.7173123486682809,0.6936358161011845,0.20494494,0.8669614147909968,64.09355551094158,78.02986154460908,71.73123486682809,68.72328392274143,0.13802759485732205,0.9354260089686098,0.7971269422456757,0.8421900161030595,0.5522660818713451,0.6902173913043478,0.7089862488007675,0.7456966547580384,0.9582912882610158,0.6635279347143754,0.5309679427326486,79.8693628642887,66.49255361624336,85.1993971509527,1.0,74.94887110865615,ok,97.77191439460569,97.77191439460569,77.0,121.0,Other,concentration_guard_keyword_v1,False,34.0,research_candidate,True,77.0,0.0,unchanged
8704.T,8704,"TRADERS HOLDINGS CO.,LTD.",JP,Standard Market(Domestic),JPX,8704,TSE,8704,TRADERS HOLDINGS CO LTD,1453.0,93300.0,87240.0,42398622536.0,8.481442393903167,1.8519802314557223,2.78551532033426,24.2523512628131,0.0570130936850751,96.2884561106407,48.3206322325713,32.3878069432684,9.588617383235386,15.034856565000009,3.563791874554526,26.899563318777293,42.172211350293544,54.41020191285866,2.4171485599677798,0.9540913,8704,TSE:8704,TSE,126759720.0,ok,7,ok,2026-09-28T17:02:31.449089+00:00,,TradingView scanner close; exact exchange timestamp unavailable,TradingView scanner (unofficial/undocumented),TradingView scanner (unofficial/undocumented),True,0.7954483879707397,0.906800325115145,0.9208886480628556,0.8864806285559469,0.5743700894066649,0.26523977241939856,0.9540913,0.23137361148740176,87.74044974261717,24.830669195340015,57.43700894066649,67.46748848550527,0.11790447350309705,0.9115836597649692,0.638974358974359,0.9076682316118936,0.9950953678474115,0.991187143597719,0.975635044064282,0.5926315789473684,0.44119271120927667,0.37867078825347755,0.7450777202072538,64.30762689976018,92.29327014657119,51.69121450783225,1.0,66.37413500384287,ok,97.74358974358974,97.74358974358974,45.0,122.0,Other,concentration_guard_keyword_v1,False,33.0,research_candidate,True,45.0,0.0,unchanged
6706.T,6706,"DKK Co.,Ltd.",JP,Prime Market (Domestic),JPX,6706,TSE,6706,"DKK Co.,Ltd.",3370.0,20100.0,29446.666666666668,29340211296.0,8.58545791571577,0.7871551747632577,2.9940119760479,9.44015444015444,0.15320117867666802,20.3865100416825,4.46327071942835,9.26487305797651,13.300009199914134,359.33976174316007,2.7439024390243905,6.6455696202531644,11.221122112211221,62.72332206663447,1.5902352389310532,0.6633897,6706,TSE:6706,TSE,99235266.66666667,ok,7,ok,2026-09-28T17:02:31.449089+00:00,,TradingView scanner close; exact exchange timestamp unavailable,TradingView scanner (unofficial/undocumented),TradingView scanner (unofficial/undocumented),True,0.7537252777025196,0.5494445949607153,0.6775941479273909,0.9051747493904091,0.5507992413979951,0.5388783527499323,0.6633897,0.3782172852885397,72.14846924952587,45.8547819019236,55.07992413979951,63.01476564616635,0.1164760237388724,0.9054280917739228,0.6938461538461539,0.46426708398539385,0.25286103542234334,0.24157594608605495,0.6759979263867288,0.71,0.9729431253451132,0.8706852138073158,0.6129533678756477,82.33198198091308,44.95310719512338,84.14715626725567,1.0,66.35119122017767,ok,97.6923076923077,97.6923076923077,46.0,125.0,Other,concentration_guard_keyword_v1,False,34.0,research_candidate,True,46.0,0.0,unchanged
GSL,GSL,Global Ship Lease Inc New Class A Common Shares,US,NYSE,Nasdaq Trader,GSL,NYSE,GSL,Global Ship Lease Inc New,43.69,151195.0,291419.7,1574388207.828333,4.216896541739458,0.808743837007296,5.63952176855403,21.3461426495238,0.34507691959965203,52.2365242796825,48.4655650736495,49.0948698398867,5.552857921553405,-3.758371805709087,-1.9744222571236314,15.765765765765753,16.258648217136777,36.48859731333958,1.9219600143902027,0.4839721,GSL,NYSE:GSL,NYSE,12732126.693,ok,7,ok,2026-09-28T17:02:31.449089+00:00,,TradingView scanner close; exact exchange timestamp unavailable,TradingView scanner (unofficial/undocumented),TradingView scanner (unofficial/undocumented),True,0.6846014856454528,0.8472194338486247,0.7119052399116643,0.80827143143947,0.5472154963680388,0.8636819915679582,0.4839721,0.7118167202572347,76.29993977113028,78.77493559125965,54.72154963680388,73.68193020601366,0.2371412222476539,0.9798206278026906,0.941952506596306,0.8154589371980676,0.6776315789473685,0.9434143222506394,0.971218420211065,0.40954855472556023,0.3629330642448705,0.9108600125549278,0.6056644880174291,94.42110489846415,80.2677549324914,38.62408094852153,1.0,74.65826245180168,ok,97.65464673116388,97.65464673116388,81.0,127.0,Other,concentration_guard_keyword_v1,False,35.0,research_candidate,True,80.0,-1.0,unchanged
6418.T,6418,"JAPAN CASH MACHINE CO.,LTD.",JP,Prime Market (Domestic),JPX,6418,TSE,6418,"Japan Cash Machine Co., Ltd.",1277.0,177400.0,153976.66666666666,38392985035.0,5.5843885509976685,0.9331185626145208,3.09119010819165,18.3146182447442,0.234374924232244,41.4230607094702,10.7536825182339,18.1239811038258,-3.1078651075303063,227.1363275466192,2.0783373301358914,29.251012145748987,23.143683702989392,26.686507936507937,1.9867000713390721,0.80048597,6418,TSE:6418,TSE,196628203.3333333,ok,7,ok,2026-09-28T17:02:31.449089+00:00,,TradingView scanner close; exact exchange timestamp unavailable,TradingView scanner (unofficial/undocumented),TradingView scanner (unofficial/undocumented),True,0.7120021674342997,0.9181793551882959,0.823354104578705,0.7621240856136549,0.6323489569222432,0.38986724464914657,0.80048597,0.30913031698726634,80.39149282037388,34.94987808182064,63.23489569222433,66.45759956651314,0.1790706342991386,0.9854504756575265,0.7138461538461538,0.8221178925404278,0.703542234332425,0.6308968377397616,0.8797304302747537,0.10210526315789474,0.9464384318056323,0.7861926841834106,0.5160621761658031,82.8496437895697,71.04699142106342,52.427184748176344,1.0,66.26080138762272,ok,97.64102564102564,97.64102564102564,47.0,128.0,Other,concentration_guard_keyword_v1,False,35.0,research_candidate,True,47.0,0.0,unchanged
4628.T,4628,"SK KAKEN CO.,LTD.",JP,Standard Market(Domestic),JPX,4628,TSE,4628,"SK Kaken Co., Ltd.",10100.0,24700.0,16803.333333333332,155248893242.0,9.346923945838185,0.771893504350777,2.25711481844946,8.59194030378583,0.016995819028519,31.0398084198105,12.6670253010794,12.6479366952417,8.624800897258272,68.77683777659351,8.369098712446352,8.137044967880085,-3.349282296650718,12.222222222222221,2.150109910437148,0.22821295,4628,TSE:4628,TSE,169713666.66666666,ok,7,ok,2026-09-28T17:02:31.449089+00:00,,TradingView scanner close; exact exchange timestamp unavailable,TradingView scanner (unofficial/undocumented),TradingView scanner (unofficial/undocumented),True,0.9081549715524249,0.5949607152533188,0.3104849634245462,0.6272013004605798,0.6128420482254132,0.34001625575724737,0.22821295,0.7762124085613655,61.02004876727174,55.81143321593065,61.28420482254132,59.75751828772691,0.1069870693069307,0.8701734750979295,0.49538461538461537,0.4032342201356286,0.52425068119891,0.7071021254536028,0.7869362363919129,0.5536842105263158,0.8106018774157924,0.878413189077795,0.8461139896373057,74.79904265201132,65.3527450563472,68.21430439710541,1.0,66.20553010399107,ok,97.58974358974359,97.58974358974359,48.0,131.0,Other,concentration_guard_keyword_v1,False,36.0,research_candidate,True,48.0,0.0,unchanged
FMNB,FMNB,Farmers National Banc Corp. - Common Stock,US,NASDAQ,Nasdaq Trader,FMNB,NASDAQ,FMNB,Farmers National Banc Corp.,15.345,118818.0,368458.13333333336,909153980.4458846,10.436645582534178,1.159417004782737,4.40699935191186,10.8696079233854,0.595777547604955,,39.88205680766497,29.68564875462183,16.7651323335281,9.66659207876482,-2.6949904882688585,5.754651964162653,16.603343465045597,5.030800821355244,1.591140443884056,0.22779012,FMNB,NASDAQ:FMNB,NASDAQ,5653990.056000001,ok,7,ok,2026-09-28T17:02:31.449089+00:00,,TradingView scanner close; exact exchange timestamp unavailable,TradingView scanner (unofficial/undocumented),TradingView scanner (unofficial/undocumented),True,0.6564946797831761,0.7512547681188516,0.7151174462959246,0.6069062437261594,0.4487489911218725,0.9323429030315198,0.22779012,0.8553054662379421,68.24432844810279,89.3824184634731,44.87489911218725,70.02343655155804,0.09581622678396871,0.8461883408071749,0.9114629141014365,0.5790660225442834,,0.8945012787723785,0.8851934761752478,0.7015264696329977,0.4725866128489741,0.8041431261770244,0.47868036103330225,85.39314603618786,70.9360284631303,58.70565412409859,1.0,74.46743648638565,ok,97.53737906772207,97.53737906772207,85.0,134.0,Other,concentration_guard_keyword_v1,False,36.0,research_candidate,True,85.0,0.0,unchanged
VOXR,VOXR,Vox Royalty Corp. - common stock,US,NASDAQ,Nasdaq Trader,VOXR,NASDAQ,VOXR,Vox Royalty Corp.,5.2,219016.0,420602.8,361375486.3970588,7.649308620182407,2.365528786665696,1.01102941176471,49.3912860383666,0.0,65.6847291694523,29.2594269665006,144.324064188928,209.77405782935548,,-10.652920962199314,8.108108108108121,-3.52504638218923,32.653061224489804,3.538439874342233,1.5985734,VOXR,NASDAQ:VOXR,NASDAQ,2187134.56,ok,6,ok,2026-09-28T17:02:31.449089+00:00,,TradingView scanner close; exact exchange timestamp unavailable,TradingView scanner (unofficial/undocumented),TradingView scanner (unofficial/undocumented),True,0.3555510941577996,0.7815699658703071,0.44489058422003613,0.7896004818309577,0.3403954802259887,0.5442682192330857,1.5985734,0.28697749196141475,59.29030315197752,41.56228555972502,34.03954802259887,51.07068548450759,0.13073076923076923,0.9224215246636771,0.6420404573438874,0.9533011272141707,0.79203216374269,0.8005115089514067,0.9958426606971538,0.974342318934719,,0.48399246704331456,0.9844382197323374,68.28181496836264,90.52251360675515,97.4342318934719,1.0,74.3158168292292,ok,97.50806215186162,97.50806215186162,86.0,135.0,Other,concentration_guard_keyword_v1,False,37.0,research_candidate,True,86.0,0.0,unchanged
6652.T,6652,IDEC CORPORATION,JP,Prime Market (Domestic),JPX,6652,TSE,6652,IDEC Corporation,3830.0,136700.0,103890.0,107678082132.0,13.901663335832971,1.5353599140801368,3.39869281045752,11.8777012966224,0.328883659282101,43.6899130169388,10.4926496769927,10.3794699628669,17.09801352116032,318.7450412959354,8.039492242595205,17.665130568356375,25.779967159277504,51.383399209486164,2.002679570151933,0.98090035,6652,TSE:6652,TSE,397898700.0,ok,7,ok,2026-09-28T17:02:31.449089+00:00,,TradingView scanner close; exact exchange timestamp unavailable,TradingView scanner (unofficial/undocumented),TradingView scanner (unofficial/undocumented),True,0.9030073150907613,0.8146843673801137,0.8425900839880791,0.8772690327824438,0.7350311568680574,0.386074234624763,0.98090035,0.21891086426442696,85.93876998103495,30.249254944459498,73.50311568680574,70.15104307775671,0.07193383812010444,0.5825405707890319,0.7717948717948718,0.6066770996348461,0.7356948228882834,0.6179367547952307,0.7216174183514774,0.791578947368421,0.9646604086140254,0.4683153013910355,0.4383419689119171,60.755024799164644,62.40536129163509,87.81196779912233,1.0,65.78069382134856,ok,97.48717948717949,97.48717948717949,50.0,136.0,Other,concentration_guard_keyword_v1,False,37.0,research_candidate,True,50.0,0.0,unchanged
CBC,CBC,"Central Bancompany, Inc. - Class A Common Stock",US,NASDAQ,Nasdaq Trader,CBC,NASDAQ,CBC,"Central Bancompany, Inc.",32.12,270397.0,1349839.7333333334,7692905497.147847,17.62994675887809,1.9900102970022218,1.12632563942608,12.2047043303473,0.236208860299434,,51.31430983755245,39.59336494288896,,,-0.6495515001546578,5.762265393480397,34.05676126878129,45.60290117860381,2.1347651495664968,0.2226124,CBC,NASDAQ:CBC,NASDAQ,43356852.23466667,ok,5,ok,2026-09-28T17:02:31.449089+00:00,,TradingView scanner close; exact exchange timestamp unavailable,TradingView scanner (unofficial/undocumented),TradingView scanner (unofficial/undocumented),True,0.7367998393896807,0.7514555310178679,0.839791206585023,0.8454125677574784,0.7088377723970944,0.8163019474001205,0.2226124,0.8587218649517685,79.33647861875124,83.75119061759445,70.88377723970945,79.17225141160577,0.056721668742216694,0.5713004484304933,0.6552330694810906,0.6244766505636071,,0.9517263427109974,0.9510713143588103,,,0.5605775266792217,0.6735138499844382,59.570368153026855,80.01970394044633,,0.8,74.20083551102519,ok,97.47874523600117,97.47874523600117,87.0,137.0,Other,concentration_guard_keyword_v1,False,38.0,research_candidate,True,89.0,2.0,unchanged
1847.T,1847,"ICHIKEN Co.,Ltd.",JP,Standard Market(Domestic),JPX,1847,TSE,1847,"Ichiken Co., Ltd.",3480.0,33800.0,28433.333333333332,50395890727.0,6.987846568575774,1.2322532559185098,3.31890331890332,19.1934971404363,0.187257604214943,13.3018205989881,9.50090476014624,6.69245540824994,14.950969987689433,58.52922114302302,0.8695652173913043,34.36293436293436,32.52094440213252,88.36265223274695,1.4630772798436291,1.1094942,1847,TSE:1847,TSE,98948000.0,ok,7,ok,2026-09-28T17:02:31.449089+00:00,,TradingView scanner close; exact exchange timestamp unavailable,TradingView scanner (unofficial/undocumented),TradingView scanner (unofficial/undocumented),True,0.6269303711731238,0.9401246274722298,0.8797073963695475,0.9458141425088052,0.5502573828230832,0.6009211595773503,1.1094942,0.16960173394743971,84.81441343809266,38.5261446762395,55.025738282308325,68.77404497426171,0.14310560344827586,0.9557918298824846,0.7569230769230769,0.8356807511737089,0.0893732970027248,0.5645412130637636,0.5069984447900466,0.7478947368421053,0.7736057426836003,0.598145285935085,0.5642487046632124,77.02867309135488,51.21684821386913,76.07502397628527,1.0,65.77746883871288,ok,97.43589743589743,97.43589743589743,51.0,139.0,Other,concentration_guard_keyword_v1,False,38.0,research_candidate,True,51.0,0.0,unchanged
LNC,LNC,Lincoln National Corporation Common Stock,US,NYSE,Nasdaq Trader,LNC,NYSE,LNC,Lincoln National Corporation,41.28,370339.0,1877233.9333333333,7902946014.39578,3.5701930395073687,0.7625242953023109,4.31758215399376,22.5774034550414,0.604899110053749,,15.3425849813839,11.4066050964654,12.323484683901803,101.7413152338911,-5.3862021544808645,13.46893897746014,14.762301918265228,1.850481125092524,2.575908544868309,0.8013042,LNC,NYSE:LNC,NYSE,77492216.768,ok,7,ok,2026-09-28T17:02:31.449089+00:00,,TradingView scanner close; exact exchange timestamp unavailable,TradingView scanner (unofficial/undocumented),TradingView scanner (unofficial/undocumented),True,0.554507127082915,0.8295522987351938,0.697851836980526,0.579803252358964,0.7891444713478611,0.7319815298132906,0.8013042,0.5564710610932475,66.54286287893999,64.4226295453269,78.91444713478612,67.86854218391363,0.2800968992248062,0.9860986547085202,0.9082380533567869,0.8305958132045088,,0.5895140664961637,0.641189638631276,0.6229295225722637,0.8990918264379415,0.921217827997489,0.47432306255835666,93.85181786875987,63.390564522257634,76.10106745051026,1.0,74.17563295149645,ok,97.42011140428028,97.42011140428028,89.0,140.0,Other,concentration_guard_keyword_v1,False,39.0,research_candidate,True,88.0,-1.0,unchanged
4595.T,4595,"MIZUHO MEDY CO.,LTD.",JP,Standard Market(Domestic),JPX,4595,TSE,4595,"Mizuho Medy Co., Ltd.",1745.0,66000.0,78170.0,33242371817.0,10.300557882937259,1.7915217347827528,5.73065902578797,18.0349857486168,0.0,68.4015900896737,38.5319404640843,29.8326707959693,0.7450870820527149,-2.330350538453956,0.6924408540103866,6.014580801944107,-4.644808743169399,7.649599012954966,0.8047000411986759,0.2771908,4595,TSE:4595,TSE,136406650.0,ok,7,ok,2026-09-28T17:02:31.449089+00:00,,TradingView scanner close; exact exchange timestamp unavailable,TradingView scanner (unofficial/undocumented),TradingView scanner (unofficial/undocumented),True,0.6106746139257654,0.5266865348144134,0.2833920346789488,0.5578434028718504,0.583581685180168,0.8902736385803305,0.2771908,0.72879978325657,49.46491465727444,80.95367109184502,58.3581685180168,58.67109184502844,0.09708212034383953,0.817011751538892,0.9861538461538462,0.8158581116327596,0.9171662125340599,0.9751166407465007,0.9663037843442198,0.19736842105263158,0.25731639977912757,0.39515713549716636,0.9696891191709844,73.27742443966349,92.88267736857048,22.734241041587957,1.0,65.649661522744,ok,97.38461538461539,97.38461538461539,52.0,142.0,Other,concentration_guard_keyword_v1,False,39.0,research_candidate,True,52.0,0.0,unchanged
YICC,YICC,Yorkville International Capital Corp. - Class A Ordinary Shares,US,NASDAQ,Nasdaq Trader,YICC,NASDAQ,YICC,Yorkville International Capital Corp.,9.92,16366.0,116377.26666666666,380266666.0,,1.7120982523480943,0.0,,6.7535447465382e-05,,,,,,-0.1007049345417904,0.40485829959513303,0.40485829959513303,0.40485829959513303,0.10079272984748094,-0.043265153,YICC,NASDAQ:YICC,NASDAQ,1154462.4853333333,ok,2,partial,2026-09-28T17:02:31.449089+00:00,,TradingView scanner close; exact exchange timestamp unavailable,TradingView scanner (unofficial/undocumented),TradingView scanner (unofficial/undocumented),True,0.7606906243726159,0.6470588235294118,0.5049186910258984,0.557518570568159,0.27461662631154155,0.9913671953423008,0.043265153,0.9622186495176849,61.75466773740212,97.67929224299928,27.461662631154155,65.59187309786421,,,0.26868953386103783,,,,,,,0.6249215317011927,0.9685652038593215,44.680553278111525,96.85652038593216,,0.8,74.12420301633891,fundamental_partial,97.36147757255937,97.36147757255937,91.0,143.0,Other,concentration_guard_keyword_v1,False,40.0,research_candidate,True,92.0,1.0,unchanged
7979.T,7979,SHOFU INC.,JP,Prime Market (Domestic),JPX,7979,TSE,7979,Shofu Inc.,2299.0,87600.0,74966.66666666667,82142640511.0,13.279038872523538,1.603375840530903,2.3892267593397,13.1873526053505,0.0257764218102167,59.7805019866266,13.7489097780793,14.9699583292955,6.5269569256974735,52.40504724530055,-0.389948006932409,11.92794547224927,35.39458186101296,14.89255372313843,1.4387263447602692,0.25008205,7979,TSE:7979,TSE,172348366.6666667,ok,7,ok,2026-09-28T17:02:31.449089+00:00,,TradingView scanner close; exact exchange timestamp unavailable,TradingView scanner (unofficial/undocumented),TradingView scanner (unofficial/undocumented),True,0.4887564345705771,0.7095638038471959,0.8935247900298022,0.6591709563803847,0.614196694662693,0.6141966946626931,0.25008205,0.7556217827147115,68.77539962069899,68.49092386887024,61.4196694662693,67.60092115957735,0.07530665506742061,0.6239507554560716,0.5302564102564102,0.6630151278038602,0.8692098092643051,0.7376879212026957,0.8356661482633488,0.4626315789473684,0.7476532302595251,0.4425553838227718,0.8124352331606217,53.225418317841786,78.36028479389664,60.51424046034468,1.0,65.58922239343893,ok,97.33333333333334,97.33333333333334,53.0,144.0,Other,concentration_guard_keyword_v1,False,40.0,research_candidate,True,53.0,0.0,unchanged
TRNO,TRNO,Terreno Realty Corporation Common Stock,US,NYSE,Nasdaq Trader,TRNO,NYSE,TRNO,Terreno Realty Corporation,66.33,173253.0,687183.9,7228000895.514153,17.867147936644756,1.6120827705950074,3.1481761767822,9.23751752089762,0.238287540351321,51.2579541839007,41.3933741648107,76.9211342666242,18.047502570434602,47.77485868959479,-1.2211466865227212,2.0461538461538433,8.170254403131112,15.376587232562178,1.343394354574171,0.28474247,TRNO,NYSE:TRNO,NYSE,45580908.087,ok,7,ok,2026-09-28T17:02:31.449089+00:00,,TradingView scanner close; exact exchange timestamp unavailable,TradingView scanner (unofficial/undocumented),TradingView scanner (unofficial/undocumented),True,0.7165227865890383,0.6888175065247942,0.6225657498494278,0.6868098775346316,0.7179176755447942,0.9602489459947802,0.28474247,0.8165192926045016,67.8678980124473,88.8384119299641,71.79176755447942,73.69910692313131,0.05596864164028344,0.5650224215246636,0.8443271767810027,0.5230273752012883,0.6641081871345029,0.9050511508951407,0.9913655260633195,0.7245859045144527,0.7420114362596704,0.6440677966101696,0.671957671957672,68.44724649719453,75.11019822503847,73.32986703870615,1.0,74.0612810796612,ok,97.33216065669892,97.33216065669892,92.0,145.0,Other,concentration_guard_keyword_v1,False,41.0,research_candidate,True,91.0,-1.0,unchanged
RNST,RNST,Renasant Corporation Common Stock,US,NYSE,Nasdaq Trader,RNST,NYSE,RNST,Renasant Corporation,39.82,138668.0,627515.6,3639725951.4845104,11.93037121371004,0.94015007458398,2.28004956629492,8.21033924199946,0.28715718279124397,,38.529991105696475,28.863924214565163,27.48175033590235,31.753049382228703,-3.955619874577908,-6.39398213446168,10.030395136778122,6.527554842161577,1.7733255615694754,0.5132093,RNST,NYSE:RNST,NYSE,24987671.191999998,ok,7,ok,2026-09-28T17:02:31.449089+00:00,,TradingView scanner close; exact exchange timestamp unavailable,TradingView scanner (unofficial/undocumented),TradingView scanner (unofficial/undocumented),True,0.6081108211202569,0.49989961855049186,0.6466572977313793,0.6201565950612327,0.6372074253430186,0.8968078699056414,0.5132093,0.697548231511254,59.37060831158403,79.71780507084478,63.720742534301856,65.1099276348069,0.08381968859869411,0.784304932735426,0.7692758721782469,0.48985507246376814,,0.8817135549872123,0.8752798209146146,0.8242936018187723,0.6585940127817019,0.8772755806654111,0.6436352318705261,81.02854618596947,72.26209200590303,74.14438073002371,1.0,74.01479770133719,ok,97.30284374083847,97.30284374083847,93.0,146.0,Other,concentration_guard_keyword_v1,False,42.0,research_candidate,True,93.0,0.0,unchanged
9928.T,9928,"MIROKU JYOHO SERVICE CO.,LTD.",JP,Prime Market (Domestic),JPX,9928,TSE,9928,"Miroku Jyoho Service Co., Ltd.",2113.0,73300.0,46060.0,57849832031.0,11.759284714933345,1.9528834564532542,2.87631831255992,18.1189578895625,0.1554368962005,61.3791305742701,14.021896053898,11.0863811357074,7.088102037748814,32.963594952220134,3.781925343811395,17.38888888888889,20.67390062821245,9.086215797625194,1.742404052933288,0.19172563,9928,TSE:9928,TSE,97324780.0,ok,7,ok,2026-09-28T17:02:31.449089+00:00,,TradingView scanner close; exact exchange timestamp unavailable,TradingView scanner (unofficial/undocumented),TradingView scanner (unofficial/undocumented),True,0.801950690869683,0.8117041452180981,0.7968030344080195,0.5841235437550799,0.5483608778108914,0.47900298022216203,0.19172563,0.8098076402059062,74.86453535627203,64.44053102140342,54.83608778108914,69.25426713627743,0.0850391859914813,0.7174034695019585,0.6661538461538462,0.8169014084507042,0.8795640326975477,0.7459823742871955,0.7413167444271643,0.49,0.6305908337934842,0.35445646573930967,0.6103626943005181,57.93379271317048,75.8825450832626,56.02954168967421,1.0,65.55575274369443,ok,97.28205128205128,97.28205128205128,54.0,147.0,Other,concentration_guard_keyword_v1,False,41.0,research_candidate,True,54.0,0.0,unchanged
SB,SB,"Safe Bulkers, Inc Common Stock ($0.001 par value)",US,NYSE,Nasdaq Trader,SB,NYSE,SB,"Safe Bulkers, Inc",8.175,574995.0,1358773.5666666667,930588682.7303439,10.564745412251227,0.9565151258095278,2.88697788697789,10.3192925594792,0.587684826422882,44.2388430531421,33.2840106797015,28.2875716668914,10.807256007471453,81.30271790065605,-3.1398104265402704,29.96820349761527,29.14691943127963,77.33188720173537,3.492268546946688,0.4964941,SB,NYSE:SB,NYSE,11107973.9075,ok,7,ok,2026-09-28T17:02:31.449089+00:00,,TradingView scanner close; exact exchange timestamp unavailable,TradingView scanner (unofficial/undocumented),TradingView scanner (unofficial/undocumented),True,0.6394298333667938,0.9190925516964465,0.8165027102991367,0.9166833969082514,0.5314769975786925,0.5522987351937362,0.4964941,0.7057877813504823,82.29271230676571,62.904325827210926,53.14769975786925,73.07386380454254,0.09465443425076453,0.8403587443946189,0.821753151568455,0.5603864734299517,0.5917397660818714,0.8315217391304348,0.8676047329708986,0.585254952906788,0.8526740665993946,0.8725674827369743,0.48303765950824773,84.48931262333494,66.68580742242808,71.89645097530912,1.0,73.95262592659908,ok,97.24420990911756,97.24420990911756,95.0,149.0,Other,concentration_guard_keyword_v1,False,43.0,research_candidate,True,94.0,-1.0,unchanged
BNC,BNC,CEA Industries Inc. - Common Stock,US,NASDAQ,Nasdaq Trader,BNC,NASDAQ,BNC,CEA Industries Inc.,5.67,718452.0,3759628.5,233455740.17184943,3.1009023789991796,0.8066076387308235,0.0,74.0348880857377,0.0640226100356219,27.6077465272066,-128.449149447123,378.322581357194,187.74798884245592,,89.0,89.0,92.20338983050847,-27.214377406931963,10.19693488122667,0.03498043,BNC,NASDAQ:BNC,NASDAQ,21317093.595,ok,6,ok,2026-09-28T17:02:31.449089+00:00,,TradingView scanner close; exact exchange timestamp unavailable,TradingView scanner (unofficial/undocumented),TradingView scanner (unofficial/undocumented),True,0.9951816904236097,0.9885565147560731,0.9558321622164224,0.32925115438666935,0.615819209039548,0.0833166030917486,0.03498043,0.9688504823151125,81.72053804456937,52.60835427034305,61.5819209039548,71.4216995299206,0.3224867724867725,0.989237668161435,0.26868953386103783,0.9719806763285024,0.3475877192982456,0.06489769820971868,0.9984010233450592,0.9717440727508931,,0.9118016321406152,0.8157485216308746,72.32429447210293,63.97231277624801,97.17440727508931,1.0,73.65836711434245,ok,97.18557607739666,97.18557607739666,97.0,152.0,Other,concentration_guard_keyword_v1,False,44.0,research_candidate,True,97.0,0.0,unchanged
6070.T,6070,"CAREERLINK CO.,LTD.",JP,Prime Market (Domestic),JPX,6070,TSE,6070,"Careerlink Co., Ltd.",2546.0,182500.0,48536.666666666664,30428233795.0,10.09439408260751,1.9268695633575827,4.66744457409568,20.3368533780354,0.0337756706509843,23.3256393239087,9.88391497879599,6.61583345121118,12.809456862384483,57.78966149749883,-2.1521906225980016,14.170403587443946,3.2441200324412005,-4.42942942942943,1.2836785071006398,0.2882472,6070,TSE:6070,TSE,123574353.33333333,ok,7,ok,2026-09-28T17:02:31.449089+00:00,,TradingView scanner close; exact exchange timestamp unavailable,TradingView scanner (unofficial/undocumented),TradingView scanner (unofficial/undocumented),True,0.31292332701164993,0.7523706312652397,0.5047412625304796,0.3473313465185587,0.5719317258195611,0.6895150365754539,0.2882472,0.718504470333243,47.9341641831482,70.40097534543484,57.193172581956105,54.93971823354105,0.09906488609583661,0.8242865137101287,0.9461538461538461,0.8581116327595201,0.3313351498637602,0.5800933125972006,0.5007776049766719,0.6994736842105264,0.7686361126449476,0.3601236476043277,0.7927461139896373,71.01880024894342,61.26127628373581,73.40548984277369,1.0,65.501388031012,ok,97.17948717948718,97.17948717948718,56.0,153.0,Other,concentration_guard_keyword_v1,False,42.0,research_candidate,True,56.0,0.0,unchanged
3284.T,3284,"Hoosiers Holdings Co.,Ltd.",JP,Prime Market (Domestic),JPX,3284,TSE,3284,"Hoosiers Holdings Co.,Ltd.",1288.0,1006600.0,262376.6666666667,52400959160.0,6.554850818618423,1.0306838173414137,5.70547417116423,17.7532830430413,2.41322168528554,22.1641827476306,10.345284505785,5.60503246413602,55.62755057740731,34.13499805448797,-2.571860816944024,7.963118189438391,6.446280991735537,-1.6793893129770991,1.3474199290443554,0.42182314,3284,TSE:3284,TSE,337941146.6666667,ok,7,ok,2026-09-28T17:02:31.449089+00:00,,TradingView scanner close; exact exchange timestamp unavailable,TradingView scanner (unofficial/undocumented),TradingView scanner (unofficial/undocumented),True,0.2787862367921972,0.5898130587916554,0.5811433215930643,0.39311839609861826,0.7071254402600922,0.6605256028176646,0.42182314,0.5708480086697372,46.071525331888374,61.568680574370084,70.71254402600921,53.64196694662692,0.15255877329192546,0.970341354224958,0.9851282051282051,0.8101199791340636,0.29427792915531337,0.6091238983929497,0.42664593053395544,0.9736842105263158,0.6388735505245721,0.7135497166409068,0.050777202072538885,88.96730919980233,43.81889878577642,80.62788805254439,1.0,65.46816049284234,ok,97.12820512820512,97.12820512820512,57.0,155.0,Other,concentration_guard_keyword_v1,False,43.0,research_candidate,True,57.0,0.0,unchanged
CGAU,CGAU,Centerra Gold Inc. Common Shares,US,NYSE,Nasdaq Trader,CGAU,NYSE,CGAU,Centerra Gold Inc.,21.5996,475399.0,1350294.1333333333,4225044625.318821,7.076586862256665,1.9570393777531705,0.878018187519599,32.593378769211,0.0211141762855162,32.7363576320396,26.6964611990576,37.7524091046125,36.2340457551393,776.8864473652648,-11.295277207392207,34.32587064676618,17.83742498636116,116.86345381526101,3.000540589830031,1.9557585,CGAU,NYSE:CGAU,NYSE,29165813.162346665,ok,7,ok,2026-09-28T17:02:31.449089+00:00,,TradingView scanner close; exact exchange timestamp unavailable,TradingView scanner (unofficial/undocumented),TradingView scanner (unofficial/undocumented),True,0.3372816703473198,0.9307367998393897,0.7295723750250953,0.9558321622164224,0.6573849878934624,0.6470588235294117,1.9557585,0.21181672025723475,73.83557518570568,42.94377718933232,65.73849878934624,64.89806422715843,0.1413110613159503,0.9399103139013453,0.623570800351803,0.9037037037037037,0.43201754385964913,0.774616368286445,0.9462743843939878,0.8730107177655083,0.9828456104944501,0.5671688637790333,0.8885776532835357,71.02166593440606,78.90379307054643,92.79281641299792,1.0,73.5568308900934,ok,97.12694224567575,97.12694224567575,99.0,156.0,Other,concentration_guard_keyword_v1,False,45.0,research_candidate,True,98.0,-1.0,unchanged
ALL,ALL,Allstate Corporation (The) Common Stock,US,NYSE,Nasdaq Trader,ALL,NYSE,ALL,Allstate Corporation (The),228.43,545100.0,1844995.0666666667,57760344423.053696,4.561793803644962,1.830495609711379,1.86291739894552,46.1077325571322,0.222327734583655,,23.8190969103326,18.9714416071403,5.918330363345314,135.47341938821094,-11.389115171263436,-5.4002567606742,10.861441397718998,7.7601660534012735,2.0742476205468376,-0.10235945,ALL,NYSE:ALL,NYSE,421452223.0786667,ok,7,ok,2026-09-28T17:02:31.449089+00:00,,TradingView scanner close; exact exchange timestamp unavailable,TradingView scanner (unofficial/undocumented),TradingView scanner (unofficial/undocumented),True,0.33406946396305964,0.519172856856053,0.6552901023890785,0.629592451314997,0.9481436642453591,0.8303553503312588,0.10235945,0.9266479099678456,53.4531218630797,87.85016301495523,94.8143664245359,68.25656883526702,0.21921201243269273,0.9771300448430493,0.73116388155966,0.9475040257648953,,0.7404092071611253,0.7761432683082827,0.42156544332575513,0.926000672721157,0.5969868173258004,0.681917211328976,76.84269145761698,78.64934281408198,67.37830580234561,1.0,73.5441624600991,ok,97.0976253298153,97.0976253298153,100.0,157.0,Other,concentration_guard_keyword_v1,False,46.0,research_candidate,True,101.0,1.0,unchanged
5834.T,5834,"SBI Leasing Services Co.,Ltd.",JP,Growth Market(Domestic),JPX,5834,TSE,5834,"SBI Leasing Services Co.,Ltd.",2875.0,35600.0,49960.0,46220077515.0,6.663651991875675,1.4981222743847264,3.96551724137931,24.9973308658671,1.98652626071031,19.989224137931,14.6157485281749,9.23044575273339,52.60403088338514,32.873682797089785,6.245380635624538,5.003652300949598,9.858616736721437,13.636363636363637,1.5482572529237169,0.75204986,5834,TSE:5834,TSE,143635000.0,ok,7,ok,2026-09-28T17:02:31.449089+00:00,,TradingView scanner close; exact exchange timestamp unavailable,TradingView scanner (unofficial/undocumented),TradingView scanner (unofficial/undocumented),True,0.8761853156326199,0.48794364670820917,0.6551070170685451,0.6426442698455703,0.5906258466540233,0.5591980493091303,0.75204986,0.3294500135464644,66.54700623137362,44.432403142779734,59.062584665402326,59.895692224329444,0.15006786086956522,0.9669837716843872,0.8748717948717949,0.9134063641105895,0.2435967302452316,0.7584240539139451,0.6744427164333852,0.9705263157894737,0.6283821093318609,0.4848016486347244,0.06683937823834196,77.55524050636355,53.13418485882987,79.94542125606672,1.0,65.30835199863469,ok,97.07692307692307,97.07692307692307,58.0,158.0,Other,concentration_guard_keyword_v1,False,44.0,research_candidate,True,58.0,0.0,unchanged
7595.T,7595,ARGO GRAPHICS Inc.,JP,Prime Market (Domestic),JPX,7595,TSE,7595,Argo Graphics Inc.,1280.0,332000.0,200063.33333333334,88824173698.0,4.649865153910537,1.859941250849434,3.08880308880309,35.7170907980278,0.0,26.1188570454862,14.7780882008128,26.4464278331284,5.013573985579714,230.4433211332292,-3.903903903903904,6.224066390041494,-12.806539509536785,2.1956087824351296,1.1396693011350836,0.5679689,7595,TSE:7595,TSE,256081066.6666667,ok,7,ok,2026-09-28T17:02:31.449089+00:00,,TradingView scanner close; exact exchange timestamp unavailable,TradingView scanner (unofficial/undocumented),TradingView scanner (unofficial/undocumented),True,0.19669466269303712,0.5334597670008128,0.1427797344892983,0.46626930371173125,0.6656732592793281,0.7664589542129504,0.5679689,0.44622053643998916,33.48008669737199,60.63397453264698,66.56732592793281,45.23164454077486,0.21505999999999997,0.9921656407386682,0.7128205128205128,0.9655712050078247,0.3983651226158038,0.7630896837739761,0.9538621047174702,0.39473684210526316,0.9480949751518498,0.3766099948480165,0.9696891191709844,69.38653828023992,81.01154470572119,67.14159086285565,1.0,65.14494810356425,ok,97.02564102564104,97.02564102564104,59.0,161.0,Other,concentration_guard_keyword_v1,False,45.0,research_candidate,True,59.0,0.0,unchanged
2124.T,2124,"JAC Recruitment Co.,Ltd.",JP,Prime Market (Domestic),JPX,2124,TSE,2124,"JAC Recruitment Co., Ltd.",1041.0,369500.0,661523.3333333334,169303990860.0,18.317467579314105,7.58260118620727,5.34499514091351,44.7550017375763,0.011092267497822801,91.8937805730259,25.7943848398898,18.5287951658651,12.349328037685309,28.699216450020387,4.939516129032258,21.61214953271028,21.75438596491228,-5.791855203619909,2.0444951289909787,0.4561804,2124,TSE:2124,TSE,688645790.0,ok,7,ok,2026-09-28T17:02:31.449089+00:00,,TradingView scanner close; exact exchange timestamp unavailable,TradingView scanner (unofficial/undocumented),TradingView scanner (unofficial/undocumented),True,0.843402871850447,0.8653481441343809,0.8073692766188025,0.3243023570848009,0.7957193172581956,0.374695204551612,0.4561804,0.5394202113248442,71.01056624221079,45.70577079382281,79.57193172581955,65.96857220265511,0.05459269932756965,0.3463905987688864,0.9774358974358974,0.9848721961398018,0.9896457765667575,0.9170554691550026,0.8843960601347849,0.6863157894736842,0.5946990612921038,0.04379185986604839,0.8673575129533679,45.5872785356944,92.8665402989943,64.0507425382894,1.0,64.9310537717351,ok,96.97435897435898,96.97435897435898,60.0,164.0,Other,concentration_guard_keyword_v1,False,46.0,research_candidate,True,60.0,0.0,unchanged
6036.T,6036,"KeePer Technical Laboratory Co.,Ltd.",JP,Prime Market (Domestic),JPX,6036,TSE,6036,KeePer Technical Laboratory Co.Ltd.,3505.0,78600.0,167110.0,95890617027.0,9.730680850603095,3.812393932783351,1.70697012802276,45.5815174596244,0.051710266148390804,48.4329322120844,26.6356050106508,37.8670770213584,12.413397019293376,101.07745314438128,8.850931677018634,27.500909421607858,14.542483660130719,-7.029177718832892,2.6343537343674637,0.54817295,6036,TSE:6036,TSE,585720550.0,ok,7,ok,2026-09-28T17:02:31.449089+00:00,,TradingView scanner close; exact exchange timestamp unavailable,TradingView scanner (unofficial/undocumented),TradingView scanner (unofficial/undocumented),True,0.9127607694391764,0.9100514765646166,0.728528853969114,0.3031698726632349,0.781630994310485,0.21295041994039554,0.54817295,0.4630181522622595,71.36277431590355,33.79842861013275,78.1630994310485,62.99173665673259,0.10276773181169756,0.8489087856743145,0.3541025641025641,0.9859154929577465,0.7852861035422344,0.9274235355106273,0.9880767236910316,0.6884210526315789,0.8779679734953064,0.1370427614631633,0.7606217616580311,44.66847037466806,88.94647234719342,78.31945130634426,1.0,64.84180638063967,ok,96.92307692307692,96.92307692307692,61.0,166.0,Other,concentration_guard_keyword_v1,False,47.0,research_candidate,True,61.0,0.0,unchanged
205A.T,205A,LOGOS HOLDINGS INC.,JP,Growth Market(Domestic),JPX,205A,TSE,205A,LOGOS HOLDINGS INC.,1671.0,14300.0,34556.666666666664,6552888129.0,8.214959583972028,1.6210111920200383,3.79580838323353,21.4610463944352,2.17763140816528,17.3297173853868,2.92794011666987,1.61521768663165,36.48708408053299,304.2060123362585,-0.29832935560859186,4.5682102628285355,1.2113870381586918,7.528957528957529,1.1082326042209947,-0.046431396,205A,TSE:205A,TSE,57744189.99999999,ok,7,ok,2026-09-28T17:02:31.449089+00:00,,TradingView scanner close; exact exchange timestamp unavailable,TradingView scanner (unofficial/undocumented),TradingView scanner (unofficial/undocumented),True,0.5004063939311839,0.4738553237604985,0.44757518287726905,0.5551341099972907,0.47873205093470605,0.7791926307233812,0.046431396,0.9571931725819561,49.42427526415605,86.81929016526686,47.8732050934706,58.54036846383093,0.12172914422501496,0.9205372132064913,0.8466666666666667,0.874282733437663,0.1771117166212534,0.14670813893208917,0.12389839294971487,0.9410526315789474,0.9618995030369961,0.4368882019577537,0.059067357512953333,73.46973606103039,27.62136678907348,95.14760673079718,1.0,64.73883187309885,ok,96.87179487179488,96.87179487179488,62.0,169.0,Other,concentration_guard_keyword_v1,False,48.0,research_candidate,True,62.0,0.0,unchanged
