ticker,code,name,market,exchange,universe_source,merge_code,merge_exchange,source_name,source_description,price,volume,avg_volume_30d,market_cap,pe,pb,dividend_yield,roe,debt_to_equity,gross_margin,operating_margin,profit_margin,revenue_growth,earnings_growth,return_1m,return_3m,return_6m,return_12m,volatility_1m,beta_1y,source_code,source_symbol,source_exchange,avg_turnover_30d,price_status,fundamental_fields_present,fundamental_status,data_retrieved_at_utc,price_date,price_basis,price_source,fundamental_source,eligible,rank_return_1m,rank_return_3m,rank_return_6m,rank_return_12m,rank_avg_turnover_30d,rank_volatility_1m,beta_abs,rank_beta_abs,momentum_score,risk_score,liquidity_score,pre_score,earnings_yield,rank_earnings_yield,rank_dividend_yield,rank_roe,rank_gross_margin,rank_operating_margin,rank_profit_margin,rank_revenue_growth,rank_earnings_growth,rank_pb,rank_debt_to_equity,value_score,quality_score,growth_score,factor_coverage,total_score,flags,market_rank,theme,theme_source,is_mortgage_reit,theme_rank,research_status,research_candidate,previous_market_rank,rank_change,daily_change,regime_adjusted_score,regime,factor_model_version,regime_rank
INSW,INSW,"International Seaways, Inc. Common Stock ",US,NYSE,Nasdaq Trader,INSW,NYSE,INSW,"International Seaways, Inc.",99.52,486597.0,503702.93333333335,4929355908.0,6.3552476132699,2.1755183360432584,8.3701768488746,37.4116050605098,0.288154290645754,59.5329951495586,55.6529596108849,61.8606353609804,57.66313069733789,225.7103040891884,10.125041496071695,18.06857278443468,49.33973589435774,134.6616364065079,3.613813776829467,0.50946796,INSW,NYSE:INSW,NYSE,50128515.925333336,ok,7,ok,2026-08-23T02:29:50.368137+00:00,,TradingView scanner close; exact exchange timestamp unavailable,TradingView scanner (unofficial/undocumented),TradingView scanner (unofficial/undocumented),True,0.7336814621409922,0.775055231974292,0.8863225547298654,0.9395460935930908,0.7121150729335495,0.6700140590480016,0.50946796,0.6895648670427075,83.36513356095601,67.97894630453544,71.21150729335494,77.6955428067107,0.1573502813504823,0.963198546115402,0.9723193473193472,0.925654116145501,0.7454545454545455,0.9601910828025476,0.9840764331210192,0.9201680672268908,0.9524601063829788,0.5490625,0.6376587178693094,82.81934644782498,85.06069790785844,93.63140868049346,1.0,83.39790480484328,ok,2.0,Shipping,concentration_guard_keyword_v1,False,1.0,research_candidate,True,2.0,0.0,unchanged,81.61173956041772,UNKNOWN,1.7.0,1
DHT,DHT,"DHT Holdings, Inc.",US,NYSE,Nasdaq Trader,DHT,NYSE,DHT,"DHT Holdings, Inc.",19.82,4952837.0,2994248.3,3191845280.0,6.742643306684811,2.4035196647199206,7.4167507568113,39.1763532556201,0.32702160368475,59.4712442500962,56.6595032304697,65.5970899463573,39.41599357538878,148.6465911013365,7.135135135135137,12.70969576343474,17.62611275964391,80.18181818181819,3.388606188953632,0.3087614,DHT,NYSE:DHT,NYSE,59346001.306,ok,7,ok,2026-08-23T02:29:50.368137+00:00,,TradingView scanner close; exact exchange timestamp unavailable,TradingView scanner (unofficial/undocumented),TradingView scanner (unofficial/undocumented),True,0.6766418959630448,0.7005422775657763,0.7111869853384214,0.8782888130146616,0.7358184764991896,0.7069692709379394,0.3087614,0.798549556809025,74.1664992970476,75.27594138734821,73.58184764991897,74.35616207255346,0.1483097880928355,0.9572921399363924,0.9667832167832168,0.9336311423101468,0.7450909090909091,0.963375796178344,0.988216560509554,0.8859082094376212,0.9371675531914894,0.5115624999999999,0.611644471972747,81.1879285573203,84.83917760123403,91.15378813145551,1.0,82.15390026858906,ok,4.0,Shipping,concentration_guard_keyword_v1,False,2.0,research_candidate,True,4.0,0.0,unchanged,80.36136528393283,UNKNOWN,1.7.0,2
CARE,CARE,"Carter Bankshares, Inc. - Common Stock",US,NASDAQ,Nasdaq Trader,CARE,NASDAQ,CARE,"Carter Bankshares, Inc.",31.25,506587.0,408953.7,692622840.0,5.383012075172688,1.2845671892354504,0.32,26.8692956357082,0.0,,65.03029398128139,49.8723016353249,40.08538785327721,327.11153619776337,-5.731523378582198,16.866118175018705,43.61213235294117,68.73650107991361,3.27895031803836,-0.21811002,CARE,NASDAQ:CARE,NASDAQ,12779803.125,ok,7,ok,2026-08-23T02:29:50.368137+00:00,,TradingView scanner close; exact exchange timestamp unavailable,TradingView scanner (unofficial/undocumented),TradingView scanner (unofficial/undocumented),True,0.2845953002610966,0.7595902791725246,0.8690500100421772,0.8551918055834505,0.5384927066450568,0.7224342237397068,0.21811002,0.8519339242546333,69.21068487648122,78.71840739971701,53.84927066450568,69.28340337549383,0.1857695999999999,0.9777373920945024,0.5702214452214452,0.8698149329929802,,0.9780254777070064,0.9735668789808916,0.8884938590820943,0.9694148936170212,0.7796875,0.9848250232270052,77.58821124386492,95.15580782269708,92.89543763495578,1.0,83.95445613506139,ok,1.0,Financials,concentration_guard_keyword_v1,False,1.0,research_candidate,True,1.0,0.0,unchanged,79.51794461026014,UNKNOWN,1.7.0,3
MRP,MRP,"Millrose Properties, Inc. Class A Common Stock",US,NYSE,Nasdaq Trader,MRP,NYSE,MRP,"Millrose Properties, Inc.",30.39,1020017.0,1107976.0333333334,4686991975.0,10.598821190667175,0.8623270344774749,9.90457387298454,8.11972623428877,0.425803457239745,,85.10919172223,62.5951458365931,228.2447129909365,890.4317789291885,6.818980667838317,10.068815646504891,-1.9677419354838688,-6.492307692307691,1.9650198184793548,0.17399319,MRP,NYSE:MRP,NYSE,33671391.653000005,ok,7,ok,2026-08-23T02:29:50.368137+00:00,,TradingView scanner close; exact exchange timestamp unavailable,TradingView scanner (unofficial/undocumented),TradingView scanner (unofficial/undocumented),True,0.6686081542478409,0.6555533239606347,0.4440650733078931,0.4010845551315525,0.660453808752026,0.9244828278770838,0.17399319,0.8815471394037067,54.23277766619803,90.30149836403952,66.0453808752026,65.02184832200909,0.0943501151694636,0.8736937755565652,0.9787296037296036,0.498085513720485,,0.9923566878980892,0.9847133757961783,0.9764059469941824,0.9850398936170212,0.911875,0.5549705791266646,92.14327930953895,75.75315391353543,98.07229203056018,1.0,83.26870811641626,ok,3.0,Other,concentration_guard_keyword_v1,False,1.0,research_candidate,True,3.0,0.0,unchanged,79.2864488245647,UNKNOWN,1.7.0,4
8622.T,8622,"Mito Securities Co.,Ltd.",JP,Prime Market (Domestic),JPX,8622,TSE,8622,"Mito Securities Co., Ltd.",920.0,505400.0,394076.6666666667,54146322327.0,12.996534728294728,1.2722514356043713,4.67391304347826,10.3343833292949,0.0853823725233602,97.5344186776946,29.0792022195467,22.3263361775637,35.37665650910637,128.699874646231,20.57667103538663,40.88820826952527,44.881889763779526,68.19012797074954,3.7181580697006456,0.20715041,8622,TSE:8622,TSE,362550533.3333334,ok,7,ok,2026-08-23T02:29:50.368137+00:00,,TradingView scanner close; exact exchange timestamp unavailable,TradingView scanner (unofficial/undocumented),TradingView scanner (unofficial/undocumented),True,0.95058061031596,0.9700243046178774,0.9608425600864164,0.9116932217121252,0.7112733171127331,0.2300837159060221,0.20715041,0.7782878746961923,94.82851741830947,50.41857953011073,71.12733171127331,80.17085509020437,0.0769435869565217,0.6162402669632926,0.9422382671480144,0.5125523012552301,0.9978094194961664,0.940625,0.925,0.9382259767687434,0.902155887230514,0.5660279647850854,0.7055758207399687,70.81688329654642,81.63125082982731,92.01909319996288,1.0,78.30291671384903,ok,1.0,Financials,concentration_guard_keyword_v1,False,1.0,research_candidate,True,1.0,0.0,unchanged,77.93371438957502,UNKNOWN,1.7.0,5
WSBC,WSBC,"WesBanco, Inc. - Common Stock",US,NASDAQ,Nasdaq Trader,WSBC,NASDAQ,WSBC,"WesBanco, Inc.",40.86,805883.0,914642.0,3918714782.000001,11.856537635656665,1.008163260270694,3.69554576603035,8.97967626046724,0.425155699281088,,44.145186873256286,33.69084618209212,31.111729811453465,107.17806901526994,-0.1710236989982904,17.684331797235025,12.40715268225584,31.891542930923173,1.9132415525440345,0.26497024,WSBC,NASDAQ:WSBC,NASDAQ,37372272.12,ok,7,ok,2026-08-23T02:29:50.368137+00:00,,TradingView scanner close; exact exchange timestamp unavailable,TradingView scanner (unofficial/undocumented),TradingView scanner (unofficial/undocumented),True,0.4386422976501306,0.7686282386021289,0.6551516368748744,0.7127937336814621,0.6746353322528363,0.9323157260494076,0.26497024,0.8227236099919419,64.3803976702149,87.75196680206747,67.46353322528364,70.68576028643835,0.0843416544297601,0.8200817810086325,0.8927738927738927,0.5223356732610083,,0.921656050955414,0.9238853503184712,0.8493859082094376,0.9115691489361702,0.8734375,0.555899659337256,86.20977245941751,73.09441834680375,88.04775285728039,1.0,80.25545294385375,ok,15.0,Other,concentration_guard_keyword_v1,False,4.0,research_candidate,True,14.0,-1.0,unchanged,77.85322896671778,UNKNOWN,1.7.0,6
BUSE,BUSE,First Busey Corporation - Common Stock,US,NASDAQ,Nasdaq Trader,BUSE,NASDAQ,BUSE,First Busey Corporation,30.3,520407.0,807044.5,2502081524.0000005,12.596657520578695,1.055237320435524,3.3993399339934,9.62271645071912,0.194339005742461,,38.07175706440997,29.2825054127096,35.64369018769773,114.88297302126142,1.3716962194713955,12.180673824509435,15.560640732265451,31.28249566724438,1.8354188621428216,0.252839,BUSE,NASDAQ:BUSE,NASDAQ,24453448.35,ok,7,ok,2026-08-23T02:29:50.368137+00:00,,TradingView scanner close; exact exchange timestamp unavailable,TradingView scanner (unofficial/undocumented),TradingView scanner (unofficial/undocumented),True,0.5095400682868045,0.6911026310504117,0.6913034745932918,0.7101827676240209,0.6187196110210696,0.9409519983932516,0.252839,0.8317888799355359,65.05322353886322,88.63704391643937,61.871961102106965,70.47198926774381,0.0793861386138613,0.7841890049977283,0.872086247086247,0.5443522654754308,,0.8789808917197452,0.882484076433121,0.8745959922430511,0.9188829787234044,0.860625,0.6986683183648188,83.89667506946584,75.1121387998279,89.67394854832277,1.0,80.74053329528338,ok,12.0,Other,concentration_guard_keyword_v1,False,3.0,research_candidate,True,9.0,-3.0,unchanged,77.74625246155641,UNKNOWN,1.7.0,7
ALL,ALL,Allstate Corporation (The) Common Stock,US,NYSE,Nasdaq Trader,ALL,NYSE,ALL,Allstate Corporation (The),253.83,2393154.0,1727603.066666667,64182935417.00001,5.069036996800774,2.0340353745700623,1.63889217192609,46.1077325571322,0.222327734583655,,23.8190969103326,18.9714416071403,5.918330363345314,135.47341938821094,1.3172075200574829,17.29667282809612,23.994919642420985,19.314656388079342,2.416642072997442,-0.06294563,ALL,NYSE:ALL,NYSE,438517486.412,ok,7,ok,2026-08-23T02:29:50.368137+00:00,,TradingView scanner close; exact exchange timestamp unavailable,TradingView scanner (unofficial/undocumented),TradingView scanner (unofficial/undocumented),True,0.5077324764008837,0.7638079935730067,0.7732476400883712,0.6318537859007833,0.9457050243111832,0.8588069893552922,0.06294563,0.9530620467365029,66.91604739907613,90.59345180458976,94.57050243111831,76.98356675526085,0.1972761296931016,0.980463425715584,0.7229020979020979,0.9483088704530952,,0.7439490445859872,0.7796178343949045,0.4266321913380737,0.9305186170212766,0.5796875,0.6779188603282751,76.10176745392273,78.74486524405656,67.85754041796751,1.0,75.9095911386382,ok,49.0,Other,concentration_guard_keyword_v1,False,15.0,research_candidate,True,51.0,2.0,unchanged,77.57723509590652,UNKNOWN,1.7.0,8
ADAM,ADAM,"Adamas Trust, Inc. - Common Stock",US,NASDAQ,Nasdaq Trader,ADAM,NASDAQ,ADAM,"Adamas Trust, Inc.",9.94,1329703.0,883055.5333333333,893405087.0,5.915610307683152,0.958598016647202,9.6579476861167,14.1663390179509,7.68861356787913,85.7378046727309,82.7120021934993,24.307676766705,42.502065003924365,785.3003161222339,12.063134160090195,11.310190369540871,20.048309178743963,42.203147353361935,2.613347083106907,0.80263054,ADAM,NASDAQ:ADAM,NASDAQ,8777572.001333334,ok,7,ok,2026-08-23T02:29:50.368137+00:00,,TradingView scanner close; exact exchange timestamp unavailable,TradingView scanner (unofficial/undocumented),TradingView scanner (unofficial/undocumented),True,0.7684273950592488,0.6774452701345651,0.7360915846555534,0.7662181160875677,0.4914910858995138,0.829082145009038,0.80263054,0.5491539081385979,73.70455914842337,68.9118026573818,49.14910858995138,68.82305244189217,0.1690442655935613,0.9691049522944116,0.977855477855478,0.6895341416719847,0.9298181818181818,0.99171974522293,0.8321656050955414,0.8943115707821591,0.9840425531914894,0.8909374999999999,0.0269433261071538,94.596597671663,69.40361999831583,93.91770619868242,1.0,81.17604992810197,ok,8.0,Other,concentration_guard_keyword_v1,False,2.0,research_candidate,True,8.0,0.0,unchanged,76.88029255108522,UNKNOWN,1.7.0,9
AU,AU,AngloGold Ashanti PLC Ordinary Shares,US,NYSE,Nasdaq Trader,AU,NYSE,AU,AngloGold Ashanti PLC,121.22,6157093.0,2716587.4333333317,61217006955.0,16.223016287255255,6.834543934299972,3.79475334103283,46.5033897271069,0.199955342190466,57.6913319238764,50.6807610993709,32.1945031712553,138.98544866609828,9056.985294117649,50.08047542404359,33.01876440250193,13.004567912743546,125.148588410104,3.8980599651190544,1.9900014,AU,NYSE:AU,NYSE,329304728.6686664,ok,7,ok,2026-08-23T02:29:50.368137+00:00,,TradingView scanner close; exact exchange timestamp unavailable,TradingView scanner (unofficial/undocumented),TradingView scanner (unofficial/undocumented),True,0.9781080538260696,0.8835107451295441,0.6627836915043182,0.9343241614782084,0.9254457050243112,0.6278369150431813,1.9900014,0.2076954069298953,86.46816629845351,41.77661609865383,92.54457050243111,76.20673937910023,0.0616408183468074,0.6665152203543844,0.8980186480186481,0.9489470325462668,0.7290909090909091,0.9506369426751592,0.9117834394904458,0.9650937297996122,0.999002659574468,0.1781249999999999,0.6940229173118613,58.08862894576775,84.68962482229286,98.204819468704,1.0,74.57224469532206,ok,74.0,Other,concentration_guard_keyword_v1,False,29.0,research_candidate,True,79.0,5.0,unchanged,76.10095639864963,UNKNOWN,1.7.0,10
EXE,EXE,Expand Energy Corporation - Common Stock,US,NASDAQ,Nasdaq Trader,EXE,NASDAQ,EXE,Expand Energy Corporation,96.09,4723822.0,3333653.933333333,22245197774.0,8.294131356115077,1.1601579379541886,2.39358934332397,14.8927624708812,0.192065945388975,48.6857778130708,21.5278329230525,22.0836972921464,42.48698800633628,2897.490297542044,6.024495200264822,-1.243576567317568,-7.9377245508982,2.2234042553191524,2.6840887680922747,-0.41304198,EXE,NASDAQ:EXE,NASDAQ,320330806.454,ok,7,ok,2026-08-23T02:29:50.368137+00:00,,TradingView scanner close; exact exchange timestamp unavailable,TradingView scanner (unofficial/undocumented),TradingView scanner (unofficial/undocumented),True,0.6485237999598313,0.4269933721630849,0.368748744727857,0.4890540269130347,0.9228119935170178,0.8170315324362322,0.41304198,0.7393231265108784,48.33299859409521,77.81773294735552,92.2811993517018,62.29641229605127,0.1205671766052658,0.9291231258518856,0.7937062937062938,0.7045309508615188,0.641090909090909,0.7111464968152866,0.8114649681528663,0.8939883645765999,0.995345744680851,0.8265625,0.7014555589965934,84.9797306519393,71.39377767834348,94.46670546287254,1.0,76.9093279063628,ok,38.0,Other,concentration_guard_keyword_v1,False,10.0,research_candidate,True,32.0,-6.0,unchanged,76.01208708157999,UNKNOWN,1.7.0,11
DBRG,DBRG,"DigitalBridge Group, Inc.",US,NYSE,Nasdaq Trader,DBRG,NYSE,DBRG,"DigitalBridge Group, Inc.",15.93,3207737.0,3091589.9,3031164154.0,10.350877192982455,1.9175120732241648,0.251098556183302,15.873708408532,0.136298772311674,95.9025496623846,34.5550360899258,58.0192669448442,99.25070006975665,,0.5047318611987386,1.4649681528662448,3.240440699935191,42.4865831842576,0.2880108409677783,0.6465367,DBRG,NYSE:DBRG,NYSE,49249027.107,ok,6,ok,2026-08-23T02:29:50.368137+00:00,,TradingView scanner close; exact exchange timestamp unavailable,TradingView scanner (unofficial/undocumented),TradingView scanner (unofficial/undocumented),True,0.4719823257682266,0.498091986342639,0.5344446676039365,0.7670214902590882,0.7104943273905997,0.983129142398072,0.6465367,0.621676067687349,56.78851174934726,80.24026050427105,71.04943273905997,64.79058708653511,0.0966101694915254,0.8832348932303499,0.5635198135198135,0.7300574345883855,0.9778181818181818,0.8442675159235669,0.982484076433121,0.9541047188106012,,0.6059375,0.7475998761226386,68.42307355833879,85.64454169771787,95.41047188106012,1.0,78.15331402826892,ok,24.0,Other,concentration_guard_keyword_v1,False,6.0,research_candidate,True,26.0,2.0,unchanged,75.62377853278646,UNKNOWN,1.7.0,12
B,B,Barrick Mining Corporation Common Shares,US,NYSE,Nasdaq Trader,B,NYSE,B,Barrick Mining Corporation,47.6,11522435.0,10236323.6,78344094494.40512,12.571095354399253,2.8725628018508305,1.92768303843807,24.8696483889975,0.171464147073903,53.1786772541595,52.1573946646441,31.6167671033813,42.40158829061854,132.02622249078243,28.71822606814496,15.576059244870702,-1.9567456230689924,91.01123595505618,3.002249273229105,1.7052038,B,NYSE:B,NYSE,487249003.36,ok,7,ok,2026-08-23T02:29:50.368137+00:00,,TradingView scanner close; exact exchange timestamp unavailable,TradingView scanner (unofficial/undocumented),TradingView scanner (unofficial/undocumented),True,0.9220727053625226,0.7413135167704358,0.4442659168507732,0.8967664189596305,0.9513776337115072,0.7640088371158867,1.7052038,0.2641015310233682,75.11046394858406,51.40551840696275,95.13776337115073,72.18832247656373,0.07954756302521,0.7846433439345752,0.75,0.8538608806636886,0.6869090909090909,0.9544585987261146,0.9079617834394904,0.8936651583710408,0.929188829787234,0.4409375,0.7194177764013627,65.85269479781918,82.45216260279496,91.14269940791374,1.0,74.2821515850683,ok,80.0,Other,concentration_guard_keyword_v1,False,33.0,research_candidate,True,82.0,2.0,unchanged,75.57907327918619,UNKNOWN,1.7.0,13
3932.T,3932,Akatsuki Inc.,JP,Prime Market (Domestic),JPX,3932,TSE,3932,"Akatsuki, Inc.",3730.0,271800.0,79950.0,44880361595.0,7.003736014355969,1.1550135977149756,3.08310991957105,19.189421087165,0.897367269732609,57.0197774599742,34.3123234155359,26.5234225121211,31.304387652285428,925.4999711166312,26.87074829931973,13.030303030303031,21.696574225122347,18.9792663476874,3.6016381658494128,0.24046876,3932,TSE:3932,TSE,298213500.0,ok,7,ok,2026-08-23T02:29:50.368137+00:00,,TradingView scanner close; exact exchange timestamp unavailable,TradingView scanner (unofficial/undocumented),TradingView scanner (unofficial/undocumented),True,0.9738050229543612,0.7680259249257358,0.875506346205779,0.6762084796111261,0.687212760205461,0.2465568458007021,0.24046876,0.7402106400216041,82.33864434242506,49.33837429111531,68.7212760205461,72.04597158131578,0.1427809383378016,0.9549499443826474,0.6977823620422898,0.8294979079497908,0.8548740416210295,0.9640625,0.9552083333333332,0.9303062302006336,0.9894969596462134,0.6198860693940964,0.2037519541427827,75.75394586063445,76.14789474093872,95.99015949234236,1.0,76.92504484389282,ok,2.0,Other,concentration_guard_keyword_v1,False,1.0,research_candidate,True,3.0,1.0,unchanged,75.5195046583729,UNKNOWN,1.7.0,14
NWFL,NWFL,Norwood Financial Corp. - Common Stock,US,NASDAQ,Nasdaq Trader,NWFL,NASDAQ,NWFL,Norwood Financial Corp.,33.77,24441.0,37387.76666666667,368163039.0,11.640011029918655,1.2699661467715333,3.76073437962689,11.1962567831245,0.226187681259495,,40.144100054377375,27.99852404256972,42.39417378943676,1121.5578947368422,11.122079631457725,12.41677762982691,10.830324909747308,34.434713375796186,2.9976160038139263,0.14065889,NWFL,NASDAQ:NWFL,NASDAQ,1262584.8803333335,ok,7,ok,2026-08-23T02:29:50.368137+00:00,,TradingView scanner close; exact exchange timestamp unavailable,TradingView scanner (unofficial/undocumented),TradingView scanner (unofficial/undocumented),True,0.7551717212291624,0.6953203454508937,0.6392849969873469,0.7294637477405101,0.2785656401944895,0.7648122112874072,0.14065889,0.902497985495568,70.48102028519783,83.36550983914877,27.85656401944895,67.30847423382322,0.0859105715131773,0.8305315765561109,0.8968531468531469,0.5979578813018507,,0.8971337579617834,0.8659235668789809,0.8933419521654816,0.9896941489361702,0.785625,0.6760606999070919,83.7669907803086,75.92689765124267,94.1518050550826,1.0,81.83081263755633,ok,5.0,Financials,concentration_guard_keyword_v1,False,2.0,research_candidate,True,5.0,0.0,unchanged,75.44823537942942,UNKNOWN,1.7.0,15
INCY,INCY,Incyte Corporation - Common Stock,US,NASDAQ,Nasdaq Trader,INCY,NASDAQ,INCY,Incyte Corporation,127.81,1367411.0,1733968.433333333,25906799432.0,16.288998776508972,4.048743308850595,0.0,30.6672829098088,0.0060315927663759,91.4195991772532,31.6133777126331,27.7064127171782,26.925519673299608,78.375920705647,9.925174163584764,31.356628982528267,25.760110203680025,49.10172655156323,3.402927418476968,0.19984482,INCY,NASDAQ:INCY,NASDAQ,221618505.46433333,ok,7,ok,2026-08-23T02:29:50.368137+00:00,,TradingView scanner close; exact exchange timestamp unavailable,TradingView scanner (unofficial/undocumented),TradingView scanner (unofficial/undocumented),True,0.7296645912833902,0.8746736292428199,0.7861016268326974,0.7961438039767021,0.8881685575364667,0.7045591484233782,0.19984482,0.8654311039484287,79.66459128339022,78.49951261859034,88.81685575364668,80.74616128772871,0.0613911274548157,0.6646978646069969,0.2714160839160839,0.8956604977664326,0.9585454545454546,0.8207006369426751,0.8624203821656051,0.8244990303813833,0.8530585106382979,0.3199999999999999,0.936822545679777,41.87046495076936,89.48299034199889,83.87787705098407,1.0,73.33855481868596,ok,93.0,Other,concentration_guard_keyword_v1,False,41.0,research_candidate,True,,,new_entry,75.44190334103253,UNKNOWN,1.7.0,16
FRO,FRO,Frontline Plc Ordinary Shares,US,NYSE,Nasdaq Trader,FRO,NYSE,FRO,Frontline Plc,43.67,1927465.0,1895053.2333333332,9721941386.000002,10.743456012595946,3.4217138970790457,7.16739180215251,35.0025393757971,0.926032152068387,41.4713877094178,38.6316112068506,40.1919626201432,18.5080537767639,159.99744147371118,12.291077397788635,15.01185146168028,29.277679100059206,123.94871794871794,3.322812084144382,0.8329483,FRO,NYSE:FRO,NYSE,82756974.69966668,ok,7,ok,2026-08-23T02:29:50.368137+00:00,,TradingView scanner close; exact exchange timestamp unavailable,TradingView scanner (unofficial/undocumented),TradingView scanner (unofficial/undocumented),True,0.7716408917453303,0.7338823056838722,0.8091986342639084,0.933119100220928,0.7797811993517018,0.7154046997389034,0.8329483,0.5370668815471393,81.19602329785097,62.623579064302135,77.97811993517017,76.07022673506164,0.0930799175635447,0.8677873693775556,0.9647435897435898,0.9186343331206126,0.5632727272727273,0.8837579617834395,0.9538216560509554,0.7369101486748546,0.9401595744680852,0.375,0.3415918240941468,73.58436530403819,73.22157004643763,83.85348615714699,1.0,75.04512142337131,ok,62.0,Other,concentration_guard_keyword_v1,False,23.0,research_candidate,True,61.0,-1.0,unchanged,75.36976350639975,UNKNOWN,1.7.0,17
8624.T,8624,"Ichiyoshi Securities Co.,Ltd.",JP,Prime Market (Domestic),JPX,8624,TSE,8624,"Ichiyoshi Securities Co., Ltd.",1705.0,136200.0,152913.33333333334,53884390888.0,9.386828160484482,1.780964158843159,5.21994134897361,20.1794031395549,0.0854359473940575,98.0420594633793,30.0398839738941,21.2073966642495,49.55804999728865,399.9559601108704,9.294871794871796,36.4,28.77643504531722,109.20245398773008,3.8644232529362577,0.957072,8624,TSE:8624,TSE,260717233.3333333,ok,7,ok,2026-08-23T02:29:50.368137+00:00,,TradingView scanner close; exact exchange timestamp unavailable,TradingView scanner (unofficial/undocumented),TradingView scanner (unofficial/undocumented),True,0.8123143397245477,0.959492303537672,0.9119632730218742,0.9589522009181743,0.668559070018924,0.2128004320820956,0.957072,0.2149608425600864,91.06805293005672,21.388063732109103,66.8559070018924,70.01623374134516,0.1065322580645161,0.8609566184649611,0.9726663228468284,0.8478033472803347,0.9983570646221248,0.9489583333333332,0.9151041666666668,0.9672650475184794,0.9740187949143172,0.3915069911962714,0.7045336112558624,74.1709977502687,88.29513046316644,97.06419212163983,1.0,76.89778797701163,ok,3.0,Financials,concentration_guard_keyword_v1,False,2.0,research_candidate,True,2.0,-1.0,unchanged,75.16026530694995,UNKNOWN,1.7.0,18
LPG,LPG,Dorian LPG Ltd. Common Stock,US,NYSE,Nasdaq Trader,LPG,NYSE,LPG,Dorian LPG Ltd.,51.13,850007.0,597922.8,2187478500.0,6.784496370898187,1.7690615254894675,0.0,28.34202271141,0.522626703958592,60.4981674109806,52.0196533903233,55.0030051738041,81.05922022373736,555.6725247955454,14.6155570499888,12.201009436032482,46.00228440890919,66.98236446766819,4.212316863531501,0.5616165,LPG,NYSE:LPG,NYSE,30571792.764,ok,7,ok,2026-08-23T02:29:50.368137+00:00,,TradingView scanner close; exact exchange timestamp unavailable,TradingView scanner (unofficial/undocumented),TradingView scanner (unofficial/undocumented),True,0.8045792327776662,0.691504318136172,0.8760795340429806,0.8485639686684073,0.6462722852512156,0.5828479614380397,0.5616165,0.6655922643029815,80.51817634063066,62.42201128705106,64.62722852512157,73.61049290490939,0.147394875806767,0.9563834620626988,0.2714160839160839,0.8803446075303127,0.7563636363636363,0.953184713375796,0.9805732484076431,0.942469295410472,0.979720744680851,0.6403125000000001,0.5057293279653143,62.270401532626096,81.52391067285404,96.10950200456614,1.0,76.61150659643552,ok,41.0,Other,concentration_guard_keyword_v1,False,12.0,research_candidate,True,48.0,7.0,unchanged,75.1049475554769,UNKNOWN,1.7.0,19
CGAU,CGAU,Centerra Gold Inc. Common Shares,US,NYSE,Nasdaq Trader,CGAU,NYSE,CGAU,Centerra Gold Inc.,23.75,1905093.0,1581131.2,4645678973.577546,7.781113445554353,2.151877128355979,0.856531049250536,32.593378769211,0.0211141762855162,32.7363576320396,26.6964611990576,37.7524091046125,36.2340457551393,776.8864473652648,44.37689969604864,43.41787439613528,25.329815303430085,228.94736842105263,4.018295267143169,1.9837945,CGAU,NYSE:CGAU,NYSE,37551866.0,ok,7,ok,2026-08-23T02:29:50.368137+00:00,,TradingView scanner close; exact exchange timestamp unavailable,TradingView scanner (unofficial/undocumented),TradingView scanner (unofficial/undocumented),True,0.9686684073107048,0.9216710182767625,0.7808796947178148,0.9740911829684676,0.6756482982171799,0.608355091383812,1.9837945,0.2085012087026591,91.13275758184376,40.84281500432356,67.56482982171799,75.02508277344484,0.1285163115789473,0.9409359382099046,0.6317016317016317,0.9055520102105936,0.4352727272727272,0.7773885350318471,0.9468152866242038,0.8768584356819651,0.9837101063829788,0.55375,0.8897491483431403,70.87958566371788,79.09555414965024,93.0284271032472,1.0,75.89580626191656,ok,50.0,Other,concentration_guard_keyword_v1,False,16.0,research_candidate,True,52.0,2.0,unchanged,75.05874877734979,UNKNOWN,1.7.0,20
AGEN,AGEN,Agenus Inc. - Common Stock,US,NASDAQ,Nasdaq Trader,AGEN,NASDAQ,AGEN,Agenus Inc.,8.09,1517511.0,7897464.166666667,364215082.0,3.0516786118445878,,0.0,,,95.9530645927065,27.0413661609882,69.342015027168,30.467229072031166,,45.242369838420096,145.15151515151516,153.6050156739812,80.98434004474274,10.438521066171877,0.9650915,AGEN,NASDAQ:AGEN,NASDAQ,63890485.10833333,ok,4,partial,2026-08-23T02:29:50.368137+00:00,,TradingView scanner close; exact exchange timestamp unavailable,TradingView scanner (unofficial/undocumented),TradingView scanner (unofficial/undocumented),True,0.970676842739506,0.9947780678851176,0.983329985940952,0.8794938742719421,0.7475688816855753,0.1279373368146213,0.9650915,0.4858984689766318,95.70696927093792,30.69179028956266,74.75688816855754,76.31066236023705,0.3276885043263287,0.9931849159472966,0.2714160839160839,,0.9781818181818182,0.7805732484076433,0.9904458598726116,0.8464770523594053,,,,63.23004999316903,91.6400308820691,84.64770523594053,1.0,74.60687520007272,fundamental_partial,73.0,Other,concentration_guard_keyword_v1,False,28.0,research_candidate,True,81.0,8.0,unchanged,74.89202317491645,UNKNOWN,1.7.0,21
8707.T,8707,"IwaiCosmo Holdings,Inc.",JP,Prime Market (Domestic),JPX,8707,TSE,8707,"IwaiCosmo Holdings, Inc.",4600.0,128000.0,118013.33333333331,108049550629.0,9.269753037657768,1.4517720534826513,4.89130434782609,16.5637589614966,0.36296943231441,97.1910112359551,45.1109893121403,31.9429980816662,38.7610754078412,64.54057796384359,5.747126436781609,23.324396782841823,17.496807151979567,78.64077669902913,2.8241311796252546,0.81045336,8707,TSE:8707,TSE,542861333.3333333,ok,7,ok,2026-08-23T02:29:50.368137+00:00,,TradingView scanner close; exact exchange timestamp unavailable,TradingView scanner (unofficial/undocumented),TradingView scanner (unofficial/undocumented),True,0.6957871995679179,0.906832298136646,0.8422900351066702,0.9308668647042938,0.7666937010002703,0.4072373751012692,0.81045336,0.2857142857142857,84.3944099378882,34.64758304077775,76.66937010002704,70.79894723793142,0.1078777391304347,0.8692992213570634,0.959257349149046,0.7698744769874477,0.9961664841182912,0.9869791666666666,0.9734375,0.9477296726504753,0.7899391929242675,0.4867944070429829,0.4236581552892131,77.17836591830306,83.00231566123237,86.88344327873713,1.0,75.27815799743118,ok,5.0,Other,concentration_guard_keyword_v1,False,2.0,research_candidate,True,6.0,1.0,unchanged,74.81160926141466,UNKNOWN,1.7.0,22
2121.T,2121,"MIXI,Inc.",JP,Prime Market (Domestic),JPX,2121,TSE,2121,MIXI Inc.,3530.0,493800.0,395906.6666666667,221850799179.0,10.831613213831696,1.2179877075780996,3.39943342776204,11.8686288035564,0.234502604760113,66.0718580154875,13.3647571866032,11.5856754257986,19.884292331644065,34.88794171015336,20.068027210884352,32.9066265060241,34.27158615443134,8.782742681047766,2.6996208475253827,0.09099365,2121,TSE:2121,TSE,1397550533.3333335,ok,7,ok,2026-08-23T02:29:50.368137+00:00,,TradingView scanner close; exact exchange timestamp unavailable,TradingView scanner (unofficial/undocumented),TradingView scanner (unofficial/undocumented),True,0.9476100459087228,0.95058061031596,0.9354577369700244,0.5503645692681609,0.8532035685320357,0.4439643532271131,0.09099365,0.9125033756413718,84.6003240615717,67.82338644342425,85.32035685320358,80.51409457577962,0.0923223512747875,0.760845383759733,0.7653429602888087,0.5962343096234309,0.9058050383351588,0.7302083333333333,0.7614583333333333,0.8262935586061246,0.6379215035931454,0.5867426204039358,0.5190203230849401,70.43103214841592,70.25452675420394,73.2107531099635,1.0,72.67709692339704,ok,10.0,Other,concentration_guard_keyword_v1,False,4.0,research_candidate,True,10.0,0.0,unchanged,74.74433321116683,UNKNOWN,1.7.0,23
ACNB,ACNB,ACNB Corporation - Common Stock,US,NASDAQ,Nasdaq Trader,ACNB,NASDAQ,ACNB,ACNB Corporation,64.45,224967.0,72025.76666666666,655451925.9999999,12.219862727996665,1.548510546690296,2.35841737781226,13.3406644428968,0.7733929630338381,,42.9819885708619,33.836198881878246,24.94951691571655,95.53627701775854,5.431048584982824,17.673909074310753,26.37254901960785,46.01268690530132,2.3224044258164382,0.25464264,ACNB,NASDAQ:ACNB,NASDAQ,4642060.661666666,ok,7,ok,2026-08-23T02:29:50.368137+00:00,,TradingView scanner close; exact exchange timestamp unavailable,TradingView scanner (unofficial/undocumented),TradingView scanner (unofficial/undocumented),True,0.6324563165294236,0.7684273950592488,0.789716810604539,0.7848965655754168,0.4153160453808752,0.8734685679855393,0.25464264,0.830177276390008,74.38742719421569,85.18229221877736,41.53160453808752,72.1577700519369,0.081833979829325,0.8059972739663789,0.7913752913752914,0.6697511167836631,,0.914968152866242,0.9245222929936304,0.808338720103426,0.8939494680851063,0.6978125,0.3954784763084547,76.50616884472234,72.61800097379975,85.11440940942661,1.0,78.2393822484648,ok,23.0,Other,concentration_guard_keyword_v1,False,5.0,research_candidate,True,23.0,0.0,unchanged,74.3999851005869,UNKNOWN,1.7.0,24
ASB,ASB,Associated Banc-Corp Common Stock,US,NYSE,Nasdaq Trader,ASB,NYSE,ASB,Associated Banc-Corp,30.84,1360660.0,1699618.0333333334,5824123394.0,10.778317547967706,1.069076780789342,3.08041504539559,9.65811666389126,1.01716014354423,,38.85975547043735,31.36155531522996,20.10946956212174,276.83392598445937,-0.2909796314257997,9.985734664764625,9.168141592920351,22.868525896414337,1.8312223957231968,0.5733191,ASB,NYSE:ASB,NYSE,52416220.148,ok,7,ok,2026-08-23T02:29:50.368137+00:00,,TradingView scanner close; exact exchange timestamp unavailable,TradingView scanner (unofficial/undocumented),TradingView scanner (unofficial/undocumented),True,0.4362321751355694,0.6529423579031934,0.6153846153846154,0.6547499497891143,0.7173824959481362,0.941554529021892,0.5733191,0.6597502014504432,58.98272745531232,80.06523652361676,71.73824959481362,66.16668304331363,0.0927788586251621,0.8659700136301681,0.8554778554778555,0.5453095086151882,,0.8863057324840764,0.9047770700636942,0.755656108597285,0.9617686170212766,0.856875,0.3103127903375657,85.94409563693412,66.16762753751311,85.87123628092807,1.0,76.05937264663679,ok,47.0,Other,concentration_guard_keyword_v1,False,14.0,research_candidate,True,45.0,-2.0,unchanged,74.283186006115,UNKNOWN,1.7.0,25
HCI,HCI,"HCI Group, Inc. Common Stock",US,NYSE,Nasdaq Trader,HCI,NYSE,HCI,"HCI Group, Inc.",182.52,191023.0,163203.3,2270342162.0,7.865546218487396,2.1076027508303623,0.876616261231646,33.7631072523805,0.0624728565092059,,51.0373605229549,32.5969827586207,22.82749056664624,105.64880625321256,2.2979486604640864,15.285497726124316,16.72315661571913,12.264731209250828,2.76616691877993,0.8216852,HCI,NYSE:HCI,NYSE,29787866.316,ok,7,ok,2026-08-23T02:29:50.368137+00:00,,TradingView scanner close; exact exchange timestamp unavailable,TradingView scanner (unofficial/undocumented),TradingView scanner (unofficial/undocumented),True,0.5424784093191404,0.7356898975697931,0.7025507129945773,0.5820445872665194,0.6434359805510534,0.8029724844346254,0.8216852,0.5417002417405319,64.06909017875076,67.23363630875787,64.34359805510535,64.90140289270572,0.1271367521367521,0.93866424352567,0.634032634032634,0.9109763880025528,,0.9509554140127388,0.9152866242038216,0.7850678733031674,0.9105718085106383,0.5628124999999999,0.8182099721275937,71.18364591861014,89.88570995866768,84.78198409069029,1.0,76.91914476058382,ok,37.0,Other,concentration_guard_keyword_v1,False,9.0,research_candidate,True,37.0,0.0,unchanged,74.26439207663348,UNKNOWN,1.7.0,26
HTGC,HTGC,"Hercules Capital, Inc. Common Stock",US,NYSE,Nasdaq Trader,HTGC,NYSE,HTGC,"Hercules Capital, Inc.",17.13,1913484.0,1608496.0333333334,3206119188.0,8.604148877392134,1.410105177547306,9.34033858727379,17.1598757627833,1.03330695193749,97.9921191988077,82.6554785423897,64.1577309240341,44.00340653324412,32.06633499170811,5.806053119209374,10.019267822736024,10.373711340206182,-10.31413612565446,1.7821481284006069,0.958974,HTGC,NYSE:HTGC,NYSE,27553537.051,ok,7,ok,2026-08-23T02:29:50.368137+00:00,,TradingView scanner close; exact exchange timestamp unavailable,TradingView scanner (unofficial/undocumented),TradingView scanner (unofficial/undocumented),True,0.6410925888732677,0.6545491062462342,0.6320546294436634,0.3747740510142598,0.6308752025931929,0.9463747740510142,0.958974,0.4883158742949234,57.56175938943563,71.73453241729688,63.08752025931928,61.93381677688349,0.1162230005837711,0.9241253975465696,0.9763986013986014,0.757498404594767,0.9887272727272728,0.9914012738853504,0.9869426751592356,0.8988364576599871,0.6675531914893617,0.7396875,0.3038092288634252,88.00704996483904,80.56757710460101,78.31948245746744,1.0,77.20199702986338,ok,32.0,Other,concentration_guard_keyword_v1,False,7.0,research_candidate,True,36.0,4.0,unchanged,74.04413154892171,UNKNOWN,1.7.0,27
BTG,BTG,B2Gold Corp Common shares (Canada),US,NYSE American,Nasdaq Trader,BTG,AMEX,BTG,B2Gold Corp,5.52,28118949.0,23104101.53333333,7294056163.111693,10.367458800620245,1.838189848673818,1.45532194480946,22.114772842523,0.114828832816323,49.1287018974641,45.9447234537332,21.347402029763,65.31154922572104,,42.268041237113394,18.96551724137931,8.661417322834636,45.26315789473684,4.057061064893942,2.7983308,BTG,AMEX:BTG,AMEX,127534640.464,ok,6,ok,2026-08-23T02:29:50.368137+00:00,,TradingView scanner close; exact exchange timestamp unavailable,TradingView scanner (unofficial/undocumented),TradingView scanner (unofficial/undocumented),True,0.9644506929102228,0.7858003615183772,0.6085559349266921,0.7816830688893353,0.8322528363047001,0.6033340028118096,2.7983308,0.1025382755842062,78.51225145611569,35.29361391980079,83.22528363047002,68.41454689819011,0.096455652173913,0.8823262153566561,0.7074592074592074,0.8318442884492662,0.6469090909090909,0.9331210191082804,0.8054140127388535,0.9282482223658696,,0.6231249999999999,0.7689687209662435,73.76368076052877,79.7251426434347,92.82482223658694,1.0,74.00805010469573,ok,83.0,Other,concentration_guard_keyword_v1,False,34.0,research_candidate,True,86.0,3.0,unchanged,73.94050875852099,UNKNOWN,1.7.0,28
AFL,AFL,AFLAC Incorporated Common Stock,US,NYSE,Nasdaq Trader,AFL,NYSE,AFL,AFLAC Incorporated,116.07,1993064.0,2044624.8,58190919319.0,12.43878130592736,1.923230828957722,2.05048677522185,16.9077757685353,0.287971760358934,,33.3610050362499,26.9079639160994,13.570081709616591,110.97696081756314,-6.228793019873977,-1.8933310793677705,2.156310508713245,7.611718894863706,1.713932184043402,-0.020525066,AFL,NYSE:AFL,NYSE,237319600.536,ok,7,ok,2026-08-23T02:29:50.368137+00:00,,TradingView scanner close; exact exchange timestamp unavailable,TradingView scanner (unofficial/undocumented),TradingView scanner (unofficial/undocumented),True,0.2731472183169311,0.4153444466760393,0.5193814018879293,0.5428800964049005,0.8954619124797407,0.9536051415946978,0.020525066,0.9824738114423852,43.76882908214501,96.80394765185414,89.54619124797406,63.89421304944665,0.0803937279228052,0.7905497501135847,0.7601981351981352,0.7520740268028079,,0.8337579617834395,0.8547770700636943,0.6531997414350356,0.915558510638298,0.604375,0.6382781046763704,71.83742951039066,76.9721790831578,78.43791260366667,1.0,73.97590117922033,ok,84.0,Other,concentration_guard_keyword_v1,False,35.0,research_candidate,True,87.0,3.0,unchanged,73.75658569826422,UNKNOWN,1.7.0,29
DAC,DAC,Danaos Corporation Common Stock,US,NYSE,Nasdaq Trader,DAC,NYSE,DAC,Danaos Corporation,149.75,99792.0,118720.7,2725983948.0,5.068659606083068,0.67195278498516,2.40400667779633,14.1397151814653,0.298441459777871,55.1041975692448,48.4236486351999,51.2575078454962,2.4516030052364384,21.81307671375208,13.104229607250751,13.33535154771816,39.30232558139535,61.83940343672322,2.965872170207557,0.4496254,DAC,NYSE:DAC,NYSE,17778424.825,ok,7,ok,2026-08-23T02:29:50.368137+00:00,,TradingView scanner close; exact exchange timestamp unavailable,TradingView scanner (unofficial/undocumented),TradingView scanner (unofficial/undocumented),True,0.7840931914038963,0.7101827676240209,0.8515766218116088,0.8337015464952802,0.5810372771474879,0.77083751757381,0.4496254,0.7244157937147462,79.48885318337014,74.7626655644278,58.10372771474879,75.09953745834135,0.19729081803005,0.9809177646524307,0.7945804195804196,0.688895979578813,0.7021818181818181,0.9436305732484076,0.9754777070063694,0.3015513897866839,0.5851063829787234,0.9559375,0.6320842366057603,91.047856141095,78.84540629242338,44.33288863827036,1.0,74.47762114820335,ok,75.0,Other,concentration_guard_keyword_v1,False,30.0,research_candidate,True,74.0,-1.0,unchanged,73.5511290252573,UNKNOWN,1.7.0,30
AUPH,AUPH,Aurinia Pharmaceuticals Inc - Common Shares,US,NASDAQ,Nasdaq Trader,AUPH,NASDAQ,AUPH,Aurinia Pharmaceuticals Inc,16.65,1248763.0,1163456.933333333,2215302063.0,7.278688524590163,3.5990117308328307,0.0,66.1177795439022,0.104309245621796,90.3578410758042,45.1505102614109,100.836899331336,19.75925662534958,434.9625818521984,7.005141388174795,6.76498877845462,15.70535093815148,40.03364171572749,3.665498524957076,0.08614331,AUPH,NASDAQ:AUPH,NASDAQ,19371557.94,ok,7,ok,2026-08-23T02:29:50.368137+00:00,,TradingView scanner close; exact exchange timestamp unavailable,TradingView scanner (unofficial/undocumented),TradingView scanner (unofficial/undocumented),True,0.6740309299056035,0.5944968869250854,0.6921068487648122,0.7567784695722033,0.5915721231766613,0.6631853785900783,0.08614331,0.9383561643835616,67.93532837919261,80.077077148682,59.15721231766613,69.65404816233598,0.1373873873873874,0.9482053611994548,0.2714160839160839,0.9687300574345884,0.9523636363636364,0.9264331210191082,0.9945859872611464,0.7508080155138979,0.976063829787234,0.3575,0.7764013626509756,52.57071483718463,92.3702832945891,86.34359226505659,1.0,75.70582881513594,ok,54.0,Other,concentration_guard_keyword_v1,False,19.0,research_candidate,True,46.0,-8.0,unchanged,73.45408694602068,UNKNOWN,1.7.0,31
ABUS,ABUS,Arbutus Biopharma Corporation - Common Stock,US,NASDAQ,Nasdaq Trader,ABUS,NASDAQ,ABUS,Arbutus Biopharma Corporation,5.21,18070384.0,2016808.933333333,1030787171.0,6.6504978299719175,3.979681472711301,0.0,89.5814860017788,0.0140105823377768,99.9757869249395,81.1297600704537,84.2251815980768,1078.7752983941552,,15.52106430155211,17.34234234234233,24.04761904761904,51.45348837209303,4.06020420321079,1.1849545,ABUS,NASDAQ:ABUS,NASDAQ,10507574.542666666,ok,6,ok,2026-08-23T02:29:50.368137+00:00,,TradingView scanner close; exact exchange timestamp unavailable,TradingView scanner (unofficial/undocumented),TradingView scanner (unofficial/undocumented),True,0.8170315324362322,0.7642096806587668,0.7734484836312513,0.8043783892347861,0.5149918962722853,0.6031331592689295,1.1849545,0.4043110394842868,78.9767021490259,50.37220993766082,51.499189627228525,67.70395221791502,0.1503646833013435,0.9582008178100864,0.2714160839160839,0.9760689215060624,0.9970909090909092,0.9898089171974522,0.9929936305732484,0.9919198448610214,,0.3278124999999999,0.90802105915144,51.91431339087234,97.27966875038226,99.19198448610214,1.0,76.53922924553709,ok,42.0,Other,concentration_guard_keyword_v1,False,13.0,research_candidate,True,67.0,25.0,rank_up,73.2186849843434,UNKNOWN,1.7.0,32
SB,SB,"Safe Bulkers, Inc Common Stock ($0.001 par value)",US,NYSE,Nasdaq Trader,SB,NYSE,SB,"Safe Bulkers, Inc",8.53,1144265.0,881724.0666666667,868639499.0,11.023520289480484,0.998051868275874,2.46189917936694,10.3192925594792,0.587684826422882,44.2388430531421,33.2840106797015,28.2875716668914,10.807256007471452,81.30271790065605,14.959568733153631,25.07331378299119,41.93011647254575,105.54216867469876,3.588326803054333,0.54372615,SB,NYSE:SB,NYSE,7521106.288666666,ok,7,ok,2026-08-23T02:29:50.368137+00:00,,TradingView scanner close; exact exchange timestamp unavailable,TradingView scanner (unofficial/undocumented),TradingView scanner (unofficial/undocumented),True,0.8096003213496686,0.8447479413536855,0.8636272343844146,0.9134364330186784,0.4698136142625608,0.6764410524201647,0.54372615,0.6714343271555198,85.78529825266118,67.39376897878422,46.98136142625608,75.36682541023117,0.0907151230949589,0.8559745570195366,0.8018648018648019,0.5682833439693682,0.5927272727272728,0.8324840764331211,0.8694267515923567,0.5885585003232062,0.8607047872340425,0.878125,0.4766181480334469,84.53214529614462,66.79079185511132,72.46316437786244,1.0,75.30022724810328,ok,59.0,Other,concentration_guard_keyword_v1,False,22.0,research_candidate,True,64.0,5.0,unchanged,73.09832322690603,UNKNOWN,1.7.0,33
DCOM,DCOM,"Dime Commercial Bancshares, Inc. Common Stock",US,NYSE,Nasdaq Trader,DCOM,NYSE,DCOM,"Dime Commercial Bancshares, Inc.",40.43,209930.0,322019.2666666669,1785251082.0,14.678332849259366,1.3291808622941668,2.47341083353945,8.57757951821843,0.431325865398275,,37.10640724988254,25.97081253423772,14.80089455282322,226.31204833550527,1.4300050175614658,9.093362115488391,18.981753972925254,42.108963093145874,2.055638551617863,0.29016754,DCOM,NYSE:DCOM,NYSE,13019238.951333342,ok,7,ok,2026-08-23T02:29:50.368137+00:00,,TradingView scanner close; exact exchange timestamp unavailable,TradingView scanner (unofficial/undocumented),TradingView scanner (unofficial/undocumented),True,0.5119501908013657,0.6336613777867042,0.725045189797148,0.7656155854589275,0.5399108589951378,0.9152440249045992,0.29016754,0.8098307816277196,65.90680859610364,86.25374032661594,53.99108589951378,69.20618312424324,0.0681276279990106,0.7096774193548387,0.803030303030303,0.51148691767709,,0.8681528662420382,0.8471337579617835,0.6767937944408533,0.9527925531914894,0.768125,0.550944564880768,76.02775741283806,69.44295266904199,81.47931738161714,1.0,75.48762333520138,ok,56.0,Other,concentration_guard_keyword_v1,False,21.0,research_candidate,True,54.0,-2.0,unchanged,72.83457098178309,UNKNOWN,1.7.0,34
6750.T,6750,"ELECOM CO.,LTD.",JP,Prime Market (Domestic),JPX,6750,TSE,6750,"Elecom Co., Ltd.",1938.0,198700.0,226660.0,176582728867.0,7.146152084718407,1.423914704775973,2.94117647058824,22.2792446506562,0.0113395854619764,39.4969908232846,11.9239082182908,15.4803402880368,15.437216999756378,115.43067085037931,7.368421052631579,16.95835847917924,8.449916060436486,3.858520900321544,2.5104959213727804,0.26925224,6750,TSE:6750,TSE,439267080.0,ok,7,ok,2026-08-23T02:29:50.368137+00:00,,TradingView scanner close; exact exchange timestamp unavailable,TradingView scanner (unofficial/undocumented),TradingView scanner (unofficial/undocumented),True,0.7599243856332704,0.8360788549824467,0.7377801782338644,0.473399945989738,0.7380373073803731,0.4898730758844181,0.26925224,0.7096948420199838,70.179584120983,59.978395895220096,73.80373073803732,68.17290905710041,0.1399354489164086,0.9516129032258064,0.6642599277978339,0.8828451882845189,0.6845564074479737,0.6791666666666667,0.8494791666666667,0.7550158394931362,0.8888888888888888,0.5007767995857069,0.8744137571651902,70.55498768697824,79.40922372462033,82.19523641910125,1.0,73.45379713915035,ok,8.0,Other,concentration_guard_keyword_v1,False,3.0,research_candidate,True,8.0,0.0,unchanged,72.73517702746824,UNKNOWN,1.7.0,35
CNX,CNX,CNX Resources Corporation Common Stock,US,NYSE,Nasdaq Trader,CNX,NYSE,CNX,CNX Resources Corporation,36.36,1082202.0,1573839.8666666667,5379230624.0,6.079860878870978,1.118743757834437,0.0,21.2486692250072,0.491371150266247,48.4393947394192,39.7695410180974,42.8481491660721,16.211654840991923,911.5696887686064,9.287646528403956,3.0612244897959133,-10.773006134969329,28.61690838344535,2.643697829892964,-0.35004064,CNX,NYSE:CNX,NYSE,57224817.552,ok,7,ok,2026-08-23T02:29:50.368137+00:00,,TradingView scanner close; exact exchange timestamp unavailable,TradingView scanner (unofficial/undocumented),TradingView scanner (unofficial/undocumented),True,0.718819039967865,0.5268126129744929,0.3404298051817634,0.6929102229363326,0.7307536466774717,0.8232576822655151,0.35004064,0.7725624496373892,56.97429202651134,79.79100659514522,73.07536466774717,65.09363156485519,0.1644774477447745,0.9659245797364834,0.2714160839160839,0.8194001276324187,0.6367272727272727,0.8939490445859872,0.963375796178344,0.6978021978021978,0.9857047872340424,0.84125,0.5202849179312481,69.28635545508558,76.67474318110541,84.17534925181201,1.0,73.84013930265863,ok,86.0,Other,concentration_guard_keyword_v1,False,37.0,research_candidate,True,83.0,-3.0,unchanged,72.48956797635877,UNKNOWN,1.7.0,36
CAC,CAC,Camden National Corporation - Common Stock,US,NASDAQ,Nasdaq Trader,CAC,NASDAQ,CAC,Camden National Corporation,56.67,177654.0,95482.23333333334,957555733.0,10.865480481632028,1.319021089441128,2.96453149814717,12.8667981545258,0.825198436204241,,42.443735969363686,33.449791544832,12.799672605703522,65.31220285261492,4.595791805094135,14.554275318374778,16.556972439325392,47.00389105058368,2.7847061825742445,0.29232624,CAC,NASDAQ:CAC,NASDAQ,5410978.163000001,ok,7,ok,2026-08-23T02:29:50.368137+00:00,,TradingView scanner close; exact exchange timestamp unavailable,TradingView scanner (unofficial/undocumented),TradingView scanner (unofficial/undocumented),True,0.6085559349266921,0.724844346254268,0.7003414340228962,0.7889134364330187,0.4321312803889789,0.7995581442056638,0.29232624,0.8074133763094279,70.56637879092187,80.34857602575458,43.21312803889789,68.90894048682645,0.0920345862008117,0.8627896410722399,0.8464452214452215,0.6541161455009572,,0.9124203821656052,0.9213375796178344,0.6396250808015513,0.8191489361702128,0.7734375,0.3716320842366057,82.75574541724872,71.48765478802505,72.9387008485882,1.0,75.78583344353756,ok,52.0,Other,concentration_guard_keyword_v1,False,17.0,research_candidate,True,49.0,-3.0,unchanged,72.27636013428034,UNKNOWN,1.7.0,37
LNC,LNC,Lincoln National Corporation Common Stock,US,NYSE,Nasdaq Trader,LNC,NYSE,LNC,Lincoln National Corporation,42.15,2334057.0,2081831.6,8069505754.000001,3.645436933508614,0.7785949381538857,4.27046263345196,22.5774034550414,0.604899110053749,,15.3425849813839,11.4066050964654,12.323484683901803,101.7413152338911,0.333253987145919,16.92094313453537,5.506883604505621,3.664535169699956,3.3141013677097413,0.75156045,LNC,NYSE:LNC,NYSE,87749201.94,ok,7,ok,2026-08-23T02:29:50.368137+00:00,,TradingView scanner close; exact exchange timestamp unavailable,TradingView scanner (unofficial/undocumented),TradingView scanner (unofficial/undocumented),True,0.45832496485238,0.7599919662582848,0.5677846957220325,0.5047198232576823,0.7878849270664505,0.7168106045390641,0.75156045,0.5715149073327961,57.27053625225948,64.41627559359301,78.78849270664506,62.284664555750695,0.2743155397390273,0.9913675601999092,0.916958041958042,0.8372686662412253,,0.5949044585987261,0.6468152866242038,0.6266968325791855,0.9055851063829788,0.9321875,0.4682564261381232,94.6837700719317,63.68112094005696,76.61409694810821,1.0,73.16706391949668,ok,98.0,Other,concentration_guard_keyword_v1,False,45.0,research_candidate,True,90.0,-8.0,unchanged,72.16049060476932,UNKNOWN,1.7.0,38
2914.T,2914,JAPAN TOBACCO INC.,JP,Prime Market (Domestic),JPX,2914,TSE,2914,Japan Tobacco Inc.,6980.0,2540200.0,4534963.333333333,12388477539062.0,19.921586580271292,2.8203659432892696,3.810888252149,14.4556042688872,0.381608563395463,56.8619020962024,25.215919974231,16.4283897459724,12.21309373312294,220.76485823124816,9.748427672955977,12.254744290768736,16.58593619508936,43.68052696582956,2.2076132614458777,0.25837675,2914,TSE:2914,TSE,31654044066.666664,ok,7,ok,2026-08-23T02:29:50.368137+00:00,,TradingView scanner close; exact exchange timestamp unavailable,TradingView scanner (unofficial/undocumented),TradingView scanner (unofficial/undocumented),True,0.8255468539022415,0.7534431541992979,0.8312179314069673,0.8382392654604375,0.9881048932143822,0.5849311369160141,0.25837675,0.722117202268431,81.2111801242236,65.35241695922225,98.81048932143824,79.88638571255545,0.0501968051575931,0.2736373748609566,0.850438370293966,0.7092050209205021,0.8537787513691129,0.9151041666666668,0.8619791666666666,0.6837381203801478,0.9430624654505252,0.218539616778871,0.4085461177696717,44.75384539779312,74.97226446785238,81.34002929153365,1.0,68.18407288723498,ok,26.0,Other,concentration_guard_keyword_v1,False,16.0,research_candidate,True,23.0,-3.0,unchanged,72.07237386773103,UNKNOWN,1.7.0,39
MCY,MCY,Mercury General Corporation Common Stock,US,NYSE,Nasdaq Trader,MCY,NYSE,MCY,Mercury General Corporation,105.7,271122.0,281652.26666666666,5854578013.0,6.249113181667691,2.064374501361765,1.20151371807001,38.9915185072506,0.33925229855167,,18.7810564625113,14.7718667059585,9.950250653700204,140.13856550627523,0.8010680907877202,3.283173734610122,21.36869904696291,41.87919463087249,2.5966460743717708,0.2917035,MCY,NYSE:MCY,NYSE,29770644.586666662,ok,7,ok,2026-08-23T02:29:50.368137+00:00,,TradingView scanner close; exact exchange timestamp unavailable,TradingView scanner (unofficial/undocumented),TradingView scanner (unofficial/undocumented),True,0.4858405302269532,0.5300261096605744,0.7481421972283591,0.7640088371158867,0.643030794165316,0.8322956416951195,0.2917035,0.8080177276390008,63.20044185579433,82.01566846670602,64.3030794165316,68.06964414263284,0.1600227057710501,0.964107223989096,0.6786130536130536,0.9320357370772177,,0.6659235668789809,0.7178343949044586,0.5627020038784745,0.9318484042553192,0.5721875000000001,0.6032827500774234,73.83025925340499,72.976911223452,74.72752040668968,1.0,73.42971324892724,ok,92.0,Other,concentration_guard_keyword_v1,False,40.0,research_candidate,True,,,new_entry,71.94330873919277,UNKNOWN,1.7.0,40
LTC,LTC,"LTC Properties, Inc. Common Stock",US,NYSE,Nasdaq Trader,LTC,NYSE,LTC,"LTC Properties, Inc.",40.27,430320.0,605165.4,2170777061.0,14.759025105369252,1.7112329460997744,5.66178296498634,12.1054076187421,0.614479770699914,58.6329073381929,36.1690749833424,38.5303024670352,59.93916941090377,49.58061509785647,-5.933193179163744,4.272397721387897,3.309389430477184,11.705963938973664,2.342078820544117,0.10073025,LTC,NYSE:LTC,NYSE,24370010.658000004,ok,7,ok,2026-08-23T02:29:50.368137+00:00,,TradingView scanner close; exact exchange timestamp unavailable,TradingView scanner (unofficial/undocumented),TradingView scanner (unofficial/undocumented),True,0.2787708375175738,0.5466961237196224,0.5362522594898574,0.5774251857802771,0.6183144246353323,0.8686483229564169,0.10073025,0.928887993553586,48.47861016268327,89.87681582550013,61.83144246353323,60.831086423514975,0.0677551527191457,0.7064970467969105,0.9484265734265734,0.6289087428206764,0.7370909090909091,0.8576433121019108,0.9496815286624204,0.9221073044602456,0.7589760638297872,0.653125,0.4642304118922267,76.93495400744946,72.75109809136288,84.05416841450165,1.0,74.98566060583093,ok,63.0,Other,concentration_guard_keyword_v1,False,24.0,research_candidate,True,56.0,-7.0,unchanged,71.9057243346527,UNKNOWN,1.7.0,41
RDN,RDN,Radian Group Inc. Common Stock,US,NYSE,Nasdaq Trader,RDN,NYSE,RDN,Radian Group Inc.,36.59,953140.0,1233813.6666666667,4840905147.0,9.40109452480666,1.016290929735384,2.78764689805958,12.0264139096629,0.263452538734182,,51.1139250355928,34.0000024316198,27.931866894378444,-2.0066468603655743,-5.182689816014511,-1.374663072776275,10.045112781954897,5.751445086705208,2.130466763101401,0.22088504,RDN,NYSE:RDN,NYSE,45145242.06333334,ok,7,ok,2026-08-23T02:29:50.368137+00:00,,TradingView scanner close; exact exchange timestamp unavailable,TradingView scanner (unofficial/undocumented),TradingView scanner (unofficial/undocumented),True,0.3018678449487849,0.4243824061056437,0.627234384414541,0.5268126129744929,0.6985413290113452,0.9035950994175536,0.22088504,0.8495165189363416,47.00743121108657,87.65558091769476,69.85413290113452,60.59647389124581,0.1063705930582126,0.9064061790095412,0.8315850815850816,0.6276324186343332,,0.951592356687898,0.9264331210191082,0.8309631544925663,0.3829787234042553,0.87,0.6531433880458346,86.93304201982075,78.97003210967935,60.69709389484108,1.0,73.81463913066045,ok,87.0,Other,concentration_guard_keyword_v1,False,38.0,research_candidate,True,84.0,-3.0,unchanged,71.82041558011117,UNKNOWN,1.7.0,42
ATLO,ATLO,Ames National Corporation - Common Stock,US,NASDAQ,Nasdaq Trader,ATLO,NASDAQ,ATLO,Ames National Corporation,31.76,80524.0,35910.7,281305299.99999994,12.264442384924314,1.320105674958061,2.77078085642317,11.3089170249334,0.222203451075352,,40.50411366674476,31.64698262199743,7.025835240998808,69.03394255874673,7.661016949152548,9.555018972059344,13.875941197561854,66.282722513089,2.4579180295046794,-0.032749735,ATLO,NASDAQ:ATLO,NASDAQ,1140523.832,ok,7,ok,2026-08-23T02:29:50.368137+00:00,,TradingView scanner close; exact exchange timestamp unavailable,TradingView scanner (unofficial/undocumented),TradingView scanner (unofficial/undocumented),True,0.6862823860212894,0.6424984936734284,0.6724241815625628,0.8467563767824865,0.2696515397082658,0.8519783088973689,0.032749735,0.9724012892828364,71.19903595099419,91.21897990901029,26.965153970826577,69.56893964347306,0.081536523929471,0.8023625624716039,0.8304195804195804,0.6024250159540523,,0.9009554140127388,0.9085987261146496,0.462508080155139,0.8274601063829787,0.7728125,0.6782285537318056,80.18648809637283,77.25519274533116,64.49840932690589,1.0,76.62280445480783,ok,40.0,Other,concentration_guard_keyword_v1,False,11.0,research_candidate,True,41.0,1.0,unchanged,71.78226714100973,UNKNOWN,1.7.0,43
SRCE,SRCE,1st Source Corporation - Common Stock,US,NASDAQ,Nasdaq Trader,SRCE,NASDAQ,SRCE,1st Source Corporation,85.83,143500.0,132964.53333333333,2066943106.0,12.198865816739865,1.577351996674384,1.87580100198066,13.5505427112325,0.224574706117577,,49.04172737055128,37.6378845378903,4.238822465415843,21.671537517076796,3.359826589595366,16.002162454385736,22.61428571428571,40.0163132137031,2.075148633517693,0.061130024,SRCE,NASDAQ:SRCE,NASDAQ,11412345.896,ok,7,ok,2026-08-23T02:29:50.368137+00:00,,TradingView scanner close; exact exchange timestamp unavailable,TradingView scanner (unofficial/undocumented),TradingView scanner (unofficial/undocumented),True,0.5748142197228359,0.7465354488853183,0.760594496886925,0.7565776260293231,0.5251215559157212,0.9118296846756376,0.061130024,0.9546736502820308,70.96304478811007,93.32516674788342,52.51215559157212,73.78594189857272,0.0819748339741349,0.8073602907769196,0.7441724941724942,0.6751754945756222,,0.9468152866242038,0.9464968152866242,0.3697478991596639,0.582779255319149,0.6878124999999999,0.6766800867141529,74.64484283164713,81.12919208001507,47.62635772394064,1.0,73.1120120031027,ok,99.0,Other,concentration_guard_keyword_v1,False,46.0,research_candidate,True,95.0,-4.0,unchanged,71.74136016988527,UNKNOWN,1.7.0,44
FMNB,FMNB,Farmers National Banc Corp. - Common Stock,US,NASDAQ,Nasdaq Trader,FMNB,NASDAQ,FMNB,Farmers National Banc Corp.,15.69,524510.0,422024.26666666666,929594349.0,10.671291573148338,1.185484053766122,4.33397068196303,10.8696079233854,0.595777547604955,,39.88205680766497,29.68564875462183,16.7651323335281,9.66659207876482,6.228842247799594,10.028050490883588,16.915052160953795,11.5931721194879,1.8141344278926768,0.18161151,FMNB,NASDAQ:FMNB,NASDAQ,6621560.744,ok,7,ok,2026-08-23T02:29:50.368137+00:00,,TradingView scanner close; exact exchange timestamp unavailable,TradingView scanner (unofficial/undocumented),TradingView scanner (unofficial/undocumented),True,0.6543482627033541,0.6547499497891143,0.7047599919662583,0.5760192809801165,0.4542139384116693,0.9427595902791726,0.18161151,0.8769137792103142,64.74693713597108,90.98366847447434,45.42139384116693,68.40728847637627,0.0937093690248565,0.8714220808723308,0.9213286713286714,0.585832801531589,,0.8955414012738854,0.8875796178343949,0.7062055591467357,0.4780585106382978,0.8159375,0.4725921337875503,86.95627507336674,71.0386488606855,59.21320348925168,1.0,74.70096252293021,ok,69.0,Other,concentration_guard_keyword_v1,False,25.0,research_candidate,True,63.0,-6.0,unchanged,71.62004239268026,UNKNOWN,1.7.0,45
3635.T,3635,"KOEI TECMO HOLDINGS CO.,LTD.",JP,Prime Market (Domestic),JPX,3635,TSE,3635,"Koei Tecmo Holdings Co., Ltd.",1672.0,723900.0,1326210.0,559151691162.0,11.512852116312857,1.995238539836704,3.94736842105263,20.5985244560912,0.0385122319735108,64.5848220666,42.8755180791768,52.8864018645353,13.215837098440437,57.26019090520252,9.53160825417622,10.0,-1.6181229773462784,-19.615384615384617,3.146422268774512,-0.030412914,3635,TSE:3635,TSE,2217423120.0,ok,7,ok,2026-08-23T02:29:50.368137+00:00,,TradingView scanner close; exact exchange timestamp unavailable,TradingView scanner (unofficial/undocumented),TradingView scanner (unofficial/undocumented),True,0.8204158790170132,0.6930866864704294,0.5168782068593033,0.1568998109640831,0.884022708840227,0.3345935727788279,0.030412914,0.9692141506886308,54.68201458277072,65.19038617337294,88.4022708840227,62.367145925609066,0.0868594497607655,0.7163515016685206,0.8674574522949974,0.8572175732217573,0.8975903614457831,0.9828125,0.9953125,0.7106652587117213,0.7628524046434494,0.3516312791299845,0.7920792079207921,64.51467443645008,90.50024285176666,73.67588316775853,1.0,71.46976606902744,ok,12.0,Other,concentration_guard_keyword_v1,False,6.0,research_candidate,True,12.0,0.0,unchanged,71.60955386376949,UNKNOWN,1.7.0,46
GSL,GSL,Global Ship Lease Inc New Class A Common Shares,US,NYSE,Nasdaq Trader,GSL,NYSE,GSL,Global Ship Lease Inc New,43.83,339379.0,344715.4,1574296674.0,4.230409142239424,0.8113353713900157,5.4757015742642,21.3461426495238,0.345076919599652,52.2365242796825,48.4655650736495,49.0948698398867,5.552857921553405,-3.758371805709087,3.617021276595748,11.896859841715589,12.240717029449428,46.5396188565697,2.631254737465237,0.49818736,GSL,NYSE:GSL,NYSE,15108875.982,ok,7,ok,2026-08-23T02:29:50.368137+00:00,,TradingView scanner close; exact exchange timestamp unavailable,TradingView scanner (unofficial/undocumented),TradingView scanner (unofficial/undocumented),True,0.5802369953805985,0.6866840731070496,0.6535448885318337,0.7869050010042177,0.5607779578606159,0.8256678047800763,0.49818736,0.6960112812248187,67.68427395059248,76.08395430024476,56.07779578606159,68.04322231332591,0.236383755418663,0.9863698318945934,0.9455128205128204,0.8206764518187619,0.6796363636363636,0.9442675159235668,0.9726114649681528,0.4143503555268261,0.3690159574468085,0.9234375,0.5992567358315268,95.17733841358046,80.32897064356744,39.16831564868173,1.0,73.2754746316489,ok,95.0,Other,concentration_guard_keyword_v1,False,43.0,research_candidate,True,100.0,5.0,unchanged,71.5337366724932,UNKNOWN,1.7.0,47
8789.T,8789,FinTech Global Incorporated,JP,Standard Market(Domestic),JPX,8789,TSE,8789,Fintech Global Incorporated,173.0,2413700.0,1172900.0,34828654282.0,6.754909999609542,2.2301522252922985,1.73410404624277,39.0055263646325,0.610025279130004,62.4510692682225,27.1422373107888,29.1473134887039,16.694470905085556,178.98692810457518,31.060606060606062,26.277372262773724,16.89189189189189,55.85585585585586,2.5254532048413383,0.6060817,8789,TSE:8789,TSE,202911700.0,ok,7,ok,2026-08-23T02:29:50.368137+00:00,,TradingView scanner close; exact exchange timestamp unavailable,TradingView scanner (unofficial/undocumented),TradingView scanner (unofficial/undocumented),True,0.980016203078585,0.9238455306508236,0.8341884958142047,0.8827977315689981,0.6312516896458502,0.4858223062381852,0.6060817,0.3953551174723198,90.52119902781529,44.05887118552525,63.12516896458502,74.79621255775824,0.1480404624277456,0.96440489432703,0.3478597215059309,0.9764644351464437,0.8904709748083242,0.9317708333333332,0.9651041666666668,0.781414994720169,0.9331122166943062,0.3029518384256862,0.2954663887441375,53.84054847528824,81.18553597397809,85.72636057072376,1.0,71.08880375846242,ok,13.0,Other,concentration_guard_keyword_v1,False,7.0,research_candidate,True,14.0,1.0,unchanged,70.88975835531218,UNKNOWN,1.7.0,48
SPNT,SPNT,SiriusPoint Ltd. Common Shares,US,NYSE,Nasdaq Trader,SPNT,NYSE,SPNT,SiriusPoint Ltd.,23.63,787492.0,672889.9666666667,2744979234.9999995,5.773694627018839,1.20507856724675,0.0,23.0783275515793,0.307966079353223,,21.0294615645107,15.5650648031278,22.554235049990567,366.6172614297116,-3.747454175152756,0.5104210974053485,6.8747173224785145,26.02666666666666,2.9376495592346776,-0.014926806,SPNT,NYSE:SPNT,NYSE,15900389.912333332,ok,7,ok,2026-08-23T02:29:50.368137+00:00,,TradingView scanner close; exact exchange timestamp unavailable,TradingView scanner (unofficial/undocumented),TradingView scanner (unofficial/undocumented),True,0.3348061859811207,0.4697730467965454,0.5864631452098815,0.677244426591685,0.5680713128038898,0.775055231974292,0.014926806,0.9875100725221596,51.70717011448082,88.12826522482257,56.80713128038898,61.57743806695248,0.1731993228946254,0.9727396637891867,0.2714160839160839,0.8407785577536694,,0.704140127388535,0.732484076433121,0.7815126050420168,0.9720744680851064,0.809375,0.6252709817280893,68.45102492350902,72.56684358258536,87.67935365635616,1.0,73.76565315869033,ok,88.0,Other,concentration_guard_keyword_v1,False,39.0,research_candidate,True,88.0,0.0,unchanged,70.59686368433076,UNKNOWN,1.7.0,49
8630.T,8630,"Sompo Holdings,Inc.",JP,Prime Market (Domestic),JPX,8630,TSE,8630,"Sompo Holdings,Inc.",6757.0,2674900.0,2631156.6666666656,6230985861206.0,8.701011259162653,1.1335268625089845,2.21992008287702,14.5855286585227,0.180464838448762,,17.1422390862362,10.5775724069245,41.36367447468562,76.16312938379596,-1.3000292141396437,21.332375650924764,15.425350187905703,42.19276094276094,2.328881280536396,0.8837354,8630,TSE:8630,TSE,17778725596.66666,ok,7,ok,2026-08-23T02:29:50.368137+00:00,,TradingView scanner close; exact exchange timestamp unavailable,TradingView scanner (unofficial/undocumented),TradingView scanner (unofficial/undocumented),True,0.2497974615176883,0.8911693221712126,0.8206859303267621,0.8287874696192277,0.9770208164368748,0.5414528760464488,0.8837354,0.2481771536591952,69.76100459087226,39.4815014852822,97.70208164368748,66.38229037239702,0.114929169749889,0.8982202447163515,0.4662197008767406,0.7144351464435147,,0.8161458333333333,0.7296875,0.9545934530095036,0.8258706467661692,0.629207664422579,0.5779051589369464,66.45492033385571,70.95434096784487,89.02320498878365,1.0,68.54333223460505,ok,22.0,Other,concentration_guard_keyword_v1,False,13.0,research_candidate,True,21.0,-1.0,unchanged,70.4799673139932,UNKNOWN,1.7.0,50
JCAP,JCAP,"Jefferson Capital, Inc. - Common Stock",US,NASDAQ,Nasdaq Trader,JCAP,NASDAQ,JCAP,"Jefferson Capital, Inc.",22.29,520376.0,410537.3666666666,1280015190.0,8.629500580720093,2.688506003606385,4.30686406460296,33.1621942777774,2.96010206010206,64.3164246081077,45.8156211151875,22.2967769321731,72.54440346333935,35.030581839092484,15.25336091003102,27.66323024054982,5.639810426540273,24.10913140311803,3.4923708511229257,0.8053146,JCAP,NASDAQ:JCAP,NASDAQ,9150877.903,ok,7,ok,2026-08-23T02:29:50.368137+00:00,,TradingView scanner close; exact exchange timestamp unavailable,TradingView scanner (unofficial/undocumented),TradingView scanner (unofficial/undocumented),True,0.8144205663787909,0.858405302269532,0.5695922876079534,0.662382004418558,0.4971636952998379,0.6902992568788913,0.8053146,0.547945205479452,72.62000401687087,61.912223117917165,49.716369529983794,66.50751361909937,0.1158815612382234,0.923216719672876,0.9195804195804196,0.9081046585832802,0.7829090909090909,0.9318471337579618,0.814968152866242,0.9353587588881708,0.6851728723404256,0.4653125,0.0913595540414988,76.93698797510984,70.58377180316148,81.02658156142981,1.0,73.265340327072,ok,96.0,Other,concentration_guard_keyword_v1,False,44.0,research_candidate,True,93.0,-3.0,unchanged,70.44061041392887,UNKNOWN,1.7.0,51
NKLR,NKLR,Terra Innovatum Global N.V. - Ordinary shares,US,NASDAQ,Nasdaq Trader,NKLR,NASDAQ,NKLR,Terra Innovatum Global N.V.,6.12,354323.0,415817.43333333335,676265544.0,1.3091749203157423,,0.0,925.889251830595,,,,,,3270.367700072098,11.070780399274051,1.4925373134328337,35.698447893569856,-41.04046242774567,9.009000813275517,0.25851974,NKLR,NASDAQ:NKLR,NASDAQ,2544802.6920000003,ok,4,partial,2026-08-23T02:29:50.368137+00:00,,TradingView scanner close; exact exchange timestamp unavailable,TradingView scanner (unofficial/undocumented),TradingView scanner (unofficial/undocumented),True,0.7535649728861217,0.4982928298855192,0.837316730267122,0.2044587266519381,0.3462317666126418,0.179353283791926,0.25851974,0.8273569701853344,57.34083149226752,50.33551269886303,34.62317666126418,52.1818535692659,0.7638398692810456,0.9972739663789186,0.2714160839160839,0.9993618379068284,,,,,0.996343085106383,,,63.43450251475012,99.93618379068285,99.6343085106383,1.0,76.92098490715549,fundamental_partial,36.0,Other,concentration_guard_keyword_v1,False,8.0,research_candidate,True,47.0,11.0,unchanged,70.10009440709173,UNKNOWN,1.7.0,52
MSIF,MSIF,"MSC Income Fund, Inc. Common Stock",US,NYSE,Nasdaq Trader,MSIF,NYSE,MSIF,"MSC Income Fund, Inc.",12.77,190904.0,295592.4,579058609.0000001,5.986311644477779,0.773315586033327,10.9631949882537,13.4628714015064,0.882986111111111,75.7710743273471,90.9088004090241,63.3086214609829,14.327675524802537,53.071182548794496,14.119749776586238,5.102880658436208,0.9486166007905076,-9.303977272727275,3.193571758677918,0.8819508,MSIF,NYSE:MSIF,NYSE,3774714.948,ok,7,ok,2026-08-23T02:29:50.368137+00:00,,TradingView scanner close; exact exchange timestamp unavailable,TradingView scanner (unofficial/undocumented),TradingView scanner (unofficial/undocumented),True,0.797951395862623,0.5641695119501908,0.4960835509138381,0.3803976702149026,0.3891815235008103,0.7348865233982728,0.8819508,0.5177276390008059,55.96505322353886,62.63070811995392,38.91815235008104,55.07443181662396,0.1670477682067345,0.968196274420718,0.98018648018648,0.6723037651563497,0.8643636363636363,0.9952229299363056,0.9859872611464968,0.6690368455074337,0.7762632978723404,0.9334375,0.3561474140600805,96.06067515357326,77.48050013325738,72.2650071689887,1.0,75.62765945702931,ok,55.0,Other,concentration_guard_keyword_v1,False,20.0,research_candidate,True,57.0,2.0,unchanged,70.0274182304234,UNKNOWN,1.7.0,53
OGC,OGC,OceanaGold Corporation Common Shares,US,NYSE,Nasdaq Trader,OGC,NYSE,OGC,OceanaGold Corporation,31.01,399701.0,539167.0000000002,6898097277.483509,8.398950415586892,2.7233358076901486,0.772608187134503,37.6100485264861,0.0197508475912639,51.6064925276745,44.3103731025727,35.1966684097957,49.39741703752898,128.69531122729933,26.88216039279869,5.547991831177681,-21.69191919191919,87.93939393939395,3.8602588117736794,1.722664,OGC,NYSE:OGC,NYSE,16719568.670000007,ok,7,ok,2026-08-23T02:29:50.368137+00:00,,TradingView scanner close; exact exchange timestamp unavailable,TradingView scanner (unofficial/undocumented),TradingView scanner (unofficial/undocumented),True,0.9116288411327576,0.570797348865234,0.2351877887125928,0.891745330387628,0.5729335494327391,0.6330588471580638,1.722664,0.2610797743755036,65.23398272745531,44.70693107667837,57.29335494327391,58.911125647133865,0.1190624959690422,0.927305770104498,0.6215034965034965,0.9269304403318442,0.6716363636363636,0.9226114649681528,0.9340764331210192,0.9082094376212024,0.9271941489361702,0.4575,0.8919170021678539,66.8769755535998,86.94343408450467,91.77017932786865,1.0,73.30027534571991,ok,94.0,Other,concentration_guard_keyword_v1,False,42.0,research_candidate,True,104.0,10.0,unchanged,70.0117805281214,UNKNOWN,1.7.0,54
INVA,INVA,"Innoviva, Inc. - Common Stock",US,NASDAQ,Nasdaq Trader,INVA,NASDAQ,INVA,"Innoviva, Inc.",21.07,499382.0,676548.1666666666,1522212313.0,5.132889960778582,1.2409863573958253,0.0,36.6756447235564,0.218653457254014,69.9800351698333,35.8254113063522,78.721369419874,18.1676383814764,1137.1609403254974,-2.8136531365313626,-4.961659900766808,-10.606703436571914,5.561122244488975,2.300131894925128,-0.2520046,INVA,NASDAQ:INVA,NASDAQ,14254869.871666666,ok,7,ok,2026-08-23T02:29:50.368137+00:00,,TradingView scanner close; exact exchange timestamp unavailable,TradingView scanner (unofficial/undocumented),TradingView scanner (unofficial/undocumented),True,0.360514159469773,0.3615183771841735,0.3426390841534444,0.5252058646314521,0.5496353322528363,0.8774854388431412,0.2520046,0.8323932312651088,39.74693713597108,85.4939335054125,54.96353322528363,53.46617564172832,0.1948220218319886,0.97955474784189,0.2714160839160839,0.9240587109125716,0.8163636363636364,0.8535031847133758,0.9923566878980892,0.7323852617970265,0.9900265957446808,0.7959375,0.6807061009600496,68.2302777252658,85.33976641695446,86.12059287708537,1.0,74.40276020717968,ok,76.0,Other,concentration_guard_keyword_v1,False,31.0,research_candidate,True,78.0,2.0,unchanged,69.90192853554132,UNKNOWN,1.7.0,55
VOXR,VOXR,Vox Royalty Corp. - common stock,US,NASDAQ,Nasdaq Trader,VOXR,NASDAQ,VOXR,Vox Royalty Corp.,5.76,558828.0,455038.5,400292858.0,8.473080317740513,2.620278040614309,0.954861111111111,49.3912860383666,0.0,65.6847291694523,29.2594269665006,144.324064188928,209.77405782935548,,32.41379310344828,-4.477611940298515,3.7837837837837833,78.328173374613,4.4085630234989255,1.6176485,VOXR,NASDAQ:VOXR,NASDAQ,2621021.76,ok,6,ok,2026-08-23T02:29:50.368137+00:00,,TradingView scanner close; exact exchange timestamp unavailable,TradingView scanner (unofficial/undocumented),TradingView scanner (unofficial/undocumented),True,0.9351275356497288,0.3703554930708977,0.5422775657762603,0.8742719421570596,0.3500810372771475,0.5601526410925889,1.6176485,0.2830378726833199,68.05081341634866,42.15952568879544,35.008103727714754,56.62158503116527,0.1180208333333333,0.9259427532939573,0.6456876456876457,0.95405232929164,0.7923636363636364,0.802547770700637,0.9961783439490446,0.9751131221719456,,0.4765625,0.9848250232270052,68.27309663272011,90.59934207063928,97.51131221719456,1.0,75.75192298505037,ok,53.0,Other,concentration_guard_keyword_v1,False,18.0,research_candidate,True,59.0,6.0,unchanged,69.83608648261159,UNKNOWN,1.7.0,56
6448.T,6448,"BROTHER INDUSTRIES,LTD.",JP,Prime Market (Domestic),JPX,6448,TSE,6448,"Brother Industries, Ltd.",4608.0,828600.0,972766.6666666666,1139731242188.0,10.907474413119646,1.41150532015745,2.17013888888889,12.3937812728162,0.0009895251517726,45.1127618239806,12.7978083787958,9.90791849533809,6.723891600278886,116.47785735075284,17.641051825376564,32.60431654676259,47.456,81.48877510831036,2.591513230507179,1.0382422,6448,TSE:6448,TSE,4482508800.0,ok,7,ok,2026-08-23T02:29:50.368137+00:00,,TradingView scanner close; exact exchange timestamp unavailable,TradingView scanner (unofficial/undocumented),TradingView scanner (unofficial/undocumented),True,0.9330272751822848,0.9497704563867134,0.965433432352147,0.9343775317310288,0.925925925925926,0.4701593302727518,1.0382422,0.1812044288414799,94.56521739130436,32.568187955711586,92.5925925925926,78.7700663125994,0.0916802517361111,0.7558398220244716,0.4548736462093863,0.625,0.7579408543263965,0.7119791666666667,0.7046875,0.4730728616684266,0.8899944720840243,0.5080269290523045,0.9296508598228244,57.29134657620541,74.58516761631773,68.15336668762254,1.0,65.66981268770768,ok,54.0,Other,concentration_guard_keyword_v1,False,40.0,research_candidate,True,51.0,-3.0,unchanged,69.65583877252487,UNKNOWN,1.7.0,57
IMPP,IMPP,Imperial Petroleum Inc. - Common Shares,US,NASDAQ,Nasdaq Trader,IMPP,NASDAQ,IMPP,Imperial Petroleum Inc.,5.2,439844.0,265489.10000000073,232173434.0,3.3609100310237854,0.4153646582187886,0.0,13.2702214201685,0.0005134379154088,34.1179384824312,30.2663258423441,34.5070337308062,37.76713348260984,15.042010558405824,9.47368421052632,-3.52504638218923,33.33333333333334,71.61716171617164,3.966165484941139,-0.04841631,IMPP,NASDAQ:IMPP,NASDAQ,1380543.3200000038,ok,7,ok,2026-08-23T02:29:50.368137+00:00,,TradingView scanner close; exact exchange timestamp unavailable,TradingView scanner (unofficial/undocumented),TradingView scanner (unofficial/undocumented),True,0.720827475396666,0.3846153846153846,0.8266720224944768,0.8614179554127335,0.2872771474878444,0.6163888330990159,0.04841631,0.9609186140209508,69.83832094798153,78.86537235599833,28.72771474878444,65.92849287010617,0.2975384615384615,0.9927305770104498,0.2714160839160839,0.6675175494575623,0.4530909090909091,0.8111464968152866,0.9286624203821656,0.8804137039431157,0.5329122340425532,0.9834375,0.965624032208114,74.91947203088446,76.52082815908075,70.66629689928344,1.0,74.29888842294497,ok,78.0,Other,concentration_guard_keyword_v1,False,32.0,research_candidate,True,80.0,2.0,unchanged,69.55824609076006,UNKNOWN,1.7.0,58
SD,SD,"SandRidge Energy, Inc. Common Stock",US,NYSE,Nasdaq Trader,SD,NYSE,SD,"SandRidge Energy, Inc.",14.36,817659.0,315283.56666666665,532401270.9999999,6.395012246715654,0.9810498873432266,3.41225626740947,16.2211785133275,0.0,48.6458195659644,41.7287409796199,43.857682852687,29.580407604041785,9.901135473766626,2.571428571428567,-6.571242680546518,-17.942857142857147,29.36936936936937,2.635048376996147,-0.6887885,SD,NYSE:SD,NYSE,4527472.017333333,ok,7,ok,2026-08-23T02:29:50.368137+00:00,,TradingView scanner close; exact exchange timestamp unavailable,TradingView scanner (unofficial/undocumented),TradingView scanner (unofficial/undocumented),True,0.5495079333199437,0.3364129343241614,0.2679252862020486,0.6985338421369753,0.413290113452188,0.825065274151436,0.6887885,0.6005237711522966,46.30949989957823,71.27945226518663,41.3290113452188,51.80491470782641,0.1563718662952646,0.9627442071785552,0.8735431235431236,0.7383535417996171,0.64,0.9073248407643312,0.964968152866242,0.8406593406593407,0.4803856382978723,0.88375,0.9848250232270052,90.66791102405595,84.70943117314391,66.05224894786065,1.0,74.69312816358683,ok,70.0,Other,concentration_guard_keyword_v1,False,26.0,research_candidate,True,62.0,-8.0,unchanged,69.07002473583458,UNKNOWN,1.7.0,59
8927.T,8927,"MEIHO ENTERPRISE CO.,LTD.",JP,Standard Market(Domestic),JPX,8927,TSE,8927,"Meiho Enterprise Co., Ltd.",478.0,44900.0,136326.66666666666,14624667686.0,5.97392469355516,1.3052454346105486,3.13807531380753,24.2732947953856,1.5834773152121,19.3470485009773,11.8667763573709,7.22054308985813,42.0499858943137,137.3497549804815,4.366812227074236,12.470588235294118,2.795698924731183,0.2096436058700209,1.0739366104185102,0.1448606,8927,TSE:8927,TSE,65164146.66666666,ok,7,ok,2026-08-23T02:29:50.368137+00:00,,TradingView scanner close; exact exchange timestamp unavailable,TradingView scanner (unofficial/undocumented),TradingView scanner (unofficial/undocumented),True,0.6297596543343236,0.7591142317040238,0.6370510396975425,0.3969754253308128,0.4974317383076507,0.9073724007561436,0.1448606,0.8539022414258709,60.572508776667576,88.06373210910073,49.743173830765066,65.82091436789048,0.1673941422594142,0.9760845383759732,0.7106756059824652,0.9037656903765692,0.2354874041621029,0.6776041666666667,0.5416666666666666,0.9561774023231256,0.9076838032061912,0.5499741066804764,0.0932777488275143,74.55780836796383,49.03603353399039,93.19306027646584,1.0,71.83250866364698,ok,11.0,Other,concentration_guard_keyword_v1,False,5.0,research_candidate,True,11.0,0.0,unchanged,68.99610637663585,UNKNOWN,1.7.0,60
3989.T,3989,SHARINGTECHNOLOGY.INC,JP,Growth Market(Domestic),JPX,3989,TSE,3989,SHARINGTECHNOLOGY. INC,1539.0,247000.0,204070.0,37259508551.0,14.848447425497264,6.527792234497639,4.3859649122807,48.5011340657572,0.0539042095233234,90.2873911592666,21.4182916827878,26.6937270590264,13.60258638087208,72.35236992989317,6.431535269709544,52.22551928783383,37.28813559322034,26.875515251442703,3.373510320648432,0.6017635,3989,TSE:3989,TSE,314063730.0,ok,7,ok,2026-08-23T02:29:50.368137+00:00,,TradingView scanner close; exact exchange timestamp unavailable,TradingView scanner (unofficial/undocumented),TradingView scanner (unofficial/undocumented),True,0.7242776127464218,0.9843370240345666,0.945179584120983,0.7461517688360788,0.6920789402541228,0.2889549014312719,0.6017635,0.3991358358088036,84.99864974345127,34.40453686200377,69.20789402541227,69.98150816538353,0.0673471085120207,0.5055617352614016,0.9164517792676636,0.9911087866108786,0.984118291347207,0.878125,0.9567708333333332,0.7206969376979937,0.8164731896075179,0.0554117037804247,0.7592496091714435,49.247507276983,91.38745040925726,76.85850636527559,1.0,68.44091868543343,ok,25.0,Other,concentration_guard_keyword_v1,False,15.0,research_candidate,True,26.0,1.0,unchanged,68.73696737257144,UNKNOWN,1.7.0,61
4503.T,4503,Astellas Pharma Inc.,JP,Prime Market (Domestic),JPX,4503,TSE,4503,Astellas Pharma Inc.,2387.0,4564900.0,6657116.666666667,4298409772583.001,11.754347434282511,2.203096030140938,3.26770004189359,21.3071306050148,0.303636305609862,74.7099520085826,21.80551494593,16.0409169152709,16.934354005387167,348.7273370087614,7.619477006311992,4.738920579201404,-5.4091539528432735,40.57714958775029,2.731588482787453,0.8232506,4503,TSE:4503,TSE,15890537483.333334,ok,7,ok,2026-08-23T02:29:50.368137+00:00,,TradingView scanner close; exact exchange timestamp unavailable,TradingView scanner (unofficial/undocumented),TradingView scanner (unofficial/undocumented),True,0.7664056170672428,0.5184985147177964,0.4010261949770456,0.8212260329462598,0.974587726412544,0.4315419929786659,0.8232506,0.2795031055900621,62.67890899270861,35.5522549284364,97.45877264125438,61.114225023922415,0.0850749057394218,0.703559510567297,0.7364620938628159,0.8655857740585774,0.9457831325301204,0.8838541666666667,0.8604166666666667,0.7882787750791974,0.969043670536208,0.3076126359399275,0.4622199062011464,58.25447467900135,80.35719292246355,87.86612228077027,1.0,66.96081594469203,ok,38.0,Other,concentration_guard_keyword_v1,False,25.0,research_candidate,True,40.0,2.0,unchanged,68.51674916434114,UNKNOWN,1.7.0,62
8473.T,8473,"SBI Holdings,Inc.",JP,Prime Market (Domestic),JPX,8473,TSE,8473,SBI Holdings Incorporated,3216.0,5656900.0,4162300.0,2126199395508.0,4.539967596263618,1.114493508808257,2.95398009950249,30.8412914304413,4.01718731487274,80.6885552530937,46.5904156716044,25.6265239065449,23.114327404408048,101.457489809459,13.679745493107106,4.415584415584416,-5.909888823873611,-2.0706455542021924,3.125553621811042,0.9616461,8473,TSE:8473,TSE,13385956800.0,ok,7,ok,2026-08-23T02:29:50.368137+00:00,,TradingView scanner close; exact exchange timestamp unavailable,TradingView scanner (unofficial/undocumented),TradingView scanner (unofficial/undocumented),True,0.8992708614636781,0.5068863083985957,0.3856332703213611,0.3551174723197407,0.9718842930521764,0.3378341884958142,0.9616461,0.2128004320820956,53.67269781258439,27.531731028895496,97.18842930521762,53.664815840557154,0.2202658893034826,0.9905450500556172,0.6689014956162971,0.9497907949790796,0.9654983570646222,0.9895833333333334,0.95,0.8706441393875396,0.8734107241569928,0.6416364577938891,0.0187597707139135,76.70276678219346,77.47264512181896,87.20274317722662,1.0,68.16506593767042,ok,27.0,Other,concentration_guard_keyword_v1,False,17.0,research_candidate,True,28.0,1.0,unchanged,68.49863600475945,UNKNOWN,1.7.0,63
8739.T,8739,"SPARX Group Co.,Ltd.",JP,Prime Market (Domestic),JPX,8739,TSE,8739,"Sparx Group Co., Ltd.",2538.0,64900.0,116023.33333333331,79545156132.0,13.11356147899066,2.470248686884708,3.54609929078014,20.8281156421844,0.2467522881606139,,50.9066341208264,33.3493156655915,23.06619461431177,33.25803117798414,11.658600967883856,18.43210452636491,21.14558472553699,62.483994878361074,2.311655915803795,1.1978151,8739,TSE:8739,TSE,294467220.0,ok,7,ok,2026-08-23T02:29:50.368137+00:00,,TradingView scanner close; exact exchange timestamp unavailable,TradingView scanner (unofficial/undocumented),TradingView scanner (unofficial/undocumented),True,0.8695652173913043,0.8617337294085876,0.8722657304887929,0.895760194436943,0.6847796701811301,0.5468539022414258,1.1978151,0.1282743721307048,87.48312179314071,33.75641371860653,68.477967018113,71.200671558253,0.0762569345941686,0.6056729699666296,0.7973182052604435,0.8608786610878661,,0.9932291666666668,0.978125,0.8690601900739177,0.6279712548369265,0.2672190574831693,0.5106826472120896,55.67367442367475,83.57288687416555,74.85157224554222,1.0,67.9678851003306,ok,29.0,Other,concentration_guard_keyword_v1,False,19.0,research_candidate,True,29.0,0.0,unchanged,68.48493121462981,UNKNOWN,1.7.0,64
6083.T,6083,"ERI HOLDINGS CO.,LTD.",JP,Standard Market(Domestic),JPX,6083,TSE,6083,"ERI Holdings Co., Ltd.",1650.0,31500.0,86096.66666666669,38770178604.0,11.828720132481664,4.358606949067062,2.54545375757574,42.4058649484266,0.284728615943666,37.523500883851,20.0117873786805,12.7369224660071,24.987465529573917,146.55376898100442,11.336032388663968,25.316456949367105,6.566201280947269,67.00405025303645,3.201039742895818,0.28638008,6083,TSE:6083,TSE,142059500.00000003,ok,7,ok,2026-08-23T02:29:50.368137+00:00,,TradingView scanner close; exact exchange timestamp unavailable,TradingView scanner (unofficial/undocumented),TradingView scanner (unofficial/undocumented),True,0.8603834728598434,0.9192546583850932,0.7110450985687281,0.9073724007561436,0.5928629359286294,0.3248717256278692,0.28638008,0.6907912503375642,84.9513907642452,50.78314879827167,59.28629359286294,72.55956569704448,0.08454,0.699666295884316,0.556988138215575,0.9827405857740584,0.6473165388828039,0.8619791666666666,0.7932291666666667,0.8912354804646251,0.912106135986733,0.1020196789228379,0.4768108389786347,45.28913710075763,75.2415259393766,90.1670808225679,1.0,68.52626285892467,ok,23.0,Other,concentration_guard_keyword_v1,False,14.0,research_candidate,True,18.0,-5.0,unchanged,68.16757456328811,UNKNOWN,1.7.0,65
9619.T,9619,"ICHINEN HOLDINGS CO.,LTD.",JP,Prime Market (Domestic),JPX,9619,TSE,9619,"ICHINEN HOLDINGS CO., LTD.",2699.0,32900.0,46143.333333333336,63286126137.0,5.044606168400131,0.8164357945150833,2.96406076324565,17.5592308652073,1.71057708277439,21.8643874232889,7.1148216936846,7.61310564942208,6.278147218336176,84.87759990490513,14.026193493874102,26.65415297982168,24.49261992619926,51.71444631815627,2.1116351680644825,0.34865174,9619,TSE:9619,TSE,124540856.66666669,ok,7,ok,2026-08-23T02:29:50.368137+00:00,,TradingView scanner close; exact exchange timestamp unavailable,TradingView scanner (unofficial/undocumented),TradingView scanner (unofficial/undocumented),True,0.9041317850391576,0.925195787199568,0.8914393734809614,0.8701053200108021,0.5809678291430116,0.6138266270591413,0.34865174,0.6205779098028625,89.77180664326222,61.72022684310019,58.09678291430116,78.00765813387756,0.198231530196369,0.9888765294771968,0.6709644146467251,0.7960251046025104,0.2913472070098576,0.4203125,0.5682291666666667,0.4487856388595564,0.8446655610834716,0.8394614189539099,0.0865033871808234,83.31007876926107,43.248347309197165,64.6725599971514,1.0,67.2979235419992,ok,33.0,Other,concentration_guard_keyword_v1,False,21.0,research_candidate,True,34.0,1.0,unchanged,68.03464286181195,UNKNOWN,1.7.0,66
3284.T,3284,"Hoosiers Holdings Co.,Ltd.",JP,Prime Market (Domestic),JPX,3284,TSE,3284,"Hoosiers Holdings Co.,Ltd.",1333.0,146800.0,181923.3333333333,53855419090.0,6.783863463678849,1.0666937333199569,5.55138784696174,17.7532830430413,2.41322168528554,22.1641827476306,10.345284505785,5.60503246413602,55.62755057740731,34.13499805448797,7.5,10.714285714285714,0.9848484848484848,3.735408560311284,1.5098980830237976,0.389732,3284,TSE:3284,TSE,242503803.3333333,ok,7,ok,2026-08-23T02:29:50.368137+00:00,,TradingView scanner close; exact exchange timestamp unavailable,TradingView scanner (unofficial/undocumented),TradingView scanner (unofficial/undocumented),True,0.7634350526600054,0.7122603294625979,0.5911423170402377,0.4709694842019983,0.6588267099216004,0.8009721847150959,0.389732,0.5754793410748043,63.44517958412098,68.822576289495,65.88267099216004,65.15515247167035,0.1474086271567891,0.9632925472747496,0.9819494584837544,0.8028242677824268,0.2979189485213581,0.6046875,0.4223958333333333,0.9736008447729672,0.6346047540077391,0.6768513723459347,0.0510682647212089,87.40311260348129,43.57789628716654,80.4102799390353,1.0,68.66747159151143,ok,21.0,Other,concentration_guard_keyword_v1,False,12.0,research_candidate,True,25.0,4.0,unchanged,67.85843322844931,UNKNOWN,1.7.0,67
296A.T,296A,"Reiwa Accounting Holdings Co.,Ltd.",JP,Growth Market(Domestic),JPX,296A,TSE,296A,"Reiwa Accounting Holdings Co., Ltd.",1087.0,586000.0,150830.0,40762500000.0,26.51342379280991,18.03205126610049,3.40386384544618,65.8252089547087,0.0016574186226084,59.2171096720318,36.6728746214604,25.8862271430176,,,20.509977827051,43.403693931398415,61.99701937406856,68.00618238021639,3.695430082588584,0.23417687,296A,TSE:296A,TSE,163952210.0,ok,5,ok,2026-08-23T02:29:50.368137+00:00,,TradingView scanner close; exact exchange timestamp unavailable,TradingView scanner (unofficial/undocumented),TradingView scanner (unofficial/undocumented),True,0.9503105590062112,0.9735349716446124,0.980016203078585,0.9111531190926276,0.6066504460665044,0.2341344855522549,0.23417687,0.7464218201458277,95.37537132055093,49.02781528490413,60.66504460665044,78.58193330455414,0.0377167433302667,0.1601779755283648,0.7663744198040227,0.9968619246861924,0.8718510405257394,0.9713541666666666,0.9510416666666668,,,0.0067322630761263,0.9244398124022928,31.10948861361713,94.31097221895118,,0.8,66.2694914987004,ok,47.0,Other,concentration_guard_keyword_v1,False,33.0,research_candidate,True,62.0,15.0,rank_up,67.7409919812053,UNKNOWN,1.7.0,68
166A.T,166A,TASUKI Holdings Inc.,JP,Prime Market (Domestic),JPX,166A,TSE,166A,TASUKI Holdings Inc.,1149.0,296100.0,623010.0,70934116184.0,10.444229722150766,2.19651461114255,4.52567449956484,22.6270671020356,2.3439648888334803,21.3648370903129,13.5507835136345,6.99201499544126,45.073210947433815,148.87656717295798,5.801104972375691,32.52595155709343,37.27598566308244,54.22818791946309,3.7767877511102497,0.577171,166A,TSE:166A,TSE,715838490.0,ok,7,ok,2026-08-23T02:29:50.368137+00:00,,TradingView scanner close; exact exchange timestamp unavailable,TradingView scanner (unofficial/undocumented),TradingView scanner (unofficial/undocumented),True,0.698352687010532,0.9495004050769646,0.944909532811234,0.8768566027545234,0.7977831846444985,0.2200918174453145,0.577171,0.4161490683229814,86.74048069133136,31.8120442884148,79.77831846444985,71.96404725656998,0.0957466492602262,0.7931034482758621,0.929860752965446,0.8865062761506276,0.2798466593647316,0.734375,0.525,0.9630411826821542,0.9176340519624102,0.30864836872087,0.0541948931735278,67.72041899873928,49.59845657377774,94.0337617322282,1.0,65.91934998653683,ok,50.0,Other,concentration_guard_keyword_v1,False,36.0,research_candidate,True,48.0,-2.0,unchanged,67.66657400231111,UNKNOWN,1.7.0,69
8935.T,8935,"FJ NEXT HOLDINGS CO.,LTD.",JP,Prime Market (Domestic),JPX,8935,TSE,8935,FJ NEXT HOLDINGS CO. LTD.,2038.0,48600.0,58326.66666666666,66612732491.0,5.625467523828188,0.7969358154189976,3.23846908734053,15.0425985090522,0.186253089294029,19.6756134360359,11.292649355462,7.85158421345192,25.89537877083802,54.08534725887654,11.732456140350877,14.49438202247191,9.276139410187668,39.58904109589041,2.4476675873602884,1.0928596,8935,TSE:8935,TSE,118869746.66666666,ok,7,ok,2026-08-23T02:29:50.368137+00:00,,TradingView scanner close; exact exchange timestamp unavailable,TradingView scanner (unofficial/undocumented),TradingView scanner (unofficial/undocumented),True,0.8703753713205509,0.79530110721037,0.7493923845530651,0.8179854172292735,0.5758313057583131,0.5079665136375912,1.0928596,0.159060221442074,80.82635700783149,33.351336753983254,57.58313057583131,65.4711179795694,0.1777630029440628,0.9810901001112348,0.7323362558019598,0.7301255230125523,0.2415115005476451,0.6473958333333333,0.5833333333333334,0.9002111932418163,0.7512437810945274,0.8549974106680476,0.5695674830640959,85.61412555270807,55.4386734658192,82.57274871681719,1.0,68.90440356226748,ok,18.0,Other,concentration_guard_keyword_v1,False,11.0,research_candidate,True,20.0,2.0,unchanged,67.52275708347496,UNKNOWN,1.7.0,70
4763.T,4763,"CREEK & RIVER Co.,Ltd.",JP,Prime Market (Domestic),JPX,4763,TSE,4763,"CREEK & RIVER Co., Ltd.",1512.0,33100.0,63530.0,33704448212.000004,6.893734361435939,1.641256089323322,3.30687830687831,26.2893990668378,0.5908485154162311,37.2822261619999,8.82138296538717,7.19601127468443,26.002348739951287,101.96393317028613,0.9345794392523364,16.307692307692307,2.5780189959294435,-1.0471204188481675,1.972898303128972,0.124587305,4763,TSE:4763,TSE,96057360.0,ok,7,ok,2026-08-23T02:29:50.368137+00:00,,TradingView scanner close; exact exchange timestamp unavailable,TradingView scanner (unofficial/undocumented),TradingView scanner (unofficial/undocumented),True,0.4075074264110181,0.8258169052119902,0.6308398595733189,0.3707804482851742,0.5498783454987834,0.660005401026195,0.124587305,0.8771266540642723,55.873615987037525,76.85660275452337,54.98783454987834,60.98649546333511,0.1450592592592592,0.9599555061179088,0.7452294997421351,0.9215481171548116,0.6440306681270537,0.5208333333333334,0.5401041666666667,0.9007391763463568,0.8756218905472637,0.4256861729673744,0.3032829598749348,71.02903929424728,58.595984903136,88.81805334468102,1.0,70.07939952951615,ok,16.0,Other,concentration_guard_keyword_v1,False,9.0,research_candidate,True,16.0,0.0,unchanged,67.44970990675264,UNKNOWN,1.7.0,71
CMII,CMII,Columbus Circle Capital Corp II - Class A Ordinary Shares,US,NASDAQ,Nasdaq Trader,CMII,NASDAQ,CMII,Columbus Circle Capital Corp II,10.04,599825.0,102968.33333333331,314569945.0,,1.3510513036164842,0.0,,0.0,,,,,,-0.049776007964169,1.414141414141402,2.0325203252032447,2.0325203252032447,0.1802106145975091,-0.0021640884,CMII,NASDAQ:CMII,NASDAQ,1033802.0666666664,ok,2,partial,2026-08-23T02:29:50.368137+00:00,,TradingView scanner close; exact exchange timestamp unavailable,TradingView scanner (unofficial/undocumented),TradingView scanner (unofficial/undocumented),True,0.4424583249648524,0.4966860815424784,0.5164691705161679,0.4870455914842337,0.2583063209076175,0.987346856798554,0.0021640884,0.9985898468976632,48.56647921269332,99.29683518481085,25.830632090761757,57.83869113743297,,,0.2714160839160839,,,,,,,0.76125,0.9848250232270052,51.6333041958042,98.48250232270053,,0.8,74.63556098656476,fundamental_partial,72.0,Other,concentration_guard_keyword_v1,False,27.0,research_candidate,True,,,new_entry,67.31064192122048,UNKNOWN,1.7.0,72
9757.T,9757,Funai Soken Holdings Incorporated,JP,Prime Market (Domestic),JPX,9757,TSE,9757,Funai Soken Holdings Incorporated,1160.0,284300.0,406543.3333333333,112380354309.0,13.318438114614343,3.883921505812439,3.92241379310345,31.0162288284782,0.0102828556495773,40.3812260998598,25.9884016115052,23.7253617647534,5.654935558828703,74.13121623728964,3.571428571428572,7.308048103607771,2.383053839364519,-9.972836631742336,1.7243932502612176,0.15058571,9757,TSE:9757,TSE,471590266.6666666,ok,7,ok,2026-08-23T02:29:50.368137+00:00,,TradingView scanner close; exact exchange timestamp unavailable,TradingView scanner (unofficial/undocumented),TradingView scanner (unofficial/undocumented),True,0.5850661625708885,0.6108560626519038,0.6267890899270862,0.2454766405617067,0.7469586374695864,0.7415608965703484,0.15058571,0.8482311639211451,51.70469889278964,79.48960302457468,74.69586374695864,62.09959965386125,0.0750838793103448,0.5956618464961068,0.8643630737493554,0.9518828451882844,0.6998904709748083,0.9203125,0.9354166666666668,0.4202745512143611,0.8214483139856275,0.1310201967892283,0.8806670140698281,53.034837234489686,87.76338993799175,62.08614325999943,1.0,67.29593073272488,ok,34.0,Other,concentration_guard_keyword_v1,False,22.0,research_candidate,True,35.0,1.0,unchanged,67.20653353043619,UNKNOWN,1.7.0,73
5351.T,5351,"SHINAGAWA REFRA CO.,LTD.",JP,Prime Market (Domestic),JPX,5351,TSE,5351,"SHINAGAWA REFRA CO., LTD",2067.0,95000.0,124010.0,97290693077.0,3.253250181077133,0.856195733883596,4.35413642960813,29.2953533842944,0.456647241435652,22.9531016542873,6.69454267932195,15.5819028065914,25.318749115988982,236.0460399205165,0.0,7.993730407523511,-14.868204283360791,8.61797162375197,1.751068931757584,0.6067114,5351,TSE:5351,TSE,256328670.0,ok,7,ok,2026-08-23T02:29:50.368137+00:00,,TradingView scanner close; exact exchange timestamp unavailable,TradingView scanner (unofficial/undocumented),TradingView scanner (unofficial/undocumented),True,0.3349986497434513,0.6351606805293005,0.1906562246826897,0.5476640561706724,0.6661259799945931,0.7350796651363759,0.6067114,0.3940048609235754,42.71199027815285,56.45422630299757,66.61259799945931,49.73264044256,0.3073849056603773,0.9955506117908788,0.9123259412068075,0.940899581589958,0.3253012048192771,0.3890625,0.8515625,0.8954593453009504,0.9480375898286346,0.8120145002589332,0.3611255862428348,90.66303510855398,57.3590274530414,92.17484675647924,1.0,70.31541747886726,ok,15.0,Other,concentration_guard_keyword_v1,False,8.0,research_candidate,True,15.0,0.0,unchanged,67.10243132681711,UNKNOWN,1.7.0,74
6741.T,6741,"Nippon Signal Company,Limited",JP,Prime Market (Domestic),JPX,6741,TSE,6741,"Nippon Signal Company, Limited",1806.0,210100.0,240970.0,112643249382.0,8.333352559414358,0.9954296824862068,3.10077519379845,12.5795118773412,0.0003888334113945,26.4320901951273,11.4316301865962,11.3053369353395,10.433465414207468,66.85658015593951,12.243629583592291,14.15929203539823,7.5,48.27586206896552,3.52105330601877,0.96918684,6741,TSE:6741,TSE,435191820.0,ok,7,ok,2026-08-23T02:29:50.368137+00:00,,TradingView scanner close; exact exchange timestamp unavailable,TradingView scanner (unofficial/undocumented),TradingView scanner (unofficial/undocumented),True,0.877396705374021,0.7907102349446394,0.724007561436673,0.857412908452606,0.7361449040281157,0.2627599243856332,0.96918684,0.2100999189846071,81.23818525519849,23.642992168512016,73.61449040281157,65.69583275566883,0.1199997231450719,0.9098998887652948,0.702423929860753,0.6333682008368201,0.4145673603504929,0.6578125,0.7505208333333333,0.6272439281942978,0.7982310668877833,0.723459347488348,0.9359041167274622,77.85943887047986,67.84346022496217,71.27374975410406,1.0,66.4126513382379,ok,45.0,Other,concentration_guard_keyword_v1,False,32.0,research_candidate,True,42.0,-3.0,unchanged,66.98717719880167,UNKNOWN,1.7.0,75
APUR,APUR,Aperture AC - Class A Ordinary Shares,US,NASDAQ,Nasdaq Trader,APUR,NASDAQ,APUR,Aperture AC,9.98,298822.0,127582.46666666666,147041357.94,,1.4264907042261574,0.0,,0.0,,,,,,0.4024144869215385,0.7063572149344125,0.7063572149344125,0.7063572149344125,0.0154930668525829,-0.025334343,APUR,NASDAQ:APUR,NASDAQ,1273273.0173333334,ok,2,partial,2026-08-23T02:29:50.368137+00:00,,TradingView scanner close; exact exchange timestamp unavailable,TradingView scanner (unofficial/undocumented),TradingView scanner (unofficial/undocumented),True,0.4629443663386222,0.4760996183972685,0.4906607752560755,0.468768829082145,0.2789708265802269,0.9987949387427194,0.025334343,0.9776390008058018,47.46183972685279,98.82169697742609,27.897082658022693,57.3670904791716,,,0.2714160839160839,,,,,,,0.733125,0.9848250232270052,50.2270541958042,98.48250232270053,,0.8,73.899899544085,fundamental_partial,85.0,Other,concentration_guard_keyword_v1,False,36.0,research_candidate,True,,,new_entry,66.87910830763256,UNKNOWN,1.7.0,76
7979.T,7979,SHOFU INC.,JP,Prime Market (Domestic),JPX,7979,TSE,7979,Shofu Inc.,2339.0,81000.0,99666.66666666669,83462917530.0,13.510079131288627,1.6312727668559297,2.35143223599829,13.1873526053505,0.0257764218102167,59.7805019866266,13.7489097780793,14.9699583292955,6.5269569256974735,52.40504724530055,8.136846971798429,30.088987764182423,29.512735326688816,15.563241106719367,2.9408245522009366,0.17408437,7979,TSE:7979,TSE,233120333.3333333,ok,7,ok,2026-08-23T02:29:50.368137+00:00,,TradingView scanner close; exact exchange timestamp unavailable,TradingView scanner (unofficial/undocumented),TradingView scanner (unofficial/undocumented),True,0.7820685930326762,0.9384283013772616,0.9170942479071024,0.6392114501755334,0.6531494998648283,0.3813124493653794,0.17408437,0.8196057250877666,81.92006481231434,60.0459087226573,65.31494998648283,73.96075856602535,0.0740188114578879,0.5878754171301446,0.4992264053635895,0.6563807531380753,0.8740416210295728,0.7401041666666667,0.8359375,0.4614572333685322,0.7451630735212825,0.4272397721387881,0.8223032829598749,50.47805315441741,78.5753464758838,60.33101534449074,1.0,65.62444900671919,ok,55.0,Other,concentration_guard_keyword_v1,False,41.0,research_candidate,True,53.0,-2.0,unchanged,66.7827264972436,UNKNOWN,1.7.0,77
6070.T,6070,"CAREERLINK CO.,LTD.",JP,Prime Market (Domestic),JPX,6070,TSE,6070,"Careerlink Co., Ltd.",2655.0,51300.0,32616.666666666668,31422388458.0,10.526557851265885,2.009363193524895,4.51977401129944,20.3368533780354,0.0337756706509843,23.3256393239087,9.88391497879599,6.61583345121118,12.809456862384485,57.78966149749883,11.648444070647605,20.95671981776765,-4.151624548736463,10.855949895615868,1.9017154110004852,0.2686949,6070,TSE:6070,TSE,86597250.0,ok,7,ok,2026-08-23T02:29:50.368137+00:00,,TradingView scanner close; exact exchange timestamp unavailable,TradingView scanner (unofficial/undocumented),TradingView scanner (unofficial/undocumented),True,0.8687550634620578,0.8868485012152308,0.4407237375101269,0.5792600594112881,0.534198432008651,0.6864704293815824,0.2686949,0.7107750472589792,69.38968403996759,69.86227383202808,53.4198432008651,67.11235536211734,0.0949978154425612,0.7842046718576196,0.928829293450232,0.8519874476987448,0.3373493975903614,0.578125,0.4994791666666666,0.7027455121436114,0.7661691542288557,0.3485240807871569,0.7998957790515894,68.71860153650027,61.33673582014725,73.44573331862335,1.0,68.09077468368591,ok,28.0,Other,concentration_guard_keyword_v1,False,18.0,research_candidate,True,38.0,10.0,unchanged,66.72718967200726,UNKNOWN,1.7.0,78
5076.T,5076,INFRONEER Holdings Inc.,JP,Prime Market (Domestic),JPX,5076,TSE,5076,INFRONEER Holdings Inc.,2755.0,1225000.0,1808730.0,682807471390.0,5.609314026705628,1.2473522571355238,4.3557168784029,24.5277882605359,0.927057355662177,14.5981074618259,6.13838611548043,11.6472685128136,44.23373147436091,279.7975845627298,-2.992957746478873,15.804960067255148,4.693140794223827,94.83734087694484,3.24906975270144,0.91085887,5076,TSE:5076,TSE,4983051150.0,ok,7,ok,2026-08-23T02:29:50.368137+00:00,,TradingView scanner close; exact exchange timestamp unavailable,TradingView scanner (unofficial/undocumented),TradingView scanner (unofficial/undocumented),True,0.1812044288414799,0.8163651093707804,0.6721577099648933,0.948690251147718,0.9302514193025142,0.3140696732379152,0.91085887,0.2371050499594923,65.4604374831218,27.558736159870374,93.02514193025142,60.11971781937838,0.1782749183303085,0.9816462736373748,0.9128416709644146,0.9053347280334728,0.1199342825848849,0.3526041666666666,0.7630208333333334,0.9598732840549102,0.9596462133775566,0.5737959606421543,0.1954142782699323,82.27613017479813,46.7261657777658,95.97597487162336,1.0,65.39864500891449,ok,60.0,Other,concentration_guard_keyword_v1,False,45.0,research_candidate,True,55.0,-5.0,unchanged,66.72526753488634,UNKNOWN,1.7.0,79
8704.T,8704,"TRADERS HOLDINGS CO.,LTD.",JP,Standard Market(Domestic),JPX,8704,TSE,8704,TRADERS HOLDINGS CO LTD,1383.0,116400.0,88360.0,40833770868.0,8.072838837417812,1.7627588851364515,2.89226319595083,24.2523512628131,0.0570130936850751,96.2884561106407,48.3206322325713,32.3878069432684,9.588617383235386,15.034856565000007,11.44238517324738,21.95767195767196,23.15227070347284,48.39055793991416,3.341579722041802,0.9142655,8704,TSE:8704,TSE,122201880.0,ok,7,ok,2026-08-23T02:29:50.368137+00:00,,TradingView scanner close; exact exchange timestamp unavailable,TradingView scanner (unofficial/undocumented),TradingView scanner (unofficial/undocumented),True,0.8630839859573319,0.8973805022954361,0.8844180394274912,0.8576829597623549,0.5785347391186807,0.2967863894139886,0.9142655,0.2362948960302457,87.56413718606537,26.65406427221172,57.85347391186807,67.88001946647236,0.1238721619667389,0.9204671857619576,0.6508509541000516,0.9032426778242678,0.9950711938663744,0.9911458333333332,0.9744791666666668,0.5950369588173179,0.4378109452736318,0.3961677887105127,0.7519541427826993,65.58286428575073,92.31786028946682,51.64239520454748,1.0,66.93639040345546,ok,39.0,Other,concentration_guard_keyword_v1,False,26.0,research_candidate,True,39.0,0.0,unchanged,66.62278866495727,UNKNOWN,1.7.0,80
4293.T,4293,"SEPTENI HOLDINGS CO.,LTD.",JP,Standard Market(Domestic),JPX,4293,TSE,4293,"Septeni Holdings Co., Ltd.",511.0,173300.0,458263.3333333333,107141602982.0,18.504435994930294,1.600294278772579,5.28375733855186,8.79020025311131,0.0012615094221945,76.6208478599182,16.6410883722017,18.0210817884926,7.630496074998412,69.81932674923439,0.0,3.861788617886179,26.799007444168733,24.330900243309003,2.731098567864724,0.0909911,4293,TSE:4293,TSE,234172563.3333333,ok,7,ok,2026-08-23T02:29:50.368137+00:00,,TradingView scanner close; exact exchange timestamp unavailable,TradingView scanner (unofficial/undocumented),TradingView scanner (unofficial/undocumented),True,0.3349986497434513,0.4793410748042128,0.9025114771806644,0.7267080745341615,0.6536901865369019,0.4318120442884148,0.0909911,0.9127734269511208,61.088981906562246,67.22927356197678,65.36901865369019,63.26606033248507,0.0540410958904109,0.3225806451612903,0.9747292418772564,0.4084728033472803,0.9512595837897044,0.80625,0.8786458333333333,0.5174234424498416,0.8076285240464345,0.4391506991196271,0.928608650338718,57.88201953860579,79.46473741618072,66.2525983248138,1.0,66.83494722394025,ok,41.0,Other,concentration_guard_keyword_v1,False,28.0,research_candidate,True,41.0,0.0,unchanged,66.24633042065736,UNKNOWN,1.7.0,81
6809.T,6809,TOA CORPORATION,JP,Prime Market (Domestic),JPX,6809,TSE,6809,Toa Corporation,1692.0,83700.0,91216.66666666669,58705514374.0,13.87861299175978,1.014628259005307,5.31914893617021,7.38804768803917,0.0705853886171555,45.1035648865718,9.25919402564464,6.87086092715232,11.706606854759375,46.86794507609981,4.315659679408138,9.372979961215256,-6.052193225985564,48.42105263157895,1.6734834301679178,0.30127227,6809,TSE:6809,TSE,154338600.0,ok,7,ok,2026-08-23T02:29:50.368137+00:00,,TradingView scanner close; exact exchange timestamp unavailable,TradingView scanner (unofficial/undocumented),TradingView scanner (unofficial/undocumented),True,0.6267890899270862,0.6775587361598704,0.3810423980556305,0.8584931136916014,0.6017842660178426,0.7577639751552795,0.30127227,0.6735079665136376,63.59708344585471,71.56359708344586,60.17842660178426,65.07591332864193,0.0720533096926713,0.560622914349277,0.9762764311500772,0.3122384937238494,0.7568455640744798,0.5515625,0.5161458333333333,0.6694825765575502,0.7097844112769486,0.7068876229932677,0.7290255341323606,74.79289894975408,57.31635850528046,68.96334939172493,1.0,67.09408632149871,ok,37.0,Other,concentration_guard_keyword_v1,False,24.0,research_candidate,True,31.0,-6.0,unchanged,66.23815281163189,UNKNOWN,1.7.0,82
6418.T,6418,"JAPAN CASH MACHINE CO.,LTD.",JP,Prime Market (Domestic),JPX,6418,TSE,6418,"Japan Cash Machine Co., Ltd.",1235.0,140900.0,145323.33333333334,36642454805.0,5.400720329273391,0.9024286803672148,3.23886639676113,18.3146182447442,0.234374924232244,41.4230607094702,10.7536825182339,18.1239811038258,-3.1078651075303063,227.1363275466192,13.92988929889299,30.27426160337553,1.8976897689768977,26.40736949846469,2.8683418154812226,0.73580366,6418,TSE:6418,TSE,179474316.6666667,ok,7,ok,2026-08-23T02:29:50.368137+00:00,,TradingView scanner close; exact exchange timestamp unavailable,TradingView scanner (unofficial/undocumented),TradingView scanner (unofficial/undocumented),True,0.903051579800162,0.9400486092357548,0.6149068322981367,0.740480691331353,0.6155717761557178,0.3977855792600594,0.73580366,0.3178503915743991,79.96219281663515,35.78179854172293,61.55717761557178,66.1563419677476,0.1851604858299595,0.985539488320356,0.7328519855595668,0.8153765690376569,0.712486308871851,0.6265625,0.88125,0.1003167898627244,0.9447208402432284,0.7809425168306576,0.5195414278269932,83.31113302368601,71.10433611473003,52.25188150529764,1.0,66.41584228941724,ok,43.0,Other,concentration_guard_keyword_v1,False,30.0,research_candidate,True,45.0,2.0,unchanged,66.23630215962051,UNKNOWN,1.7.0,83
9928.T,9928,"MIROKU JYOHO SERVICE CO.,LTD.",JP,Prime Market (Domestic),JPX,9928,TSE,9928,"Miroku Jyoho Service Co., Ltd.",1955.0,30200.0,33456.666666666664,54216884766.0,10.87998183516076,1.8068562032021356,3.0690537084399,18.1189578895625,0.1554368962005,61.3791305742701,14.021896053898,11.0863811357074,7.088102037748814,32.963594952220134,8.190370780298839,12.810155799192152,10.953461975028375,4.545454545454546,2.13540254299696,0.09623102,9928,TSE:9928,TSE,65407783.33333333,ok,7,ok,2026-08-23T02:29:50.368137+00:00,,TradingView scanner close; exact exchange timestamp unavailable,TradingView scanner (unofficial/undocumented),TradingView scanner (unofficial/undocumented),True,0.7831487982716716,0.764245206589252,0.7696462327842291,0.4862273832028085,0.4977020816436875,0.6076154469349176,0.09623102,0.906832298136646,70.08169052119904,75.72238725357818,49.77020816436875,68.44514235076927,0.0919119181585677,0.7580645161290323,0.6936565239814337,0.8106694560669456,0.884446878422782,0.7479166666666667,0.74375,0.4904963041182682,0.6263128800442234,0.3863283272915587,0.6149035956227202,61.26831224673416,76.03373193558228,55.840459208124585,1.0,67.3642145534206,ok,32.0,Other,concentration_guard_keyword_v1,False,20.0,research_candidate,True,33.0,1.0,unchanged,66.18819472639538,UNKNOWN,1.7.0,84
6138.T,6138,"DIJET INDUSTRIAL CO.,LTD.",JP,Standard Market(Domestic),JPX,6138,TSE,6138,"Dijet Industrial Co., Ltd.",2083.0,52500.0,31416.666666666668,6190577922.0,5.751355351204043,0.6139385146030271,2.64042246759482,11.9363372866507,0.546411605983836,40.262284662125,10.3916715558472,10.9202104008343,9.483466265694007,185.29190045459168,73.00664451827242,106.85203574975174,74.45561139028476,104.41609421000982,5.984945674787396,1.1634985,6138,TSE:6138,TSE,65440916.66666667,ok,7,ok,2026-08-23T02:29:50.368137+00:00,,TradingView scanner close; exact exchange timestamp unavailable,TradingView scanner (unofficial/undocumented),TradingView scanner (unofficial/undocumented),True,0.998109640831758,0.9991898460707536,0.9862273832028086,0.956251687820686,0.4979724249797242,0.0580610315960032,1.1634985,0.1371860653524169,98.49446394815016,9.762354847421012,49.79724249797243,69.0068534554412,0.1738720595295247,0.9799777530589544,0.5786487880350696,0.6009414225941423,0.6982475355969332,0.609375,0.7385416666666667,0.5918690601900739,0.9358761746821448,0.9466597617814604,0.3199583116206357,83.50954342918281,59.34127872956756,76.38726174361094,1.0,67.22868070774545,ok,36.0,Other,concentration_guard_keyword_v1,False,23.0,research_candidate,True,32.0,-4.0,unchanged,66.17122395983215,UNKNOWN,1.7.0,85
9692.T,9692,COMPUTER ENGINEERING & CONSULTING LTD.,JP,Prime Market (Domestic),JPX,9692,TSE,9692,Computer Engineering & Consulting Ltd.,2395.0,74500.0,110426.66666666669,77984647636.0,13.530920554570004,1.7529445479450243,3.34029227557411,13.4967978042086,0.0082078701749448,25.5571326143896,11.5143179057959,8.09470157006775,20.971008785563544,44.30589242402626,7.254814151365876,21.635347892331133,19.51097804391217,1.8715440238196512,2.022248433375779,0.44680166,9692,TSE:9692,TSE,264471866.6666667,ok,7,ok,2026-08-23T02:29:50.368137+00:00,,TradingView scanner close; exact exchange timestamp unavailable,TradingView scanner (unofficial/undocumented),TradingView scanner (unofficial/undocumented),True,0.7574939238455306,0.893869835268701,0.8560626519038618,0.433162300837159,0.6712625033792917,0.6462327842290034,0.44680166,0.519308668647043,73.51471779638132,58.27707264380232,67.12625033792918,68.74703638946875,0.0739048016701461,0.5873192436040044,0.7514182568334193,0.674163179916318,0.395947426067908,0.6604166666666667,0.5984375,0.8421330517423442,0.6959646213377557,0.3972035214914552,0.890568004168838,57.86470073096264,64.3906555363946,76.90488365400499,1.0,65.71358436366785,ok,53.0,Other,concentration_guard_keyword_v1,False,39.0,research_candidate,True,49.0,-4.0,unchanged,66.14393329121174,UNKNOWN,1.7.0,86
7033.T,7033,"Management Solutions Co.,Ltd.",JP,Prime Market (Domestic),JPX,7033,TSE,7033,"Management Solutions Co., Ltd.",1707.0,106800.0,98660.0,28660062721.0,12.577717324829312,4.100918437561126,1.87463386057411,34.7267395322355,0.0778691367484375,40.9139384537825,12.9436691443605,8.76186928742468,34.63977616954813,38.621144708511565,23.695652173913043,23.695652173913043,19.873595505617978,15.885947046843178,3.037084588080592,0.21312307,7033,TSE:7033,TSE,168412620.0,ok,7,ok,2026-08-23T02:29:50.368137+00:00,,TradingView scanner close; exact exchange timestamp unavailable,TradingView scanner (unofficial/undocumented),TradingView scanner (unofficial/undocumented),True,0.963273021874156,0.9089927086146368,0.8603834728598434,0.6451525789900081,0.6088131927547986,0.3613286524439644,0.21312307,0.7704563867134755,84.44504455846611,56.58925195787199,60.88131927547986,73.94653761586964,0.0795056824838898,0.646273637374861,0.3790613718411552,0.9618200836820084,0.7086527929901424,0.7192708333333333,0.6520833333333333,0.937170010559662,0.6650082918739635,0.1180735370274469,0.7154768108389786,38.11361820811543,75.14607708355592,80.10891512168128,1.0,65.49185132470481,ok,59.0,Other,concentration_guard_keyword_v1,False,44.0,research_candidate,True,,,new_entry,66.13380495950848,UNKNOWN,1.7.0,87
9746.T,9746,TKC Corporation,JP,Prime Market (Domestic),JPX,9746,TSE,9746,TKC Corporation,4035.0,55100.0,94910.0,196510275192.0,14.208201741675524,1.808115489099676,2.85006195786865,13.1964581014288,0.0083872535344354,69.6080901929419,21.5106660385007,15.7815735556749,14.361788770690024,32.927408075879654,11.15702479338843,16.115107913669064,0.0,-10.532150776053214,2.3931360051470576,0.29490352,9746,TSE:9746,TSE,382961850.0,ok,7,ok,2026-08-23T02:29:50.368137+00:00,,TradingView scanner close; exact exchange timestamp unavailable,TradingView scanner (unofficial/undocumented),TradingView scanner (unofficial/undocumented),True,0.8560626519038618,0.8223062381852552,0.5667026735079665,0.2403456656764785,0.7177615571776156,0.5203888738860383,0.29490352,0.6807993518768566,62.13543073183905,60.05941128814474,71.77615571776155,63.062534618803845,0.0703818835192069,0.5444938820912124,0.6384734399174833,0.6574267782426778,0.9266155531215772,0.8796875,0.8557291666666667,0.7365364308342133,0.6246545052515202,0.3858104609010875,0.8900468994267848,52.29259276365944,84.19011794915411,68.05954680428667,1.0,66.06181334205829,ok,49.0,Other,concentration_guard_keyword_v1,False,35.0,research_candidate,True,52.0,3.0,unchanged,66.1190875745714,UNKNOWN,1.7.0,88
2674.T,2674,"HARD OFF CORPORATION Co.,Ltd.",JP,Prime Market (Domestic),JPX,2674,TSE,2674,"Hard Off Corporation Co., Ltd.",2725.0,55700.0,81933.33333333333,37823057485.0,11.044013941801088,1.907201055770513,3.11926605504587,18.2975270369949,0.3322113700374129,67.9261474654968,8.73672788463164,8.19572258490796,23.51447590442436,56.51900316032129,-5.019170442662949,13.683771380892782,29.085741354808142,52.57558790593505,3.765285568820119,0.122664146,2674,TSE:2674,TSE,223268333.3333333,ok,7,ok,2026-08-23T02:29:50.368137+00:00,,TradingView scanner close; exact exchange timestamp unavailable,TradingView scanner (unofficial/undocumented),TradingView scanner (unofficial/undocumented),True,0.1285444234404537,0.7796381312449365,0.9143937348096138,0.871995679179044,0.6461205731278724,0.2214420739940589,0.122664146,0.8798271671617608,67.36429921685121,55.06346205779098,64.61205731278724,63.87625364147656,0.0905467889908256,0.7474972191323693,0.7070654976792161,0.8148535564853556,0.9178532311062432,0.5171875,0.6083333333333333,0.8743400211193242,0.7611940298507462,0.3676851372345935,0.4434601354872329,60.74159513487264,66.0337551282433,81.77670254850352,1.0,66.41334226667601,ok,44.0,Other,concentration_guard_keyword_v1,False,31.0,research_candidate,True,43.0,-1.0,unchanged,65.81516031821633,UNKNOWN,1.7.0,89
4507.T,4507,"Shionogi & Co.,Ltd.",JP,Prime Market (Domestic),JPX,4507,TSE,4507,"Shionogi & Co., Ltd.",2919.0,2335100.0,2663529.9999999944,2567347799194.0,9.42910469697978,1.401612540102072,2.43233984241178,16.7275723623464,0.3860257233492939,78.2733138496394,29.2718827569309,46.7859007183872,27.866812876450464,47.04395358027693,1.4951321279554937,-1.1681056373793803,-18.961687951138256,11.2,2.4539308822560737,0.43303645,4507,TSE:4507,TSE,7774844069.999984,ok,7,ok,2026-08-23T02:29:50.368137+00:00,,TradingView scanner close; exact exchange timestamp unavailable,TradingView scanner (unofficial/undocumented),TradingView scanner (unofficial/undocumented),True,0.4472049689440994,0.2876046448825277,0.1398865784499054,0.5843910342965163,0.9529602595296026,0.506346205779098,0.43303645,0.5293005671077504,36.47718066432623,51.78233864434242,95.29602595296026,49.126296952625374,0.1060546077423775,0.8592880978865406,0.5229499742135121,0.772489539748954,0.956736035049288,0.9421875,0.9927083333333332,0.9123548046462512,0.710889994472084,0.5126877265665458,0.4059405940594059,63.164193288886615,81.40124004381961,81.16223995591676,1.0,65.6127342206602,ok,56.0,Other,concentration_guard_keyword_v1,False,42.0,research_candidate,True,58.0,2.0,unchanged,65.6798121847414,UNKNOWN,1.7.0,90
6630.T,6630,YA-MAN LTD.,JP,Prime Market (Domestic),JPX,6630,TSE,6630,YA-MAN Ltd.,833.0,179500.0,91456.66666666669,45832667694.0,,1.882398753612488,1.5906362545018,,0.0041071135206177,,,,,,12.719891745602164,14.10958904109589,16.178521617852162,-0.3588516746411483,2.3395579689016763,0.055390842,6630,TSE:6630,TSE,76183403.33333334,ok,2,partial,2026-08-23T02:29:50.368137+00:00,,TradingView scanner close; exact exchange timestamp unavailable,TradingView scanner (unofficial/undocumented),TradingView scanner (unofficial/undocumented),True,0.8854982446664866,0.7888198757763976,0.8279773156899811,0.3840129624628679,0.5152743984860774,0.5368620037807184,0.055390842,0.9459897380502296,72.15770996489333,74.1425870915474,51.527439848607735,69.559388729114,,,0.3156266116554925,,,,,,,0.3718280683583636,0.9103699843668578,34.37273400069281,91.03699843668578,,0.8,66.62184708476343,fundamental_partial,42.0,Other,concentration_guard_keyword_v1,False,29.0,research_candidate,True,54.0,12.0,unchanged,65.6324947400556,UNKNOWN,1.7.0,91
5195.T,5195,"Bando Chemical Industries,Ltd.",JP,Prime Market (Domestic),JPX,5195,TSE,5195,Bando Chemical Industries Ltd.,2412.0,50200.0,58863.333333333336,101430551239.0,9.24750888519977,1.0486096114757053,4.97512437810945,12.1026118132928,0.052619753271348,30.4737934528576,8.57698530733653,8.71672087208067,6.09757154871208,397.2338511045532,6.30233583076245,10.9475620975161,3.9655172413793114,25.363825363825363,2.2497107866862827,0.9262664,5195,TSE:5195,TSE,141978360.0,ok,7,ok,2026-08-23T02:29:50.368137+00:00,,TradingView scanner close; exact exchange timestamp unavailable,TradingView scanner (unofficial/undocumented),TradingView scanner (unofficial/undocumented),True,0.7169862273832028,0.7180664326221983,0.6573048879287064,0.7339994598973805,0.5923222492565559,0.5660275452335943,0.9262664,0.2290035106670267,70.6589251957872,39.75155279503105,59.23222492565559,61.21807705507842,0.1081372305140961,0.8709677419354839,0.962867457452295,0.608786610878661,0.5153340635268346,0.509375,0.6494791666666667,0.4376979936642027,0.9734660033167496,0.68720870015536,0.7639395518499218,84.03479665143796,60.93828785844168,70.55819984904763,1.0,66.91648279590217,ok,40.0,Other,concentration_guard_keyword_v1,False,27.0,research_candidate,True,37.0,-3.0,unchanged,65.59608733031074,UNKNOWN,1.7.0,92
3633.T,3633,"GMO Pepabo,Inc.",JP,Standard Market(Domestic),JPX,3633,TSE,3633,"GMO Pepabo, Inc.",2404.0,46900.0,21433.33333333333,12720554152.0,7.986289096356704,3.757175909038084,2.78702163061564,54.7451693759056,0.121180871235933,53.8766013239271,7.93979055729461,14.5348190729066,-3.722464769034237,138.33008318943232,38.16091954022989,42.248520710059175,16.926070038910506,48.85448916408669,2.2446094917450097,0.3788259,3633,TSE:3633,TSE,51525733.33333333,ok,7,ok,2026-08-23T02:29:50.368137+00:00,,TradingView scanner close; exact exchange timestamp unavailable,TradingView scanner (unofficial/undocumented),TradingView scanner (unofficial/undocumented),True,0.9900081015392924,0.9719146637861192,0.8347285984337024,0.8598433702403456,0.4714787780481211,0.5681879557115852,0.3788259,0.5868214960842559,91.4123683499865,57.75047258979205,47.14787780481211,76.35722082816173,0.1252146006655574,0.9243604004449388,0.6193914388860238,0.9937238493723848,0.8329682365826944,0.4697916666666666,0.8307291666666666,0.0902851108764519,0.908236594803759,0.1372345934748834,0.6571130797290256,56.03288109352821,75.68651998034876,49.92608528401055,1.0,65.28949346623814,ok,63.0,Other,concentration_guard_keyword_v1,False,48.0,research_candidate,True,,,new_entry,65.4926253463243,UNKNOWN,1.7.0,93
4318.T,4318,"QUICK CO.,LTD.",JP,Prime Market (Domestic),JPX,4318,TSE,4318,"Quick Co., Ltd.",856.0,95400.0,123783.33333333331,48184906921.0,11.064420520363834,2.365428924663852,4.40030957943925,22.2219813270352,0.0049726504226752,67.1105864523849,13.6925328406895,12.5901242151668,5.006126388042427,29.112692463026068,11.31339401820546,14.899328859060402,-0.4651162790697674,10.451614007741949,2.024498960976109,0.49316975,4318,TSE:4318,TSE,105958533.33333331,ok,7,ok,2026-08-23T02:29:50.368137+00:00,,TradingView scanner close; exact exchange timestamp unavailable,TradingView scanner (unofficial/undocumented),TradingView scanner (unofficial/undocumented),True,0.8598433702403456,0.8012422360248447,0.5541452876046449,0.5738590332163112,0.5625844822925115,0.6451525789900081,0.49316975,0.4823116392114501,69.72724817715365,56.37321091007291,56.25844822925114,64.36841886819809,0.0903797897196261,0.746384872080089,0.9185146982980918,0.8807531380753139,0.911829134720701,0.7385416666666667,0.7869791666666667,0.3901795142555438,0.5953565505804311,0.2832729155877783,0.9056800416883792,64.93908286553197,84.47566295635455,49.27680324179875,1.0,66.12411596691537,ok,48.0,Other,concentration_guard_keyword_v1,False,34.0,research_candidate,True,47.0,-1.0,unchanged,65.3017457455139,UNKNOWN,1.7.0,94
3679.T,3679,"ZIGExN Co.,Ltd.",JP,Prime Market (Domestic),JPX,3679,TSE,3679,"ZIGExN Co., Ltd.",463.0,276200.0,252720.0,49273716690.0,10.84387859540154,2.061442748124911,2.37580993520518,20.2405048220026,0.235900654532413,80.6633849813341,20.0105718722125,14.0407677822194,16.258257796896604,11.48626948213871,11.83574879227053,15.75,7.674418604651163,-10.271317829457365,2.650394825405215,0.08373616,3679,TSE:3679,TSE,117009360.0,ok,7,ok,2026-08-23T02:29:50.368137+00:00,,TradingView scanner close; exact exchange timestamp unavailable,TradingView scanner (unofficial/undocumented),TradingView scanner (unofficial/undocumented),True,0.8717256278692952,0.8155549554415339,0.7272481771536592,0.2422360248447205,0.5728575290619087,0.4553065082365649,0.08373616,0.9187145557655956,66.41911963273023,68.70105320010802,57.28575290619087,65.61959801559377,0.0922179265658747,0.7602892102335929,0.5059308922124807,0.8488493723849372,0.9649507119386638,0.8614583333333333,0.8203125,0.7719112988384371,0.3902708678828082,0.3355774210253754,0.5174570088587807,53.39325078238163,80.2605585303143,58.10910833606226,1.0,65.30329992031217,ok,61.0,Other,concentration_guard_keyword_v1,False,46.0,research_candidate,True,,,new_entry,64.76468531012986,UNKNOWN,1.7.0,95
7595.T,7595,ARGO GRAPHICS Inc.,JP,Prime Market (Domestic),JPX,7595,TSE,7595,Argo Graphics Inc.,1346.0,121400.0,230776.66666666663,92322268570.0,4.889623825909049,1.9558444715963577,2.97176820208024,35.7170907980278,0.0,26.1188570454862,14.7780882008128,26.4464278331284,5.013573985579714,230.4433211332292,4.179566563467493,0.1488095238095238,-13.717948717948715,16.410810810810812,1.974866674898676,0.50403345,7595,TSE:7595,TSE,310625393.3333333,ok,7,ok,2026-08-23T02:29:50.368137+00:00,,TradingView scanner close; exact exchange timestamp unavailable,TradingView scanner (unofficial/undocumented),TradingView scanner (unofficial/undocumented),True,0.6194977045638671,0.3359438293275722,0.2092897650553605,0.6500135025654874,0.6901865369018654,0.6591952470969484,0.50403345,0.4712395355117472,45.368620037807176,56.52173913043479,69.01865369018654,51.70440485882098,0.2045147102526003,0.9894327030033372,0.6740587931923672,0.9654811715481172,0.4069003285870756,0.7661458333333333,0.9541666666666668,0.3907074973600845,0.9463792150359316,0.3593992749870534,0.9721208963001564,67.4296923727586,81.29629792870699,66.85433561980079,1.0,65.83591857456284,ok,52.0,Other,concentration_guard_keyword_v1,False,38.0,research_candidate,True,50.0,-2.0,unchanged,64.22719864940855,UNKNOWN,1.7.0,96
7744.T,7744,"Noritsu Koki Co.,Ltd.",JP,Prime Market (Domestic),JPX,7744,TSE,7744,"Noritsu Koki Co., Ltd.",2000.0,434600.0,360736.66666666674,213690750122.0,10.485768976489332,0.911504427803665,3.7,9.23856514201894,0.356840693355345,49.7152295640374,19.8482595077687,14.244690110824,33.1438322413447,76.2041970910811,-0.3487792725460887,-2.581587920116902,-8.508691674290942,23.45679012345679,2.926380212702659,0.65066296,7744,TSE:7744,TSE,721473333.3333335,ok,7,ok,2026-08-23T02:29:50.368137+00:00,,TradingView scanner close; exact exchange timestamp unavailable,TradingView scanner (unofficial/undocumented),TradingView scanner (unofficial/undocumented),True,0.3086686470429381,0.2452065892519578,0.3137996219281663,0.7196867404806914,0.7985942146526088,0.3842830137726167,0.65066296,0.365649473399946,39.68403996759384,37.49662435862814,79.85942146526088,45.16349329000248,0.09536735,0.7880978865406006,0.8292934502320783,0.4361924686192469,0.8055859802847755,0.859375,0.8255208333333334,0.934002111932418,0.8264234383637369,0.7747281201450026,0.4288692027097447,79.73731523058939,67.11086969894201,88.02127751480775,1.0,65.8934013842777,ok,51.0,Other,concentration_guard_keyword_v1,False,37.0,research_candidate,True,44.0,-7.0,unchanged,64.12007240696651,UNKNOWN,1.7.0,97
6927.T,6927,"Helios Techno Holding Co.,Ltd.",JP,Standard Market(Domestic),JPX,6927,TSE,6927,"Helios Techno Holding Co., Ltd.",964.0,28800.0,64643.333333333336,17479691093.0,9.663889133939096,1.102997494090382,9.43983402489627,11.5903240240908,0.130758812072265,37.3227821198036,14.7508089203118,11.7542398693783,85.9882919436663,704.6981760686657,1.795142555438226,1.4736842105263157,-29.94186046511628,13.947990543735225,2.1072612786977087,0.89318126,6927,TSE:6927,TSE,62316173.333333336,ok,7,ok,2026-08-23T02:29:50.368137+00:00,,TradingView scanner close; exact exchange timestamp unavailable,TradingView scanner (unofficial/undocumented),TradingView scanner (unofficial/undocumented),True,0.4712395355117472,0.3856332703213611,0.0540102619497704,0.6189576019443694,0.4933765882670992,0.6154469349176344,0.89318126,0.2438563327032136,38.24601674318121,42.9651633810424,49.33765882670993,41.08954971517581,0.1034780082987551,0.8414905450500556,0.998968540484786,0.5826359832635983,0.6451259583789705,0.765625,0.7661458333333333,0.9883843717001056,0.9872857932559423,0.6483687208700155,0.6409588327253778,82.9609268801619,68.0098321540256,98.7835082478024,1.0,69.6810684267409,ok,17.0,Other,concentration_guard_keyword_v1,False,10.0,research_candidate,True,17.0,0.0,unchanged,64.03942178247146,UNKNOWN,1.7.0,98
6675.T,6675,"SAXA,Inc.",JP,Standard Market(Domestic),JPX,6675,TSE,6675,"SAXA,Inc.",2160.0,30800.0,39876.66666666665,39592869873.0,2.342405201180616,0.7985611052783698,4.70678856481483,41.4916007075807,0.0307241825627533,29.1045448403225,3.60344128642854,36.1853069681546,-2.9761384494362377,322.4032479269867,8.651911468812877,7.196029776674938,-19.90111168355994,26.070040171206244,2.319709018779004,0.9053865,6675,TSE:6675,TSE,86133599.99999997,ok,7,ok,2026-08-23T02:29:50.368137+00:00,,TradingView scanner close; exact exchange timestamp unavailable,TradingView scanner (unofficial/undocumented),TradingView scanner (unofficial/undocumented),True,0.7965163381042398,0.6049149338374291,0.1288144747502025,0.7383202808533621,0.5333874020005407,0.5441533891439374,0.9053865,0.2398055630569808,56.71415068863084,39.19794761004592,53.33874020005407,51.82878834569809,0.4269116203703704,0.9977753058954394,0.9443011861784424,0.9806485355648537,0.4786418400876232,0.1828125,0.9848958333333332,0.1045406546990496,0.9646213377556662,0.8534438114966338,0.8071912454403335,93.1840101190172,68.68379908852287,53.45809962273579,1.0,65.54538697123368,ok,57.0,Other,concentration_guard_keyword_v1,False,43.0,research_candidate,True,56.0,-1.0,unchanged,62.94867308415684,UNKNOWN,1.7.0,99
5290.T,5290,Vertex Corporation,JP,Standard Market(Domestic),JPX,5290,TSE,5290,Vertex Corp.,1161.0,64100.0,61506.66666666666,61895923222.0,5.59151053621671,1.317302499423212,3.01464254952627,26.4918186475932,0.0918044309040984,31.5505660851584,13.8829004911715,22.377659153445,18.35901654673142,101.59539401824334,-12.968515742128936,-25.86206896551724,-32.30320699708455,-24.73257698541329,2.4575548136350576,0.16525792,5290,TSE:5290,TSE,71409240.0,ok,7,ok,2026-08-23T02:29:50.368137+00:00,,TradingView scanner close; exact exchange timestamp unavailable,TradingView scanner (unofficial/undocumented),TradingView scanner (unofficial/undocumented),True,0.0359168241965973,0.0261949770456386,0.0434782608695652,0.126113961652714,0.505271695052717,0.5058061031596004,0.16525792,0.8312179314069673,5.792600594112882,66.85120172832839,50.527169505271694,27.767436214340577,0.1788425495262704,0.982202447163515,0.6823104693140795,0.9236401673640168,0.5449069003285871,0.7432291666666667,0.9255208333333332,0.8072861668426611,0.8739635157545605,0.5463490419471777,0.6956748306409588,73.69539861415907,76.65943796667125,84.06248412986108,1.0,65.29777631954599,ok,62.0,Other,concentration_guard_keyword_v1,False,47.0,research_candidate,True,60.0,-2.0,unchanged,58.91925726424424,UNKNOWN,1.7.0,100
